"KEU_Code","KEU_Type","KEU_Description","PEU_Count","KEU_Summary","All_Phrases_Raw","n_tools_lost","tools_lost_list","compression_pct"
"K1_IZ_K01","Social Competences","Potrafi identyfikować i interpretować kulturowe, prawne, etyczne, ekonomiczne, psychologiczne aspekty i skutki działalności inżynierskiej ukierunkowanej na narzędzia matematyczne i informatyczne wspomagające procesy zarządcze i biznesowe oraz przedsięwzięcia realizowane w formie projektów, w tym jej wpływu na środowisko i związanej z tym odpowiedzialności za podejmowane decyzje. Rozumie istotę etyki w biznesie oraz potrafi interpretować jej zasady.",25,"Aspekty kulturowe; Aspekty prawne; Aspekty etyczne; Aspekty ekonomiczne; Aspekty psychologiczne; Aspekty społeczne; Aspekty środowiskowe; Narzędzia matematyczne; Narzędzia informatyczne; Proces zarządzania; Proces biznesowy; Zarządzanie projektami; Odpowiedzialność etyczna; Odpowiedzialność społeczna; Odpowiedzialność prawna; Etyka zawodowa; Etyka w biznesie; Etyka stosowana; Praca w zespole; Zarządzanie firmą; Marketing; Nauki o organizacji; Analiza problemów; Rozwiązywanie problemów; Inicjowanie zmian; Planowanie zmian; Wdrażanie zmian; Działalność menedżerska; Działalność biznesowa; Działalność inżynierska; Samodzielne uczenie się; Podnoszenie kwalifikacji; Regulacje prawne; Organizacja zorientowana procesowo; Projekty produkcyjne; Projekty inwestycyjne; Działalność gospodarcza; Zarządzanie ludźmi; Prawo własności intelektualnej; Prawo przemysłowe; Zasady etyczne; Logistyka; Działalność operacyjna; Środowisko naturalne; Produkcja; Metody; Techniki; Narzędzia; Ustalanie priorytetów","Ma świadomość złożoności systemów społeczno-gospodarczychi gotowość do wielostronnego oglądu skutków decyzji biznesowych i menedżerskich. | Jest zorientowany na samodzielne i krytyczne poszukiwanie i dobór metod, technik i narzędzi wspomagających zarządzanie wiedzą organizacyjną. | Jest zdolny do samodzielnego ustalania priorytetów oraz doboru metod i narzędzi rozwiązywania powierzonych zadańz poszanowaniem szeroko pojętych zasad etyki. | Jest przygotowany do identyfikowania i interpretowania ekonomicznych aspektów i skutków realizacji projektów. | Jest zorientowany w prawnych, etycznych oraz ekonomicznych konsekwencjach wykorzystania poszczególnych technologiiw różnych obszarach organizacji i życia codziennego. | Identyfikuje i jest zdolny do interpretowania ekonomicznych aspektów i skutków działalności inżynierskiej wspomagającej procesy zarządcze i biznesowe. | Szanuje zasady odpowiedzialności etycznej, społecznej i prawnej za skutki działalności inżynierskiej i menedżerskiej oraz wyraża sądy w oparciu o etykę zawodową, etykę w biznesie i inne nurty etyki stosowanej. | Jest zdolny do do kierowania i pracy w zespole oraz do brania odpowiedzialności w zarządzaniu firmą - zarówno w wymiarze merytorycznym jak i etycznym. | Jest zdolny do uwzględnienia konsekwencji podejmowanych decyzji w zakresie marketingu. | Akceptuje konieczność rozwijania wiedzy i umiejętności zawodowych w zakresie nauk o organizacji i zarządzaniu oraz tego, że praca menedżera polega na ciągłym identyfikowaniu, analiziei rozstrzyganiu problemów pojawiających się w organizacji. | Jest otwarty na przekazywanie, przekonywanie i obronę własnych poglądów, a także na inicjowanie zmian w miejscu pracyi uczestnictwa w ich planowaniu i wdrażaniu. | Ma świadomość ważności powiązań wiedzy i działalności menedżerskiej oraz biznesowej i inżynierskiej, a także odpowiedzialności za podejmowane decyzje. | Ma świadomość niezbędności samodzielnego uczenia sięi konieczności ustawicznego podnoszenia kwalifikacji zawodowych w związku z postępem gospodarczym i technologicznym | Uwzględnia istotę i znaczenie regulacji prawnych w dziedzinie działalności zawodowej i biznesowej. | Identyfikuje i interpretuje psychologiczne i społeczne aspekty i skutki projektowej działalności inżynierskiej. | Potrafi identyfikować i interpretować społeczne i psychologiczne aspekty i skutki projektowej działalności inżynierskiej. | Rozwiązuje problemy organizacji zorientowanej procesowo dbając o wpływu zmian na środowisko, podsystem społeczny organizacji oraz społeczeństwo. | Jest zdolny do udziału w projektach produkcyjnych i inwestycyjnych uwzględniając ich wpływ na wyniki finansowe przedsiębiorstwa. | Rozwiązuje problemy prawne, etyczne i ekonomiczne związane z zakładaniem własnej działalności gospodarczej, przy uwzględnieniu wspływu na środowisko naturalne. | Identyfikuje i uwzględnia aspekty prawne, etyczne i psychologiczne swoich planów usprawnień działania organizacji, podejmowanychw pracy dyplomowej. | Dba o zachowania etyczne w biznesie. | Jest zorientowanyna kulturowe i etyczne skutki działalności inżynierskiej podczas procesów związanych z zarządzaniem ludźmi. | Pracuje w zespole i respektuje zasady pracy zespołowej | Jest przygotowany do praktycznego korzystania z uregulowań prawa własności intelektualnej i przemysłowej w działalności zawodowej z uwzględnieniem uwarunkowań prawnych oraz etycznych. | Jest zorientowany na przestrzeganie zasad etycznych w życiu społecznym i zarządzaniu organizacjami. | Jest świadomy skutków logistycznej działalności operacyjnej, jej wpływu na środowisko społeczne i naturalne oraz jest przygotowany do etycznego pełnienia ról organizacyjnychw obszarze logistyki i produkcji.",8,"Ma, Jest, Identyfikuje, Szanuje, Akceptuje, Potrafi, Dba, Pracuje",73.1
"K1_IZ_K02","Social Competences","Potrafi współdziałać i pracować w grupowych i zespołowych formach organizacji pracy (przyjmując w nich różne role). Potrafi organizować pracę małych zespołów i nimi kierować.",14,"Umiejętności zespołowej współpracy; Rozwiązywanie problemów; Systemowe myślenie; Ergonomia; Samoocena; Samokontrolą; Identyfikowanie problemów; Analiza problemów; Diagnostyka systemów informacyjnych; Doskonalenie systemów informacyjnych; Systemy informacyjne zarządzania; Metody rozwiązywania problemów; Kierowanie zespołem; Zarządzanie firmą; Marketing; Zespoły projektowe; Podejmowanie decyzji; Współpraca w grupie; Dokumentacje projektów infrastrukturalnych; Aspekty prawne; Aspekty ekonomiczne; Aspekty polityczne; Aspekty ekologiczne; Komunikatywność; Grupowych form organizacji pracy; Zespołowe formy organizacji pracy; Role","Nabywanie i rozwijanie umiejętności zespołowej współpracy w celu optymalnego rozwiązania powierzonych problemów | Nabywanie i rozwijanie systemowego myślenia o ergonomicznych własnościach stanowisk pracy człowieka | Rozwijanie zdolności samooceny i samokontroli podczas pracy | Potrafi samodzielnie rozwijać swą wiedzę i umiejętności, współdziałać i pracować w zespołach, wykazuje gotowośćdo identyfikowania, analizy i rozwiązywania problemów w zakresie diagnostyki i doskonalenia systemów informacyjnych zarządzania | Potrafi w sposób profesjonalny poszukiwać oraz dobierać metody rozwiązywania problemów, brać za nie odpowiedzialność, przekazywać, przekonywać i bronić własnych poglądów związanych z diagnostyką i doskonaleniem systemów informacyjnych zarządzania | Jest zdolny do do kierowania i pracy w zespole oraz do brania odpowiedzialności w zarządzaniu firmą - zarówno w wymiarze merytorycznym jak i etycznym. | Jest zdolny do uwzględnienia konsekwencji podejmowanych decyzji w zakresie marketingu. | Jest odpowiedzialny za powierzone zadania w zespołach projektowych, z zakresu podejmowania decyzji, w zmieniającym się dynamicznie otoczeniu. | Potrafi współpracować w grupie i rozwiazywać problemy projektowe | Jest zdolny do nabywania i rozwijania umiejętności zespołowej współpracy w celu optymalnego rozwiązania powierzonych problemów. | Jest zdolny do samooceny i samokontroli podczas pracy. | Jest przygotowany do uczestniczenia w zespołach przygotowujących dokumentacje dla projektów infrastrukturalnych z uwzględnieniem aspektów prawnych, ekonomicznych, politycznych i ekologicznej i przekazuje informacje na ich tematw sposób komunikatywny. | Jest przygotowany do pracy w grupowych i zespołowych formach organizacji pracy, uwzględniając zmienne wymogi potrzeb płynących z otoczenia. | Jest zorientowany na współdziałania w grupowych i zespołowych formach organizacji pracy (przyjmując w nich różne role). | Potrafi organizować pracę małych zespołów i nimi kierować.",4,"Nabywanie, Rozwijanie, Potrafi, Jest",68.2
"K1_IZ_K03","Social Competences","Jest przygotowany do brania odpowiedzialności za powierzone mu zadania. Potrafi odpowiednio określać priorytety w pracy własnej i we współpracy z innymi w związku z pełnieniem różnych ról organizacyjnych.",38,"proces analityczny; krytyczna analiza; rozwiązywanie problemów; problemy decyzyjne; inicjatywa; prezentacja wyników; współpraca zespołowa; systemowe myślenie; samoocena; samokontrolą; diagnostyka systemów informacyjnych; doskonalenie systemów informacyjnych; metody rozwiązywania problemów; wiedza inżynierska; projektowanie; hurtownie danych; proces implementacji; podejmowanie decyzji; optymalizacja; metodyka zarządzania; narzędzia identyfikacji; modelowanie; modele procesów biznesowych; jakość kodu; dobre praktyki programistyczne; analizy biznesowe; projekt analityczno-programistyczny; rozwiązywanie problemów zarządzania; projekt biznesowy; działanie przedsiębiorcze; diagnoza usprawnień; projektowanie usprawnień; dokumentacja projektów infrastrukturalnych; aspekty prawne; aspekty ekonomiczne; aspekty polityczne; aspekty ekologiczne; komunikacja; wyznaczanie priorytetów; odpowiedzialność za zadania; praca w grupie; modele eksploracji danych; argumentacja; inicjowanie zmian; planowanie zmian; wdrażanie zmian; praca samodzielna","jasno prezentuje wyniki procesu analitycznego, podkreśla zalety zastosowania wybranego podejścia do rozwiązania problemu biznesowego, formułuje i wyjaśnia rekomendacje dla decydenta | Jest zorientowany na identyfikowanie i krytyczną analizę podczas rozstrzygania problemów pojawiających się w trakcie realizacji powierzonych zadań. | Identyfikuje i rozwiązuje praktyczne problemy decyzyjne występujące w organizacjach | Wykazuje inicjatywę do rozwiązywania problemów samodzielnie. | Jest otwarty na prezentację swoich rozwiązań problemów na forum grupy. | Nabywanie i rozwijanie umiejętności zespołowej współpracy w celu optymalnego rozwiązania powierzonych problemów | Nabywanie i rozwijanie systemowego myślenia o ergonomicznych własnościach stanowisk pracy człowieka | Rozwijanie zdolności samooceny i samokontroli podczas pracy | Potrafi samodzielnie rozwijać swą wiedzę i umiejętności, współdziałać i pracować w zespołach, wykazuje gotowośćdo identyfikowania, analizy i rozwiązywania problemów w zakresie diagnostyki i doskonalenia systemów informacyjnych zarządzania | Potrafi w sposób profesjonalny poszukiwać oraz dobierać metody rozwiązywania problemów, brać za nie odpowiedzialność, przekazywać, przekonywać i bronić własnych poglądów związanych z diagnostyką i doskonaleniem systemów informacyjnych zarządzania | Jest zdolny do współpracy w zespole w celu optymalnego rozwiązania powierzonych mu problemów. | Potrafi samodzielnie rozwijać wiedzę i umiejętności inżynierskiew zakresie projektowania, tworzenia i stosowania hurtowni danych do rozwiązywania wybranych biznesowych problemów decyzyjnych. | Jest zdolny do pracy w grupie i wspólnie z zespołem przygotowuje proces do implementacji. | Jest zdolny do przedstawiania efektów powierzonych sobie zadań w sposób logicznie poprawny. | Jest odpowiedzialny za powierzone zadania w zespołach projektowych, z zakresu podejmowania decyzji, w zmieniającym się dynamicznie otoczeniu. | Jest odpowiedzialny za praktyczne zadania związane z optymalizacją występujące w organizacjach | Jest odpowiedzialny za realizację zadań projektowych, umie wyznaczać priorytety w pracy własnej oraz w koordynacjiz zespołem, biorąc pod uwagę specyfikę ról i odpowiedzialności w projekcie oraz cele wybranej metodyki zarządzania | Respektuje zasady na jakich powierzone są zadania. | Potrafi samodzielnie, jak również współdziałając w zespole, rozwijać wiedzę i umiejętności w zakresie stosowania wybranych narzędzi identyfikacji, analizy, modelowania i rozwiązywania problemów decyzyjnych w środowisku IT. | Jest zdolny do pracy w grupie i przygotowuje wspólnie z zespołem modele procesów biznesowych. | Wykazuje się odpowiedzialnością za jakość swojego kodu, dbając o jego czytelność, zgodność z dobrymi praktykami programistycznymi oraz minimalizację błędów. | Potrafi współpracować w grupie i rozwiazywać problemy projektowe | Pracuje w zespole projektującym aplikacje wspomagające analizy biznesowe, odpowiadając za różne role w projekcie analityczno-programistycznym | Jest zorientowany na pracę zespołową podczas rozwiązywania problemów zarządzania. | Jest otwarty na pracę zespołową podczas rozwiązywania problemów zarządzania w organizacjach zorientowanych projektowo. | Jest zdolny do nabywania i rozwijania umiejętności zespołowej współpracy w celu optymalnego rozwiązania powierzonych problemów. | Jest zdolny do samooceny i samokontroli podczas pracy. | Jest odpowiedzialny za realizacje wspólnego projektu biznesowego. | Jest zdolny do działania w sposób przedsiębiorczy. | Ma świadomość swojej odpowiedzialności za dobrostan organizacji, w której realizuje pracę dyplomową i za jej pracowników, a także za przekazywaną wiedzę, opinie i intencje w procesie diagnozowania i projektowania usprawnień w organizacji. | Jest przygotowany do uczestniczenia w zespołach przygotowujących dokumentacje dla projektów infrastrukturalnych z uwzględnieniem aspektów prawnych, ekonomicznych, politycznych i ekologicznej i przekazuje informacje na ich tematw sposób komunikatywny. | Jest otwarty na podejmowanie różnych zadań w ramach prac projektowych i określa priorytety ich wykonania. | Jest odpowiedziany za powierzone mu zadania. | Bierze odpowiedzialność za powierzone mu zadanie w ramach pracy grupowej. | Identyfikuje problemy społeczne związane z danymi i za pomocą modeli eksploracji danych, rozwiązuje problemy, argumentujei broni swoje poglądy. | Odpowiedzialnie wykonuje zadania w domu i przychodzi na zajęcia z rozwiązanymi zadaniami, przygotowany do ich zaprezentowania i pomagania we współpracy innym studentom. | Odpowiedzialnie wykonuje w domu zadania i opracowuje tematykę każdych zajęć przygotowując się do ich zaprezentowaniai do dyskusji. | Jest przygotowany do inicjowania zmian w organizacjii uczestnictwa w ich planowaniu i wdrażaniu oraz brania za nie odpowiedzialności. | Jest odpowiedzialny za praktyczne zadania związane z optymalizacją w organizacjach. | Jest zdolny do brania odpowiedzialności za powierzone mu zadania. | Jest zdolny do pracy samodzielnej i w grupie.",12,"Jest, Identyfikuje, Wykazuje, Nabywanie, Rozwijanie, Potrafi, Respektuje, IT, Pracuje, Ma, Bierze, Odpowiedzialnie",79.4
"K1_IZ_K04","Social Competences","Jest przygotowany do identyfikowania, analizowania i rozstrzygania problemów zawodowych i społecznych w miejscu pracy. Potrafi elastycznie poszukiwać sposobów ich rozwiązywania.",19,"Rozwiązywanie problemów; Identyfikacja problemów; Komunikacja; Twórcze rozwiązywanie problemów; Umiejętności komunikacyjne; Współpraca w zespole; Rozwiązywanie sporów; Rozwiązywanie konfliktów; Sytuacje trudne; Identyfikacja sytuacji stresowych; Metody przeciwdziałania stresowi; Radzenie sobie ze stresem; Identyfikacja problemów zawodowych; Identyfikacja problemów społecznych; Metody inżynierskie; Rozwiązywanie problemów menedżerskich; Pełnienie ról; Zespoły projektowe; Działalność menedżerska; Działalność biznesowa; Działalność inżynierska; Odpowiedzialność za decyzje; Samodzielne uczenie się; Utrzymanie kwalifikacji zawodowych; Praca w zespołach; Inicjatywa; Zachowania kierownicze; Motywowanie członków zespołu; Rozwiązywanie problemów interpersonalnych; Zapobieganie konfliktom; Dylematy decyzyjne; Proces decyzyjny; Proces poznawczy; Analiza problemów zawodowych; Analiza problemów społecznych; Odpowiedzialne pełnienie ról zawodowych; Społeczne oddziaływania; Określanie priorytetów; Systemy społeczno-gospodarcze; Ograniczona racjonalność decyzji; Deficyt informacji; Presja czasu; Autorefleksja; Błędy w procesie decyzyjnym; Uczenie się z doświadczeń; Wyciąganie wniosków; Ocena zachowań organizacyjnych; Wprowadzanie zmian; Postrzeganie relacji; Relacje przełożony-podwładny","Rozwiązuje problemy w zakresie nieprawidłowości współdziałania i podejmowania zadań zespołowych. | Identyfikuje problemy w obszarze komunikacji w organizacji oraz wykazuje gotowość ich twórczego rozwiązywania. | Wykazuje gotowość do wykorzystania wiedzy i umiejętności komunikacyjnych do efektywnej współpracy w zespole. | Identyfikuje i podejmuje się rozwiązania sporów, konfliktów i innych sytuacji trudnych w miejscu pracy stosując przy tym różnorodnei świadomie dopasowane sposoby działania. | Wykazuje gotowość do identyfikowania sytuacji stresowych w pracy i do stosowania metod przeciwdziałania i radzenia sobie ze stresem w pracy. | Identyfikuje problemy zawodowe i społeczne w badanej organizacji (przedsiębiorstwie). | Jest zdolny do formułowania i przekazywania informacji i opinii dotyczących wybranych aspektów zastosowania metod inżynierskich w rozwiązywaniu problemów menedżerskich. | Potrafi pełnić różne role w organizacji/zespołach projektowych itp. | zgodnie z oczekiwaniami/preferencjami pracodawcy. | Ma świadomość ważności powiązań wiedzy i działalności menedżerskiej oraz biznesowej i inżynierskiej, a także odpowiedzialności za podejmowane decyzje. | Ma świadomość niezbędności samodzielnego uczenia sięi konieczności ustawicznego podnoszenia kwalifikacji zawodowych w związku z postępem gospodarczym i technologicznym | Jest zorientowany na pracę w zespołach, wspiera współpracowę z członkami zespołów, rozwiązuje problemy, wykazuje inicjatywę i zachowania kierownicze. | Jest zdolny do motywowania członków zespołu, identyfikowani i rozstrzygania problemów interpersonalne i zapobiegania konfliktom. | Jest wrażliwy na dylematy decyzyjne i respektuje prawidłowości i ograniczenia procesów poznawczych i decyzyjnych człowieka. | Jest przygotowany do identyfikowania i analizowania i rozstrzygania problemów zawodowych i społecznych w miejscu pracy i jest przygotowany do odpowiedzialnego pełnienia ról zawodowych uwzględniając w nich aspekt społecznych oddziaływań. | Jest zdolny do określania priorytetów w pracy własnej i we współpracy z innymi. | Akceptuje złożoność systemów społeczno-gospodarczychi ograniczoną racjonalność decyzji podejmowanych w warunkach deficytu informacji i pod presją czasu. | Jest zdolny do autorefleksji w poszukiwaniu przyczyn błędów w procesie decyzyjnym. | Jest zorientowany na uczenie się z doświadczeń i wyciąganie konstruktywnych wniosków z niepowodzeń. | Ma świadomość wymogu poświęcania wysiłku i czasu do oceny sytuacji wpływających na zachowania organizacyjne orazdo wprowadzania zmian w ich zakresie. | Ma rzetelne postrzeganie relacji występujących między przełożonym i podwładnym oraz między pracownikami.",6,"Identyfikuje, Wykazuje, Jest, Potrafi, Ma, Akceptuje",51.7
"K1_IZ_K05","Social Competences","Ma świadomość roli społecznej absolwenta uczelni technicznej, rozumie potrzebę uczestniczenia w przygotowaniu projektów społecznych oraz formułowania i przekazywania społeczeństwu, w sposób powszechnie zrozumiały, informacji i opinii dotyczących osiągnięć techniki i innych aspektów działalności inżynierskiej.",14,"Identyfikacja problemów; Analiza problemów; Rozstrzyganie problemów; Rozwiązywanie problemów zawodowych; Rozwiązywanie problemów społecznych; Identyfikacja problemów komunikacji; Poszukiwanie rozwiązań; Praca zespołowa; Partycypacja w dyskusji; Formułowanie informacji; Przekazywanie informacji; Umiejętności komunikacyjne; Efektywna współpraca w zespole; Metody inżynierskie; Rozwiązywanie problemów menedżerskich; Działalność menedżerska; Działalność biznesowa; Powiązania wiedzy inżynierskiej i menedżerskiej; Podejmowanie decyzji; Samodzielne uczenie się; Utrzymanie kwalifikacji; Postęp technologiczny; Działalność inżynierska; Działalność innowacyjna; Rola społeczna; Odpowiedzialność za organizację; Diagnoza organizacji; Projektowanie usprawnień; Narracje marketingowe; Etyka; Asertywność; Projekty społeczne; Promowanie różnorodności; Promowanie inkluzji; Organizacje techniczne","Jest przygotowany do identyfikowania i analizowania i rozstrzygania problemów zawodowych i społecznych w miejscu pracy. | Potrafi elastycznie poszukiwać sposobów ich rozwiązywania. | Rozwiązuje problemy w zakresie nieprawidłowości współdziałania i podejmowania zadań zespołowych. | Docenia istotność partycypacji w dyskusji nad etycznie akceptowalnymi rozstrzygnięciami ważnych problemów społecznych oraz formułowania i przekazywania społeczeństwu informacji i opinii w sposób powszechnie zrozumiały. | Identyfikuje problemy w obszarze komunikacji w organizacji oraz wykazuje gotowość ich twórczego rozwiązywania. | Wykazuje gotowość do wykorzystania wiedzy i umiejętności komunikacyjnych do efektywnej współpracy w zespole. | Identyfikuje problemy zawodowe i społeczne w badanej organizacji (przedsiębiorstwie). | Jest zdolny do formułowania i przekazywania informacji i opinii dotyczących wybranych aspektów zastosowania metod inżynierskich w rozwiązywaniu problemów menedżerskich. | Ma świadomość ważności powiązań wiedzy i działalności menedżerskiej oraz biznesowej i inżynierskiej, a także odpowiedzialności za podejmowane decyzje. | Ma świadomość niezbędności samodzielnego uczenia sięi konieczności ustawicznego podnoszenia kwalifikacji zawodowych w związku z postępem gospodarczym i technologicznym | Ma świadomość roli społecznej własnej działalności inżynierskiej, innowacyjnej i menadżerskiej. | Ma świadomość swojej odpowiedzialności za dobrostan organizacji, w której realizuje pracę dyplomową i za jej pracowników, a także za przekazywaną wiedzę, opinie i intencje w procesie diagnozowania i projektowania usprawnień w organizacji. | Jest wrażliwy na etyczną i humanistyczną stronę narracji marketingowych konstruujących wartość jego działań biznesowych. | Postępuje zgodnie z zasadami asertywności i odwagiw przekazywaniu i obronie własnych osiągnięć i poglądów. | Jest otwarty na uczestniczenie w przygotowaniu projektów społecznych i jest zdolny do przekazywania informacji w sposób zrozumiały dla społeczeństwa. | Wykazuje inicjatywę w promowaniu wartości związanych z różnorodnością i inkluzją oraz jest odpowiedzialnyza formułowanie i przekazywanie społeczeństwu w sposób zrozumiały informacji na temat roli i znaczenia tych wartości w organizacjach technicznych.",6,"Jest, Potrafi, Docenia, Identyfikuje, Wykazuje, Ma",61.1
"K1_IZ_K06","Social Competences","Jest przygotowany do inicjowania zmian w miejscu pracy i uczestnictwa w ich planowaniu i wdrażaniu. Potrafi myśleć i działać w sposób przedsiębiorczy.",9,"Myślenie niezależne; Myślenie twórcze; Myślenie przedsiębiorcze; Działanie przedsiębiorcze; Inicjowanie przedsięwzięć innowacyjnych; Aspekty społeczne; Zarządzanie projektami; Metodyka zarządzania projektami; Inwentaryzacja procesów innowacyjnych; Planowanie zmian; Wdrażanie zmian; Identyfikacja obszarów do usprawnienia; Monitorowanie projektów; Role w zespołach projektowych; Samodzielne uczenie się; Podnoszenie kwalifikacji zawodowych; Postęp technologiczny; Wybór SIZ; Wdrożenie SIZ; Identyfikacja problemów pracowniczych; Analiza problemów pracowniczych; Funkcja personalna","Rozwija umiejętności myślenia niezależnego i twórczego. | Jest zdolny i przygotowany do inicjowania przedsięwzięć innowacyjnych w małym, średnim i dużym przedsiębiorstwie z uwzględnieniem aspektów społecznych. | Jest zorientowany na myślenie i działanie w sposób przedsiębiorczy i społeczny. | Rozwiązuje problemy związane z planowaniem i wdrażaniem zmian w organizacji, identyfikując obszary do usprawnienia w projektach oraz uczestnicząc w planowaniu i wdrażaniu innowacyjnych rozwiązań zgodnie z wybraną metodyką zarządzania projektami | Jest zdolny do wykorzystania wiedzy z zakresu inwentykii procesów innowacyjnych do inicjowania zmian w organizacji. | Jest zdolny do inicjowania i prowadzenia zmian w ramach projektów, aktywnie uczestnicząc w ich planowaniu, wdrażaniu i monitorowaniu. | Potrafi pełnić różne role w organizacji/zespołach projektowych itp. | zgodnie z oczekiwaniami/preferencjami pracodawcy. | Ma świadomość niezbędności samodzielnego uczenia sięi konieczności ustawicznego podnoszenia kwalifikacji zawodowych w związku z postępem gospodarczym i technologicznym | Wykazuje inicjatywę podczas wyboru SIZ oraz w trakcie procesu jego wdrożenia w organizacji. | Identyfikuje, analizuje i rozstrzyga problemy pracownicze pojawiające się w miejscu pracy w związku z realizacją funkcji personalnej.",6,"Rozwija, Jest, Potrafi, Ma, Wykazuje, Identyfikuje",55.9
"K1_IZ_K07","Social Competences","Jest przygotowany do odpowiedzialnego pełnienia ról zawodowych z uwzględnieniem zmieniających się potrzeb społecznych. Potrafi posługiwać się językiem obcym na poziomie B2 ESOKJ Ma świadomość ważności systematycznej aktywności fizycznej dla zdrowia fizycznego i psychicznego",26,"umiejętności zespołowej współpracy; rozwiązywanie problemów; systemowe myślenie; ergonomia; samoocena; samokontrolą; samodzielny rozwój wiedzy i umiejętności; identyfikacja problemów; analiza problemów; diagnostyka systemów informacyjnych; doskonalenie systemów informacyjnych; systemy informacyjne zarządzania; metody rozwiązywania problemów; odpowiedzialność; przekonywanie; obrona poglądów; komunikacja; potrzeby społeczne; kontekst międzyludzki; pełnienie powinności zawodowych; zespoły projektowe; podejmowanie decyzji; identyfikacja sytuacji stresowych; metody przeciwdziałania stresowi; radzenie sobie ze stresem; rozwój wiedzy i umiejętności zawodowych; nauki o organizacji i zarządzaniu; praca menedżera; inicjowanie zmian; planowanie zmian; wdrażanie zmian; pełnienie ról w organizacji; samodzielne uczenie się; podnoszenie kwalifikacji zawodowych; współpraca w grupie; inicjatywa; zachowania kierownicze; motywowanie członków zespołu; identyfikacja problemów interpersonalnych; rozwiązywanie problemów interpersonalnych; zapobieganie konfliktom; dylematy decyzyjne; procesy poznawcze; procesy decyzyjne; oddziaływania społeczne; określanie priorytetów; asertywność; praca w grupach; zespołowa organizacja pracy; prawo własności intelektualnej; prawo własności przemysłowej; identyfikacja problemów pracowniczych; funkcja personalna","Nabywanie i rozwijanie umiejętności zespołowej współpracy w celu optymalnego rozwiązania powierzonych problemów | Nabywanie i rozwijanie systemowego myślenia o ergonomicznych własnościach stanowisk pracy człowieka | Rozwijanie zdolności samooceny i samokontroli podczas pracy | Potrafi samodzielnie rozwijać swą wiedzę i umiejętności, współdziałać i pracować w zespołach, wykazuje gotowośćdo identyfikowania, analizy i rozwiązywania problemów w zakresie diagnostyki i doskonalenia systemów informacyjnych zarządzania | Potrafi w sposób profesjonalny poszukiwać oraz dobierać metody rozwiązywania problemów, brać za nie odpowiedzialność, przekazywać, przekonywać i bronić własnych poglądów związanych z diagnostyką i doskonaleniem systemów informacyjnych zarządzania | Jest zdolny do wykonywania zadań w zespole i w pracy. | Jest przygotowany do odpowiedzialnego pełnienia ról zawodowych z uwzględnieniem odpowiedzialności za skuteczną komunikacjęi potrzeby społeczne w tym zakresie. | Rozpoznając kontekst międzyludzki potrafi skuteczniei odpowiedzialnie pełnić swe powinności zawodowe, szczególnie te, których wypełnienie zakłada współdziałanie osób. | Jest odpowiedzialny za powierzone zadania w zespołach projektowych, z zakresu podejmowania decyzji, w zmieniającym się dynamicznie otoczeniu. | Wykazuje gotowość do identyfikowania sytuacji stresowych w pracy i do stosowania metod przeciwdziałania i radzenia sobie ze stresem w pracy. | Akceptuje konieczność rozwijania wiedzy i umiejętności zawodowych w zakresie nauk o organizacji i zarządzaniu oraz tego, że praca menedżera polega na ciągłym identyfikowaniu, analiziei rozstrzyganiu problemów pojawiających się w organizacji. | Jest otwarty na przekazywanie, przekonywanie i obronę własnych poglądów, a także na inicjowanie zmian w miejscu pracyi uczestnictwa w ich planowaniu i wdrażaniu. | Potrafi pełnić różne role w organizacji/zespołach projektowych itp. | zgodnie z oczekiwaniami/preferencjami pracodawcy. | Ma świadomość niezbędności samodzielnego uczenia sięi konieczności ustawicznego podnoszenia kwalifikacji zawodowych w związku z postępem gospodarczym i technologicznym | Potrafi współpracować w grupie i rozwiazywać problemy projektowe | Jest zdolny do nabywania i rozwijania umiejętności zespołowej współpracy w celu optymalnego rozwiązania powierzonych problemów. | Jest zdolny do samooceny i samokontroli podczas pracy. | Jest zorientowany na pracę w zespołach, wspiera współpracowę z członkami zespołów, rozwiązuje problemy, wykazuje inicjatywę i zachowania kierownicze. | Jest zdolny do motywowania członków zespołu, identyfikowani i rozstrzygania problemów interpersonalne i zapobiegania konfliktom. | Jest wrażliwy na dylematy decyzyjne i respektuje prawidłowości i ograniczenia procesów poznawczych i decyzyjnych człowieka. | Jest przygotowany do identyfikowania i analizowania i rozstrzygania problemów zawodowych i społecznych w miejscu pracy i jest przygotowany do odpowiedzialnego pełnienia ról zawodowych uwzględniając w nich aspekt społecznych oddziaływań. | Jest zdolny do określania priorytetów w pracy własnej i we współpracy z innymi. | Postępuje zgodnie z zasadami asertywności i odwagiw przekazywaniu i obronie własnych osiągnięć i poglądów. | Jest przygotowany do pracy w grupowych i zespołowych formach organizacji pracy, uwzględniając zmienne wymogi potrzeb płynących z otoczenia. | Jest przygotowany do praktycznego korzystania z uregulowań prawa własności intelektualnej i przemysłowej w działalności zawodowej z uwzględnieniem uwarunkowań prawnych oraz etycznych. | Identyfikuje, analizuje i rozstrzyga problemy pracownicze pojawiające się w miejscu pracy w związku z realizacją funkcji personalnej.",8,"Nabywanie, Rozwijanie, Potrafi, Jest, Wykazuje, Akceptuje, Ma, Identyfikuje",63.7
"K1_IZ_U01","Skills","Potrafi pozyskiwać informacje niezbędne do realizacji zadań inżynierskich, a w szczególności zadań dotyczących zastosowań IT w biznesie, z literatury, baz danych oraz innych właściwie dobranych źródeł, także w języku angielskim lub innym języku obcym. Potrafi integrować uzyskane informacje, dokonywać ich interpretacji, a także wyciągać z nich wnioski, formułować i uzasadniać opinie oraz brać udział w debacie.",7,"Cele biznesowe; Cele analityczne; Wskaźniki oceny sytuacji biznesowej (KPI); Modele opisowe; Wizualizacje; Pulpity menedżerskie; Prezentacje biznesowe; Pytania deskryptywne; Pytania predykcyjne; Pytania normatywne; Studia literaturowe; Bazy danych; Projekt inżynierski; Badania literaturowe; Analiza; Dane biznesowe; Problem decyzyjny; Techniki analityki; Analityka biznesowa; Uczenie maszynowe; Analiza danych niedoskonałych; Modele predykcyjne; Uczenie nadzorowane; Uczenie nienadzorowane; Predyktory; Walidacja modeli; Techniki analityki tekstu; Analiza wydźwięku; Technologie informacyjne; Pakiety analityki predykcyjnej; Ocena sytuacji biznesowej; Diagnoza; Prognoza; Dobór danych","Formułuje cele biznesowe i analityczne, opracowuje wskaźniki oceny sytuacji biznesowej (KPI), buduje modele opisowe, projektuje wizualizacje, pulpity menedżerskie i prezentacje biznesowe zgodnie z zasadami metodycznymi | Formułuje pytania deskryptywne, predykcyjne i normatywne dla określonych sytuacji biznesowych. | Projektuje i buduje pulpity menedżerskie zgodnie z zasadami metodycznymi | Wyszukuje informacje na podstawie studiów literaturowych, baz danych oraz innych właściwie dobranych źródeł i opracowuje udokumentowane dzieło w postaci projektu inżynierskiego. | Przeprowadza badania literaturowe i przygotowuje prezentację zawierającą wyniki badań, analiz i koncepcje rozwiązań problemu, a także rzeczowo uzasadnia w dyskusji swoje pomysły i rozwiązania oraz krytycznie ocenia planowane działania i rozwiązania innych osób. | Formułuje predykcyjne cele analityczne, przygotowuje do analizy dane biznesowe dla ustalonego problemu decyzyjnegoz wykorzystaniem wybranych technik analityki i uczenia maszynowego, dobiera podejścia do analizy danych niedoskonałych, buduje modele predykcyjne oparte na uczeniu nadzorowanym i nienadzorowanym, dobiera predyktoryi przeprowadza walidację modeli, stosuje wybrane techniki analityki tekstu i analizy wydźwięku | Stosuje wybrane technologie informacyjne analityki biznesowej oparte na uczeniu maszynowym z dostępnych pakietów analityki predykcyjnej do oceny, diagnozy i prognozy sytuacji biznesowej oraz do interpretacji wyników dla decydenta biznesowego | Dobiera dane do odpowiedniego problemu.",5,"Projektuje, Wyszukuje, Przeprowadza, Stosuje, Dobiera",55.7
"K1_IZ_U02","Skills","Potrafi porozumiewać się przy użyciu różnych technik w środowisku pracy, w szczególności ze specjalistami z zakresu nauk społecznych i technicznych.",5,"Komunikacja; Dostosowanie języka; Styl komunikacji; Zarządzanie stresem; Zapobieganie stresowi; Praca zespołowa; Zarządzanie projektami; Pełnienie ról; Kompetencje menadżerskie; Funkcje menadżerskie; Dobór kompetencji; Analiza procesów umysłowych; Interpretacja procesów decyzyjnych; Proces decyzyjny","Dostosowuje język i styl komunikacji do cech, kompetencji i wykształcenia odbiorcy. | Potrafi niwelować i zapobiegać konsekwencjom stresu w grupie i organizacji. | Potrafi pełnić różne role w organizacji/zespołach projektowych itp. | zgodnie z oczekiwaniami/preferencjami pracodawcy. | Demonstruje i rozwija u siebie kluczowe kompetencje wspierające realizację funkcji menadżerskich. | Dobiera kompetencje menedżerskie w zależności od sytuacji. | Analizuje i interpretuje procesy umysłowe i decyzyjne podejmowane przez człowieka",5,"Dostosowuje, Potrafi, Demonstruje, Dobiera, Analizuje",43.2
"K1_IZ_U03","Skills","Potrafi przygotować w języku polskim i języku angielskim lub innym uznawanym za podstawowy dla nauk technicznych i społecznych, dobrze udokumentowane opracowanie problemów inżynierskich, a w szczególności problemów w zakresie zastosowań IT.",16,"Metody badań ergonomicznych; Ocena jakości ergonomicznej; Ocena jakości użytkowej; Norma ISO 9241; Metody projektowania ergonomicznego; Diagnostyka systemów informacyjnych zarządzania; Projektowanie komputeryzacji systemów informacyjnych zarządzania; Eksperymenty obliczeniowe; Zarządzanie projektami; Studia literaturowe; Bazy danych; Projekt inżynierski; Zastosowania IT w biznesie; Procesy biznesowe; Procesy innowacyjne; Aspekty systemowe; Normy i standardy (ekonomiczne, prawne, ekologiczne, psychologiczne, zawodowe, moralne); Graficzne projektowanie wizualne; Przekaz marketingowy; Grafika komputerowa; Problem menedżerski; Metody inżynierskie; Techniki inżynierskie; Narzędzia inżynierskie; Metody organizatorskie","Potrafi stosować metody badań ergonomicznych | Potrafi określić normatywne uwarunkowania oceny jakości ergonomicznej | Posługuje się narzędziami do oceny jakości użytkowej w paradygmacie normy ISO 9241 | Potrafi zdiagnozować i skorygować czynniki determinujące poziom jakości ergonomicznej stanowiska pracy. | Potrafi zastosować wybrane metody aby zaprojektować ergonomiczne stanowisko pracy do realizacji opisanych zadań i procesów. | Potrafi zastosować w praktyce rozwiązania teoretycznei metodologiczne w zakresie diagnostyki systemów informacyjnych zarządzania | Potrafi zastosować w praktyce rozwiązania teoretycznei metodologiczne w zakresie projektowania komputeryzacji systemów informacyjnych zarządzania | Przeprowadza eksperymenty obliczeniowe oraz interpretuje uzyskane rozwiązanie | Przygotowuje w języku polskim i angielskim udokumentowane opracowanie zagadnienia z zakresu zarządzania projektami, zawierające analizę problemu, propozycje rozwiązania oraz wnioski. | Wyszukuje informacje na podstawie studiów literaturowych, baz danych oraz innych właściwie dobranych źródeł i opracowuje udokumentowane dzieło w postaci projektu inżynierskiego. | Przygotowuje prezentację ustną, dotyczącą szczegółowych zagadnień inżynierskich, a w szczególności zagadnień dotyczących zastosowań IT w biznesie. | Potrafi przy formułowaniu i rozwiązywaniu zadań o charakterze inżynierskim dotyczących procesów biznesowych, procesów innowacyjnych, projektów, zastosowania IT w biznesie — dostrzegać ich aspekty systemowe oraz posługiwać się właściwymi normami i standardami, także pozatechnicznymi - ekonomicznymi, prawnymi, ekologicznymi, psychologicznymi, zawodowymii moralnymi. | Posługuje się wybranymi narzędziami do graficznego projektowania wizualnego przekazu marketingowego. | Potrafi zastosować wybrane metody grafiki komputerowej do zaprojektowania wizualnego przekazu marketingowego. | Identyfikuje i dokumentuje problem menedżerski oraz planujei uzasadnia jego rozwiązanie z użyciem metod, technik i narzędzi inżynierskich. | Jest przygotowana/y do opracowania fachowego dzieła w postaci projektu inżynierskiego. | Posługuje się odpowiednimi metodami organizatorskimi, wykorzystywanymi w poszczególnych obszarach funkcjonalnych przedsiębiorstwa.",6,"Potrafi, Przeprowadza, Przygotowuje, Wyszukuje, Identyfikuje, Jest",68
"K1_IZ_U04","Skills","Potrafi przygotować i przedstawić w języku polskim i języku obcym prezentację ustną, dotyczącą szczegółowych zagadnień inżynierskich, a w szczególności zagadnień dotyczących zastosowań IT w biznesie.",14,"metody badań ergonomicznych; ergonomia; ocena jakości ergonomicznej; diagnoza ergonomiczna; jakość ergonomiczna stanowiska pracy; metody projektowania ergonomicznego; projekt ergonomicznego stanowiska pracy; diagnostyka systemów informacyjnych zarządzania; projektowanie komputeryzacji systemów informacyjnych zarządzania; rozwiązania metodologiczne; eksperymenty obliczeniowe; interpretacja rozwiązań; procesy biznesowe; procesy innowacyjne; aspekty systemowe; normy i standardy; aspekty ekonomiczne; aspekty prawne; aspekty ekologiczne; aspekty psychologiczne; aspekty zawodowe; narzędzia do graficznego projektowania; projektowanie wizualne przekazu marketingowego; metody grafiki komputerowej; badania literaturowe; analiza; koncepcje rozwiązań problemu; krytyczna ocena; technologie internetowe; zastosowanie IT w biznesie; sprawozdanie; analiza problemów organizacyjnych; projektowanie rozwiązań problemów organizacyjnych","Potrafi stosować metody badań ergonomicznych | Potrafi określić normatywne uwarunkowania oceny jakości ergonomicznej | Posługuje się narzędziami do oceny jakości użytkowej w paradygmacie normy ISO 9241 | Potrafi zdiagnozować i skorygować czynniki determinujące poziom jakości ergonomicznej stanowiska pracy. | Potrafi zastosować wybrane metody aby zaprojektować ergonomiczne stanowisko pracy do realizacji opisanych zadań i procesów. | Potrafi zastosować w praktyce rozwiązania teoretycznei metodologiczne w zakresie diagnostyki systemów informacyjnych zarządzania | Potrafi zastosować w praktyce rozwiązania teoretycznei metodologiczne w zakresie projektowania komputeryzacji systemów informacyjnych zarządzania | Przeprowadza eksperymenty obliczeniowe oraz interpretuje uzyskane rozwiązanie | Potrafi przy formułowaniu i rozwiązywaniu zadań o charakterze inżynierskim dotyczących procesów biznesowych, procesów innowacyjnych, projektów, zastosowania IT w biznesie — dostrzegać ich aspekty systemowe oraz posługiwać się właściwymi normami i standardami, także pozatechnicznymi - ekonomicznymi, prawnymi, ekologicznymi, psychologicznymi, zawodowymii moralnymi. | Posługuje się wybranymi narzędziami do graficznego projektowania wizualnego przekazu marketingowego. | Potrafi zastosować wybrane metody grafiki komputerowej do zaprojektowania wizualnego przekazu marketingowego. | Przeprowadza badania literaturowe i przygotowuje prezentację zawierającą wyniki badań, analiz i koncepcje rozwiązań problemu, a także rzeczowo uzasadnia w dyskusji swoje pomysły i rozwiązania oraz krytycznie ocenia planowane działania i rozwiązania innych osób. | Przygotowuje i przedstawia sprawozdanie lub prezentację dotyczącą realizowanych zadań lub przydzielonych tematówz zakresu technologii internetowych i zastosowania IT w biznesie. | Analizuje, ocenia a następnie projektuje rozwiązanie problemu organizatorskiego, prezentowane w formie projektu.",5,"Potrafi, ISO, Przeprowadza, Przygotowuje, Analizuje",52.1
"K1_IZ_U05","Skills","Rozumie konieczność samodzielnego rozwijania swojej wiedzy i umiejętności zawodowych adekwatnych do kierunku inżynieria zarządzania. Potrafi samodzielnie rozwijać tę wiedzę i doskonalić umiejętności.",2,"Samodzielne rozwijanie wiedzy; Inżynieria zarządzania; Role w organizacji; Zespoły projektowe; Zarządzanie projektami","Demonstruje gotowość do samodzielnego rozwijania swojej wiedzy i umiejętności zawodowych adekwatnych do kierunku inżynieria zarządzania. | Potrafi pełnić różne role w organizacji/zespołach projektowych itp. | zgodnie z oczekiwaniami/preferencjami pracodawcy.",2,"Demonstruje, Potrafi",54.7
"K1_IZ_U06","Skills","Potrafi identyfikować typowe problemy zarządcze i merytoryczne w organizacji i w jej poszczególnych obszarach funkcjonalnych. Potrafi formułować alternatywne ich rozwiązania, umie uzasadnić, dokonać wyboru oraz weryfikować je zgodnie z ustalonymi priorytetami. Potrafi zaplanować działania służące ich rozwiązaniu.",15,"Inżynierski sposób myślenia; Problemy marketingowe; Zarządzanie przedsiębiorstwem; Dobre praktyki marketingowe; Analiza przyczyn; Dynamika zjawisk marketingowych; Metody i techniki inżynierskie; Diagnoza; Krytyczna analiza; Modelowanie procesów biznesowych; Projektowanie procesów biznesowych; Problem menedżerski; Weryfikacja rozwiązań; Dokumentacja problemu menedżerskiego; Narzędzia inżynierskie; Projekt inżynierski; Wybór SIZ; System analizy what-if; Decyzje ilościowe; Wskaźniki ekonomiczno-finansowe; Prognozowanie wyników finansowych; Prognozowanie przepływów pieniężnych; Podejmowanie decyzji; Krytyczna porównawcza analiza strategii; Analiza konkurencji; Zależności przyczynowo-skutkowe; Techniki zarządzania jakością; Metody zarządzania jakością; System zarządzania jakością; Obliczanie wielkości aplikacji; Oszacowanie nakładu tworzenia aplikacji; Uzasadnienie biznesowe projektu informatycznego; Analiza systemów logistycznego zarządzania produkcją i usługami; Planowanie działań usprawniających; Analiza funkcji personalnej; Ocena funkcji personalnej; Doskonalenie funkcji personalnej; Techniki pozyskiwania informacji; Wywiad; Ankieta; Dokumentacja; Integracja informacji; Interpretacja informacji; Ekspertyzy; Raport pisemny; Badania diagnostyczne","Posługuje się inżynierskim sposobem myślenia do identyfikacji wybranych, istotnych problemów marketingowych w zarządzaniu przedsiębiorstwem oraz formułowania propozycji ich rozwiązań. | Stosuje dobre praktyki marketingowe w zarządzaniu przedsiębiorstwem, ze szczególnym uwzględnieniem analizowania przyczyn i dynamiki zjawisk marketingowych | Posługuje się wybranymi metodami i technikami inżynierskimi do diagnozy, krytycznej analizy, modelowania i projektowania procesów biznesowych, w ścisłym powiązaniu z celem pracy dyplomowej. | Formułuje propozycje rozwiązań problemu menedżerskiego i weryfikuje je zgodnie z założeniami. | Identyfikuje i dokumentuje problem menedżerski oraz planujei uzasadnia jego rozwiązanie z użyciem metod, technik i narzędzi inżynierskich. | Jest przygotowana/y do opracowania fachowego dzieła w postaci projektu inżynierskiego. | Projektuje działania zmierzające do wyboru SIZ dla konkretnej organizacji. | Tworzy system do analizy what-if wspomagający decyzje ilościowe dotyczące różnych obszarów funkcjonalnych organizacji gospodarczej, wykorzystując informacje o procesach zachodzących w organizacji oraz wiedzę o wskaźnikach sytuacji ekonomiczno-finansowej przedsiębiorstwa. | Prognozuje wyniki finansowe i przepływy środków pieniężnych oraz wykorzystuje opracowane prognozy w podejmowaniu decyzji. | Dokonuje krytycznej porównawczej analizy strategii i wyników konkurujących podmiotów gospodarczych identyfikując błędy, dylematy i zależności przyczynowo- skutkowe oraz prezentuje wyniki tej analizy. | Wykorzystuje wybrane techniki i metody zarządzania jakością do analizy, projektowania i doskonalenia procesów biznesowych organizacji oraz systemu zarządzania jakością. | Oblicza wielkość aplikacji i oszacowuje nakład tworzenia aplikacji. | Formułuje uzasadnienie biznesowe projektu informatycznego. | Potrafi analizować i oceniać funkcjonowanie istniejących systemów logistycznego zarządzania produkcją i usługami. | Potrafi wskazać ich niedoskonałości i zaplanować działania usprawniające ich funkcjonowanie. | Analizuje i ocenia elementy i problemy zarządcze i merytoryczne struktury zadaniowej funkcji personalnej w konkretnej organizacji, interpretując na podstawie literatury pojęcia i zagadnienia dotyczące funkcji personalnej oraz dokonując oceny stanu istniejącego wraz ze wskazaniem sposobów rozwiązania występujących problemów lub doskonalenia realizacji funkcji personalnej. | Wyszukuje źródła informacji i stosuje techniki ich pozyskiwania (wywiad, ankieta, dokumentacja); | integruje i interpretuje uzyskane informacje. | Przygotowuje ekspertyzy w formie raportu pisemnego oraz prezentuje wyniki badań diagnostycznych i broni przedstawionych wniosków.",13,"Stosuje, Identyfikuje, Jest, Projektuje, Tworzy, Prognozuje, Dokonuje, Wykorzystuje, Oblicza, Potrafi, Analizuje, Wyszukuje, Przygotowuje",53.3
"K1_IZ_U07","Skills","Potrafi posługiwać się technikami informacyjno-komunikacyjnymi właściwymi do realizacji zadań inżynierskich, a w szczególności zadań dotyczących zastosowań IT w biznesie.",4,"Analiza problemów; Interpretacja problemów; Kategoryzacja problemów; Komunikacja w zespole; Praca grupowa; Zadania inżynierskie; Wystąpienia publiczne; Prezentacje; Opracowywanie rozwiązań","Analizuje i interpretuje problemy w efektywnej pracy grupowej w organizacji. | Analizuje i kategoryzuje problemy związane z komunikacją w zespole. | Sprawnie komunikuje się w zespole, realizując zadania inżynierskie. | Opracowuje i wdraża różnego rodzaju wystąpienia publiczne i prezentacje własnych rozwiązań i osiągnięć.",3,"Analizuje, Sprawnie, Opracowuje",41.6
"K1_IZ_U08","Skills","Przy realizacji zadań inżynierskich, a w szczególności zadań dotyczących zastosowań IT w biznesie dla zmiennych i nie w pełni przewidywalnych warunków, potrafi planować i przeprowadzać eksperymenty, w tym pomiary i symulacje komputerowe. Potrafi interpretować uzyskane wyniki i wyciągać wnioski.",2,"Narzędzia programistyczne; Platformy programistyczne; Strukturalizowanie informacji; Język dziedzinowy; Język naturalny; Metoda symulacyjna; Modele symulacyjne; Prognozowanie; Proces biznesowy; Eksperymenty symulacyjne; Zadania inżynierskie; Zarządzanie procesami biznesowymi","Kategoryzuje, dobiera i eksploatuje narzędzia programistyczne w ramach wybranych platform programistycznych w zadaniach strukturalizowania informacji w celu podejmowania decyzjina podstawie złożonej informacji w języku dziedzinowym i naturalnym | Posługuje się metodą symulacyjną do budowy modeli symulacyjnych przeznaczonych do opisu, usprawnieniai prognozowania przebiegu procesów biznesowych. | Planujei przeprowadza eksperymenty symulacyjne w celu rozwiązywania zadań inżynierskich wspierających zarządzanie procesami biznesowymi.",2,"Kategoryzuje, Planujei",48.5
"K1_IZ_U09","Skills","Potrafi wykorzystać wiedzę z analizy matematycznej, rachunku prawdopodobieństwa, algebry liniowej, modele i metody analityczne, symulacyjne oraz eksperymentalne do formułowania i rozwiązywania zadań inżynierskich z zakresu zarządzania projektami, zarządzania procesami biznesowymi, zastosowania IT w biznesie.",15,"Równania i nierówności; Wartość bezwzględna; Wielomiany; Funkcje wymierne; Funkcje wykładnicze; Funkcje ogarytmiczne; Granice ciągów i funkcji; Asymptoty funkcji; Pochodne funkcji; Całki nieoznaczone i oznaczone; Ekstrema funkcji dwóch zmiennych; Metody badań operacyjnych; Metody optymalizacji; Problemy optymalizacyjne; Oprogramowanie komputerowe; Języki modelowania matematycznego; Modele statystyczne; Język R; Modele probabilistyczne; Techniki eksploracyjnej analizy danych; Metoda symulacyjna; Modele symulacyjne; Eksperymenty symulacyjne; Grupowanie; Klasyfikowanie; Znajdowanie asocjacji; Prognozowanie; Metody dowodzenia poprawności rozumowań; Rozumowania; Aparat matematyczny; Zadania inżynierskie","Potrafi rozwiązywać równania i nierówności z wartością bezwzględną, wielomianami, funkcjami wymiernymi, wykładniczymi i ogarytmicznymi. | Potrafi obliczać granice ciągów i funkcji, wyznaczać asymptoty funkcji, obliczać pochodne funkcji i interpretować otrzymane wielkości, obliczać i interpretować całki nieoznaczone i oznaczone. | Potrafi znajdować ekstrema funkcji dwóch zmiennych. | Stosuje metody badań operacyjnych jako narzędziedo wspomagania procesów decyzyjnych w organizacjach. | Posługuje się metodami dowodzenia poprawności rozumowań. | Rozpoznaje poprawne i niepoprawne rozumowania oraz wyciąga poprawne wnioski z przyjętych założeń. | Stosuje metody optymalizacji jako narzędzie do wspomagania procesów decyzyjnych w organizacjach. | Stosuje oprogramowanie komputerowe, w tym języki modelowania matematycznego, do rozwiązywania praktycznych problemów optymalizacyjnych. | Stosuje, w zależności od problemu, odpowiednie modele statystyczne. | Posługuje się językiem R. | Konstruuje i interpretuje modele probabilistyczne wspomagające proces zarządzania. | Stosuje, w zależności od problemu, odpowiednie modele statystyczne i techniki eksploracyjnej analizy danych. | Posługuje się metodą symulacyjną do budowy modeli symulacyjnych przeznaczonych do opisu, usprawnieniai prognozowania przebiegu procesów biznesowych. | Planujei przeprowadza eksperymenty symulacyjne w celu rozwiązywania zadań inżynierskich wspierających zarządzanie procesami biznesowymi. | Wykorzystuje techniki i modele technik eksploracji danych do rozwiązania problemów (np. | grupowania, klasyfikowania, prognozowania, znajdowania asocjacji). | Wykorzystuje techniki i modelu technik eksploracji danych do rozwiązania problemów (np. | Posługuje się aparatem matematycznym wykorzystywanym w optymalizacji do rozwiązywania problemów inżynierskich.",6,"Potrafi, Stosuje, Rozpoznaje, Konstruuje, Planujei, Wykorzystuje",61.3
"K1_IZ_U10","Skills","Potrafi przy formułowaniu i rozwiązywaniu zadań o charakterze inżynierskim dotyczących procesów biznesowych, procesów innowacyjnych, projektów, zastosowania IT w biznesie — dostrzegać ich aspekty systemowe oraz posługiwać się właściwymi normami i standardami, także pozatechnicznymi - ekonomicznymi, prawnymi, ekologicznymi, psychologicznymi, zawodowymi, moralnymi oraz innymi humanistycznymi.",19,"Analiza systemowa; Inżynieria systemów; Doskonalenie organizacji; Organizacja pracy zespołowej; Zarządzanie zespołem; Efektywność pracy grupowej; Normy i standardy komunikacji międzyludzkiej; Kontekst społeczno-humanistyczny; Zasady etyczne; Psychologia pracy; Dobrostan jednostki i grupy; Identyfikacja czynników stresu; Metody inwentyczne; Interpretacja przepisów prawnych; Prawo biznesowe; Zasady współpracy; Wsparcie społeczne; Poszanowanie norm; Ograniczenia poznawcze; Proces podejmowania decyzji; Analiza problemów psychologicznych i społecznych; Narzędzia narracyjne; Narzędzia fabularne; Budowanie marki osobistej; Budowanie marki biznesowej; Wystąpienia publiczne; Prezentacje; Krytyczna analiza wystąpień; Analiza procesów biznesowych; Proces innowacyjny; Zarządzanie projektami; Zastosowanie IT w biznesie; Techniki analizy; Definiowanie wymagań SIZ; Regulacje prawne; Własność intelektualna; Prawo przemysłowe; Normy pozatechniczne; Standardy pozatechniczne; Strategie zarządzania różnorodnością; Inkluzja w organizacji; Aspekty systemowe","Krytycznie analizuje i ocenia sposoby funkcjonowania systemu (ze szczególnym uwzględnieniem organizacji jako systemu). | Stosuje wybrane metody analizy systemowej oraz inżynierii systemów (także w odniesieniu do analizy i doskonalenia organizacji jako systemu). | Potrafi konstruować pracę w grupowych i zespołowych formach organizacji pracy (przyjmując w nich różne role), organizuje pracę małych zespołów i nimi kieruje. | Wdraża i weryfikuje prawidłowości efektywnej pracy grupowej. | Potrafi posługiwać się właściwymi normami i standardami z obszaru komunikacji międzyludzkiej. | W praktycznej pracy inżynieryjnej potrafi dostrzec jej kontekst społeczno-humanistyczny. | Szczególnie zaś zasady etycznegoi psychologicznie sprzyjającego osiągnięciu dobrostanu jednostki i grupy zasady rozwiązywania zadań o charakterze inżynierskim. | Potrafi identyfikować czynniki stresu w organizacji. | Dobiera metody inwentyczne ze względu na ich rolę, jaką pełnią w procesie rozwiązywania problemów. | Potrafi interpretować przepisy prawne w dziedzinie działalności biznesowej. | Organizuje pracę zespołu zgodnie z wypracowanymi zasadami współpracy, wsparcia społecznego i poszanowania norm. | Identyfikuje i ocenia ograniczenia poznawcze podmiotu i ich rolę w procesie rozwiązywania problemów i podejmowania decyzji. | Analizuje i interpretuje problemy natury psychologicznej i społecznej w funkcjonowaniu grup i zespołów. | Potrafi używać narzędzi narracyjnych i fabularnych w zakresie konstruowania wartości marki osobistej i biznesowej. | Opracowuje i wdraża różnego rodzaju wystąpienia publiczne i prezentacje własnych rozwiązań i osiągnięć. | Krytycznie analizuje wystąpienia i prezentacje innych osób, organizacji i instytucji. | Ma umiejętności analizowania, syntetyzowania i oceniania zadań o charakterze inżynierskim dotyczących procesów biznesowych, procesów innowacyjnych, projektów, zastosowania IT w biznesie. | Klasyfikuje i wybiera odpowiednie techniki analizy i definiowania wymagań SIZ. | Identyfikuje regulacje prawne w dziedzinie własności intelektualnej i przemysłowej łącząc je z poszanowaniem norm etycznych oraz autonomii twórczej. | Analizuje i stosuje normy oraz standardy pozatechniczne, takie jak ekonomiczne, prawne, ekologiczne oraz społeczne, przy projektowaniu strategii zarządzania różnorodnością i inkluzjąw organizacji, uwzględniając aspekty systemowe.",10,"Krytycznie, Stosuje, Potrafi, Dobiera, Organizuje, Identyfikuje, Analizuje, Opracowuje, Ma, Klasyfikuje",55.8
"K1_IZ_U11","Skills","Ma przygotowanie i wykorzystuje zdobytą wiedzę do pracy w środowisku przemysłowym oraz zna zasady bezpieczeństwa i ergonomii pracy.",4,"Obciążenie fizyczne; Czynniki środowiskowe; Optymalizacja; Role w organizacji; Zespoły projektowe; Metody obiektywne; Metody subiektywne; Projekty stanowisk pracy; Metody optymalizacyjne; Komputerowe narzędzia; Projektowanie stanowisk pracy; Wirtualne projektowanie; Cyfrowe modele człowieka; Statystyczne modele człowieka; Projekty systemów interakcyjnych; Projektowanie systemów interakcyjnych","Określa obciążenie wybranymi fizycznymi czynnikami środowiskowymi na stanowisku pracy dobiera optymalny zakres danego czynnika środowiska pracy w zależności od wykonywanej pracy. | Potrafi pełnić różne role w organizacji/zespołach projektowych itp. | zgodnie z oczekiwaniami/preferencjami pracodawcy. | Ocenia za pomocą metod obiektywnych i subiektywnych istniejące projekty stanowisk pracy i dokonuje ich modyfikacjiz wykorzystaniem metod optymalizacyjnych, a także wykorzystuje odpowiednie metody i komputerowe narzędzia do poprawnego projektowania stanowisk pracy, dodatkowo wykorzystujew praktyce środowisko do wirtualnego projektowania stanowisk pracy i korzysta z cyfrowych, statystycznych modeli człowieka. | Potrafi ocenić za pomocą metod obiektywnych i subiektywnych istniejące projekty systemów interakcyjnych i dokonać ich modyfikacji z wykorzystaniem metod optymalizacyjnych, a także potrafi wykorzystać odpowiednie metody i komputerowe narzędzia do poprawnego projektowania systemów interakcyjnych.",2,"Potrafi, Ocenia",60.9
"K1_IZ_U12","Skills","Potrafi dokonać analizy ekonomicznej, uwarunkowań mikro- i makroekonomicznych oraz efektywności społeczno-ekonomicznej podejmowanych działań inżynierskich.",10,"Analiza sprawozdań finansowych; Ocena sprawozdań finansowych; Rachunek efektywnościowy; Analiza ekonomiczna; Analiza finansowa; Analiza mikro-otoczenia; Analiza makro-otoczenia; Analiza ryzyka; Analiza efektywności społeczno-ekonomiczno-ekologicznej; Biznes plan; Studium wykonalności; Problemy zarządcze; Problemy merytoryczne; Interpretacja decyzji zarządczych; Interpretacja decyzji merytorycznych; Formułowanie założeń do analiz; Zakres projektu inżynierskiego; Inwestycja infrastrukturalna; Etapy projektu; Normy i standardy wykonania; Uwarunkowania kulturowe; Uwarunkowania społeczne; Uwarunkowania ekonomiczne; Uwarunkowania techniczne; Uwarunkowania środowiskowe; Analiza przyczyn i dynamiki zjawisk; Gospodarka rynkowa; Regulacje ekonomiczno-prawne; Narzędzia analityczne; Metody analityczne; Macierz oceny ryzyka; Matryca logiczna; Narzędzia informatyczne","Ma umiejętności analizowania sprawozdań finansowych organizacji, wyprowadza wnioski analityczne. | Ma umiejętności analizowania przyczyn i dynamiki zjawiskw organizacji i jej otoczeniu w warunkach gospodarki rynkowej i obowiązujących regulacji ekonomiczno-prawnych. | Analizujetypowe problemy zarządcze i merytoryczne w organizacji oraz w jej obszarach funkcjonalnych. | Analizuje i interpretuje ekonomiczne aspekty i skutki działalności inżynierskiej | Analizuje i ocenia sprawozdania finansowe. | Opracowuje rachunek efektywnościowy przedsiębiorstwa. | Sporządza dobrze udokumentowany biznes plan dla wybranej działalności gospodarczej, zawierający analizę mikro- i makro-otoczenia, analizę finansową i analizę ryzyka zaproponowanej działalności gospodarczej. | Interpretuje skutki podejmowanych decyzji merytorycznych i zarządczych dotyczących wybranej działalności. | Przygotowuje elementy studium wykonalności, prezentuje wyniki swoich prac w sposób komunikatywny dla specjalistów z zakresu nauk społecznych i technicznych i przy użyciu odpowiednich narzędzi analitycznych. | Identyfikuje i definiuje zakres projektu inżynierskiego (inwestycja infrastrukturalna), określa jego etapy, normy i standardy wykonania, jak również uwarunkowania: kulturowe, społeczne, ekonomiczne, techniczne i środowiskowe. | Używa w tym celu odpowiednich metod analitycznych (np. | macierz oceny ryzyka, matryca logiczna) i narzędzi informatycznych. | Formułuje założenia do analiz i na ich podstawie przeprowadza analizę. | Dokonuje analizy efektywności społeczno-ekonomiczno-ekologicznej w warunkach zmiennego, niepewnego otoczenia.",8,"Ma, Analizujetypowe, Analizuje, Opracowuje, Interpretuje, Przygotowuje, Identyfikuje, Dokonuje",46.5
"K1_IZ_U13","Skills","Potrafi dokonać krytycznej analizy sposobu funkcjonowania obiektów, systemów oraz procesów i ocenić istniejące w nich rozwiązania przy pomocy narzędzi inżynierii zarządzania.",8,"Analiza systemów; Projektowanie systemów; Metody analizy systemowej; Inżynieria systemów; Analiza organizacji; Diagnoza procesów; Modelowanie procesów; Projektowanie procesów; Proces biznesowe; Rozwiązywanie problemów menedżerskich; Techniki inżynierskie; Cele analityczne; Dane biznesowe; Problem decyzyjny; Techniki analityki; Uczenie maszynowe; Analiza danych niedoskonałych; Modele predykcyjne; Uczenie nadzorowane; Uczenie nienadzorowane; Predyktory; Walidacja modeli; Analityka tekstu; Analiza wydźwięku; Analityka biznesowa; Analityka predykcyjna; Interpretacja wyników; Identyfikacja potrzeb; SIZ","Analizuje i dostosowuje strukturę systemu, zarówno dla istniejących systemów oraz podczas projektowania nowych systemów. | Krytycznie analizuje i ocenia sposoby funkcjonowania systemu (ze szczególnym uwzględnieniem organizacji jako systemu). | Stosuje wybrane metody analizy systemowej oraz inżynierii systemów (także w odniesieniu do analizy i doskonalenia organizacji jako systemu). | Krytycznie ocenia sposób działania organizacji oraz proponuje technologie, jakie można zastosować w celu polepszenia sytuacji w poszczególnych jej obszarach. | Posługuje się wybranymi metodami i technikami inżynierskimi do diagnozy, krytycznej analizy, modelowania i projektowania procesów biznesowych, w ścisłym powiązaniu z celem pracy dyplomowej. | Formułuje propozycje rozwiązań problemu menedżerskiego i weryfikuje je zgodnie z założeniami. | Formułuje predykcyjne cele analityczne, przygotowuje do analizy dane biznesowe dla ustalonego problemu decyzyjnegoz wykorzystaniem wybranych technik analityki i uczenia maszynowego, dobiera podejścia do analizy danych niedoskonałych, buduje modele predykcyjne oparte na uczeniu nadzorowanym i nienadzorowanym, dobiera predyktoryi przeprowadza walidację modeli, stosuje wybrane techniki analityki tekstu i analizy wydźwięku | Stosuje wybrane technologie informacyjne analityki biznesowej oparte na uczeniu maszynowym z dostępnych pakietów analityki predykcyjnej do oceny, diagnozy i prognozy sytuacji biznesowej oraz do interpretacji wyników dla decydenta biznesowego | Identyfikuje i analizuje potrzeby wybranego obszaru organizacjii ocenia przydatność poszczególnych SIZ pod kątem tych potrzeb.",4,"Analizuje, Krytycznie, Stosuje, Identyfikuje",62.9
"K1_IZ_U14","Skills","Potrafi dokonać identyfikacji i sformułować specyfikację prostych zadań inżynierskich o charakterze praktycznym dotyczących różnych kategorii przedsięwzięć (projektów), procesów biznesowych, systemów i podsystemów zarządzania charakterystycznych dla inżynierii zarządzania.",18,"Metody badań ergonomicznych; Ocena jakości ergonomicznej; Ocena jakości użytkowej; Norma ISO 9241; Projektowanie ergonomiczne; Diagnostyka systemów informacyjnych; Projektowanie komputeryzacji systemów informacyjnych; Proces biznesowy; Przygotowanie aplikacji; Model matematyczny; Problemy optymalizacyjne; Narzędzia IT; Modelowanie procesów biznesowych; Specyfikacja zadań inżynierskich; Zarządzanie projektami; Systemy zarządzania; Prezentacja ustna; Zastosowania IT w biznesie; Aspekty systemowe; Normy i standardy; Aspekty ekonomiczne; Aspekty prawne; Aspekty ekologiczne; Aspekty psychologiczne; Etyka zawodowa; Graficzne projektowanie wizualne; Metody grafiki komputerowej; Analiza problemów organizacyjnych; Metody organizatorskie","Potrafi stosować metody badań ergonomicznych | Potrafi określić normatywne uwarunkowania oceny jakości ergonomicznej | Posługuje się narzędziami do oceny jakości użytkowej w paradygmacie normy ISO 9241 | Potrafi zdiagnozować i skorygować czynniki determinujące poziom jakości ergonomicznej stanowiska pracy. | Potrafi zastosować wybrane metody aby zaprojektować ergonomiczne stanowisko pracy do realizacji opisanych zadań i procesów. | Potrafi zastosować w praktyce rozwiązania teoretycznei metodologiczne w zakresie diagnostyki systemów informacyjnych zarządzania | Potrafi zastosować w praktyce rozwiązania teoretycznei metodologiczne w zakresie projektowania komputeryzacji systemów informacyjnych zarządzania | Przygotowuje aplikację na podstawie wybranego procesu biznesowego. | Konstruuje model matematyczny dla praktycznych problemów optymalizacyjnych. | Stosuje odpowiednie narzędzia IT do rozwiązywania problemów optymalizacyjnych | Modeluje wybrane procesy biznesowe korzystając z różnych notacji. | Analizuje i opracowuje specyfikację zadań inżynierskichw kontekście praktycznych wyzwań w projektach, procesach biznesowych oraz systemach zarządzania. | Przygotowuje prezentację ustną, dotyczącą szczegółowych zagadnień inżynierskich, a w szczególności zagadnień dotyczących zastosowań IT w biznesie. | Potrafi przy formułowaniu i rozwiązywaniu zadań o charakterze inżynierskim dotyczących procesów biznesowych, procesów innowacyjnych, projektów, zastosowania IT w biznesie — dostrzegać ich aspekty systemowe oraz posługiwać się właściwymi normami i standardami, także pozatechnicznymi - ekonomicznymi, prawnymi, ekologicznymi, psychologicznymi, zawodowymii moralnymi. | Posługuje się wybranymi narzędziami do graficznego projektowania wizualnego przekazu marketingowego. | Potrafi zastosować wybrane metody grafiki komputerowej do zaprojektowania wizualnego przekazu marketingowego. | Analizuje, ocenia a następnie projektuje rozwiązanie problemu organizatorskiego, prezentowane w formie projektu. | Posługuje się odpowiednimi metodami organizatorskimi, wykorzystywanymi w poszczególnych obszarach funkcjonalnych przedsiębiorstwa.",6,"Potrafi, Przygotowuje, Konstruuje, Stosuje, Modeluje, Analizuje",65.6
"K1_IZ_U15","Skills","Potrafi zastosować metody, techniki oraz narzędzia matematyczne, analityczne i informatyczne, aby rozwiązywać problemy inżynierskie w zarządzaniu, a w szczególności problemy dotyczące zastosowań IT w biznesie.",19,"Metody eksploracyjnej analizy danych; analiza danych; analityka deskryptywna; analityka predykcyjna; techniki eksploracji danych; grupowanie; klasyfikowanie; prognozowanie; znajdowanie asocjacji; pozyskiwanie danych; gromadzenie danych; prezentowanie danych; Metody badań operacyjnych; procesy decyzyjne; Oprogramowanie komputerowe; języki modelowania matematycznego; Metody optymalizacji; problemy optymalizacyjne; Metody analizy wielokryterialnej; Systemy informatyczne zarządzania; Bazy danych; Hurtownie danych; OLAP; Modele wielokryteriowe; Metody i techniki inżynierskie; Diagnoza; Krytyczna analiza; Modelowanie; Projektowanie procesów biznesowych; Rozwiązania problemów menedżerskich; Metody obiektywne; Metody subiektywne; Komputerowe narzędzia; Projektowanie stanowisk pracy; Wirtualne projektowanie stanowisk pracy; Cyfrowe modele człowieka; Statystyczne modele człowieka; Projektowanie systemów interakcyjnych; Technologie informatyczne; Narzędzia informatyczne; Przetwarzanie tekstów; Problemy zarządcze; Aparat matematyczny; Problemy inżynierskie; Wizualizacje; Pulpity menedżerskie; Prezentacje biznesowe","Stosuje metody eksploracyjnej analizy danych i interpretuje jej wyniki w kontekście ustalonego problemu biznesowego | Stosuje technologie informacyjne analityki deskryptywnej i prostej analityki predykcyjnej z dostępnych pakietów analitycznychdo budowy wizualizacji, pulpitów menedżerskich i prezentacji biznesowych | Stosuje technologie informacyjne analityki deskryptywnej i prostej analityki predykcyjnej z dostępnych pakietów analitycznychdo budowy pulpitów menedżerskich i prezentacji danych biznesowych | Stosuje metody badań operacyjnych jako narzędziedo wspomagania procesów decyzyjnych w organizacjach. | Stosuje oprogramowanie komputerowe, w tym języki modelowania matematycznego, do rozwiązywania praktycznych problemów decyzyjnych. | Posługuje się metodami dowodzenia poprawności rozumowań. | Rozpoznaje poprawne i niepoprawne rozumowania oraz wyciąga poprawne wnioski z przyjętych założeń. | Stosuje metody optymalizacji jako narzędzie do wspomagania procesów decyzyjnych w organizacjach. | Stosuje oprogramowanie komputerowe, w tym języki modelowania matematycznego, do rozwiązywania praktycznych problemów optymalizacyjnych. | Za pomocą wybranych metod analizy wielokryterialnej i narzędzi, w środowisku wybranych systemów informatycznych zarządzania, baz i hurtowni danych i OLAP potrafi: (1) identyfikować i analizować potrzeby decydentów w pozyskiwaniu i analizie danychdo podejmowania decyzji oraz (2) tworzyć i rozwiązywać proste modele wielokryteriowych problemów decyzyjnych | Za pomocą wybranych metod analizy wielokryterialnej i narzędzi, w środowisku wybranych systemów informatycznych zarządzania, baz i hurtowni danych i OLAP potrafi (z położeniem naciskuna usługi): (1) identyfikować i analizować potrzeby decydentóww pozyskiwaniu i analizie danych do podejmowania decyzji oraz (2) tworzyć i rozwiązywać proste modele wielokryteriowych problemów decyzyjnych | Posługuje się wybranymi metodami i technikami inżynierskimi do diagnozy, krytycznej analizy, modelowania i projektowania procesów biznesowych, w ścisłym powiązaniu z celem pracy dyplomowej. | Formułuje propozycje rozwiązań problemu menedżerskiego i weryfikuje je zgodnie z założeniami. | Ocenia za pomocą metod obiektywnych i subiektywnych istniejące projekty stanowisk pracy i dokonuje ich modyfikacjiz wykorzystaniem metod optymalizacyjnych, a także wykorzystuje odpowiednie metody i komputerowe narzędzia do poprawnego projektowania stanowisk pracy, dodatkowo wykorzystujew praktyce środowisko do wirtualnego projektowania stanowisk pracy i korzysta z cyfrowych, statystycznych modeli człowieka. | Potrafi ocenić za pomocą metod obiektywnych i subiektywnych istniejące projekty systemów interakcyjnych i dokonać ich modyfikacji z wykorzystaniem metod optymalizacyjnych, a także potrafi wykorzystać odpowiednie metody i komputerowe narzędzia do poprawnego projektowania systemów interakcyjnych. | Wykorzystuje techniki i modele technik eksploracji danych do rozwiązania problemów (np. | grupowania, klasyfikowania, prognozowania, znajdowania asocjacji). | Dobiera i wykorzystuje właściwe technologie, metody, technikii narzędzia informatyczne do przetwarzania tekstów na potrzeby wspomagania działania organizacji i rozwiązywania problemów zarządczych. | Dobiera i wykorzystuje właściwe technologie, metody, techniki i narzędzia informatyczne do pozyskiwania, gromadzenia,analizowania i prezentowania danych na potrzeby wspomagania działania organizacji i rozwiązywania problemów zarządczych. | Wykorzystuje techniki i modelu technik eksploracji danych do rozwiązania problemów (np. | Posługuje się aparatem matematycznym wykorzystywanym w optymalizacji do rozwiązywania problemów inżynierskich.",7,"Stosuje, Rozpoznaje, Za, Ocenia, Potrafi, Wykorzystuje, Dobiera",69.6
"K1_IZ_U16","Skills","Potrafi — zgodnie z zadaną specyfikacją — samodzielnie lub w zespole zaprojektować oraz zrealizować obiekt informatyczny, na przykład program komputerowy, bazę danych, bazę wiedzy, hurtownię danych, procedurę podjęcia decyzji, system informatyczny lub implementację procesu biznesowego i inne typowe dla kierunku inżynieria zarządzania, używając właściwych metod, technik i narzędzi.",8,"system relacyjnej bazy danych; system zarządzania bazą danych; hurtownie danych; projektowanie hurtowni danych; MS Excel; programowanie VBA; programowanie Python; CMS; proces biznesowy; aplikacja; automatyzacja; analiz ekonomicznych; procedury pozyskiwania danych; przetwarzanie danych; strukturalizowanie danych; diagnostyka sieci komputerowych; rozwiązania serwerowe; rozwiązania aplikacyjne; bezpieczeństwo danych; komunikacja w Internecie; konstrukcje programistyczne","Projektuje i implementuje system relacyjnej bazy danych. | W środowisku wybranego systemu zarządzania bazą danych potrafi: (1) identyfikować i analizować potrzeby biznesowe decydentów w zakresie projektowania i tworzenia hurtowni danych(2) projektować, tworzyć i wykorzystywać hurtownie danych do rozwiązywania wybranych problemów decyzyjnych | Przygotowuje aplikację na podstawie wybranego procesu biznesowego. | Stosuje programowanie w języku VBA do rozszerzenia funkcjonalności komputerowych pakietów użytkowych np. | MS Excel spełniające podane funkcjonalności i wykorzystujące wskazane konstrukcje programistyczne. | Stosuje programowanie w języku Python do automatyzacji zadań przetwarzania danych definiujących problem biznesowy, wykorzystując wskazane konstrukcje programistyczne i spełniając podane funkcjonalności. | Projektuje automatyzowanie wybranych czynności w zakresie analiz ekonomicznych. | Przygotowuje procedury pozyskiwania i przetwarzanie danych i informacji na podstawie źródeło zróżnicowanym charakterze w celu ich strukturalizowania. | Stosuje właściwe narzędzia diagnostyki sieci komputerowych. | Dobiera odpowiednie usługi dostawców rozwiązań serwerowych i aplikacyjnych oraz projektuje i wdraża systemy zarządzania treścią (CMS). | Stosuje właściwe mechanizmy zapewnienia bezpieczeństwa danych i komunikacji w Internecie.",4,"Projektuje, Przygotowuje, Stosuje, Dobiera",65.1
"K1_IZ_U17","Skills","Potrafi formułować i rozwiązywać proste zadania inżynierskie w zakresie zastosowania IT w biznesie.",9,"metody badań operacyjnych; oprogramowanie komputerowe; języki modelowania matematycznego; strukturalny język zapytań; relacyjna baza danych; system zarządzania bazą danych; hurtownie danych; metody analizy wielokryterialnej; systemy informatyczne zarządzania; bazy danych; OLAP; modele wielokryteriowe; predykcyjne cele analityczne; techniki analityki i uczenia maszynowego; analiza danych niedoskonałych; modele predykcyjne; uczenie nadzorowane; uczenie nienadzorowane; predyktory; walidacja modeli; techniki analityki tekstu; analiza wydźwięku; technologie informacyjne analityki biznesowej; analityka predykcyjna","Stosuje metody badań operacyjnych jako narzędziedo wspomagania procesów decyzyjnych w organizacjach. | Stosuje oprogramowanie komputerowe, w tym języki modelowania matematycznego, do rozwiązywania praktycznych problemów decyzyjnych. | Posługuje się strukturalnym językiem zapytań i wykorzystuje go do pozyskiwania informacji z relacyjnej bazy danych | W środowisku wybranego systemu zarządzania bazą danych potrafi: (1) identyfikować i analizować potrzeby biznesowe decydentów w zakresie projektowania i tworzenia hurtowni danych(2) projektować, tworzyć i wykorzystywać hurtownie danych do rozwiązywania wybranych problemów decyzyjnych | Stosuje oprogramowanie komputerowe, w tym języki modelowania matematycznego, do rozwiązywania praktycznych problemów optymalizacyjnych. | Za pomocą wybranych metod analizy wielokryterialnej i narzędzi, w środowisku wybranych systemów informatycznych zarządzania, baz i hurtowni danych i OLAP potrafi: (1) identyfikować i analizować potrzeby decydentów w pozyskiwaniu i analizie danychdo podejmowania decyzji oraz (2) tworzyć i rozwiązywać proste modele wielokryteriowych problemów decyzyjnych | Za pomocą wybranych metod analizy wielokryterialnej i narzędzi, w środowisku wybranych systemów informatycznych zarządzania, baz i hurtowni danych i OLAP potrafi (z położeniem naciskuna usługi): (1) identyfikować i analizować potrzeby decydentóww pozyskiwaniu i analizie danych do podejmowania decyzji oraz (2) tworzyć i rozwiązywać proste modele wielokryteriowych problemów decyzyjnych | Formułuje predykcyjne cele analityczne, przygotowuje do analizy dane biznesowe dla ustalonego problemu decyzyjnegoz wykorzystaniem wybranych technik analityki i uczenia maszynowego, dobiera podejścia do analizy danych niedoskonałych, buduje modele predykcyjne oparte na uczeniu nadzorowanym i nienadzorowanym, dobiera predyktoryi przeprowadza walidację modeli, stosuje wybrane techniki analityki tekstu i analizy wydźwięku | Stosuje wybrane technologie informacyjne analityki biznesowej oparte na uczeniu maszynowym z dostępnych pakietów analityki predykcyjnej do oceny, diagnozy i prognozy sytuacji biznesowej oraz do interpretacji wyników dla decydenta biznesowego",2,"Stosuje, Za",71.9
"K1_IZ_U18","Skills","Potrafi, używając właściwych metod i narzędzi, zaprojektować systemy, procesy i stanowiska pracy w poszczególnych obszarach funkcjonalnych przedsiębiorstwa i przedsięwzięciach realizowanych w formie projektów.",25,"Controlling projektów; Metody badań ergonomicznych; Normatywne uwarunkowania oceny jakości ergonomicznej; Narzędzia do oceny jakości użytkowej; Norma ISO 9241; Czynniki determinujące poziom jakości ergonomicznej stanowiska pracy; Metody projektowania ergonomicznego; Diagnostyka systemów informacyjnych zarządzania; Projektowanie komputeryzacji systemów informacyjnych zarządzania; Model matematyczny; Problemy optymalizacyjne; Eksperymenty obliczeniowe; Narzędzia IT; Metody informatyczne; Techniki informatyczne; Narzędzia informatyczne; Zarządzanie projektami; Projektowanie systemów; Projektowanie procesów; Metody inżynierskie; Techniki inżynierskie; Narzędzia inżynierskie; Procesy biznesowe; Procesy innowacyjne; Aspekty systemowe; Normy i standardy; Aspekty ekonomiczne; Aspekty prawne; Aspekty ekologiczne; Aspekty psychologiczne; Aspekty zawodowe; Aspekty moralne; Metody obiektywne; Metody subiektywne; Metody optymalizacyjne; Komputerowe narzędzia; Wirtualne projektowanie stanowisk pracy; Cyfrowe modele człowieka; Statystyczne modele człowieka; Projektowanie systemów interakcyjnych; Metody projektowania systemów zarządzania; Techniki projektowania systemów zarządzania; Organizacje zorientowane procesowo; Problemy zarządcze; Organizacja zorientowana projektowo; Narzędzia do graficznego projektowania wizualnego; Projektowanie wizualne przekazu marketingowego; Metody grafiki komputerowej; Analiza problemu organizatorskiego; Projektowanie rozwiązań organizacyjnych; Metody organizatorskie; Model cyklu życia oprogramowania","Demonstruje umiejętność stosowania instrumentów controllingu projektów. | Potrafi stosować metody badań ergonomicznych | Potrafi określić normatywne uwarunkowania oceny jakości ergonomicznej | Posługuje się narzędziami do oceny jakości użytkowej w paradygmacie normy ISO 9241 | Potrafi zdiagnozować i skorygować czynniki determinujące poziom jakości ergonomicznej stanowiska pracy. | Potrafi zastosować wybrane metody aby zaprojektować ergonomiczne stanowisko pracy do realizacji opisanych zadań i procesów. | Potrafi zastosować w praktyce rozwiązania teoretycznei metodologiczne w zakresie diagnostyki systemów informacyjnych zarządzania | Potrafi zastosować w praktyce rozwiązania teoretycznei metodologiczne w zakresie projektowania komputeryzacji systemów informacyjnych zarządzania | Konstruuje model matematyczny dla praktycznych problemów optymalizacyjnych. | Przeprowadza eksperymenty obliczeniowe oraz interpretuje uzyskane rozwiązanie | Stosuje odpowiednie narzędzia IT do rozwiązywania problemów optymalizacyjnych | Stosuje wybrane metody, techniki, narzędzia informatyczne i matematyczne wspierające zarządzanie projektamido projektowania systemów, procesów oraz stanowisk pracy w przedsięwzięciach realizowanych w formie projektów,uwzględniając potrzeby poszczególnych obszarów funkcjonalnych przedsiębiorstwa | Projektuje systemy i/lub procesy stosując właściwe metody, techniki i narzędzia o charakterze inżynierskim dla wybranych obszarów funkcjonalnych przedsiębiorstwa (organizacji). | Potrafi przy formułowaniu i rozwiązywaniu zadań o charakterze inżynierskim dotyczących procesów biznesowych, procesów innowacyjnych, projektów, zastosowania IT w biznesie — dostrzegać ich aspekty systemowe oraz posługiwać się właściwymi normami i standardami, także pozatechnicznymi - ekonomicznymi, prawnymi, ekologicznymi, psychologicznymi, zawodowymii moralnymi. | Ocenia za pomocą metod obiektywnych i subiektywnych istniejące projekty stanowisk pracy i dokonuje ich modyfikacjiz wykorzystaniem metod optymalizacyjnych, a także wykorzystuje odpowiednie metody i komputerowe narzędzia do poprawnego projektowania stanowisk pracy, dodatkowo wykorzystujew praktyce środowisko do wirtualnego projektowania stanowisk pracy i korzysta z cyfrowych, statystycznych modeli człowieka. | Potrafi ocenić za pomocą metod obiektywnych i subiektywnych istniejące projekty systemów interakcyjnych i dokonać ich modyfikacji z wykorzystaniem metod optymalizacyjnych, a także potrafi wykorzystać odpowiednie metody i komputerowe narzędzia do poprawnego projektowania systemów interakcyjnych. | Dobiera i stosuje metody i techniki projektowania systemów zarządzania w organizacjach zorientowanych procesowo. | Opracowuje rozwiązania złożonych problemów zarządczych i merytorycznych w organizacji zorientowanej procesowo. | Dobiera i stosuje metody i techniki projektowania systemów zarządzania w organizacjach zorientowanych projektowo. | Opracowuje rozwiązania złożonych problemów zarządczych i merytorycznych w organizacji zorientowanej projektowo. | Posługuje się wybranymi narzędziami do graficznego projektowania wizualnego przekazu marketingowego. | Potrafi zastosować wybrane metody grafiki komputerowej do zaprojektowania wizualnego przekazu marketingowego. | Analizuje, ocenia a następnie projektuje rozwiązanie problemu organizatorskiego, prezentowane w formie projektu. | Posługuje się odpowiednimi metodami organizatorskimi, wykorzystywanymi w poszczególnych obszarach funkcjonalnych przedsiębiorstwa. | Dokonuje wyboru modelu cyklu życia oprogramowania.",11,"Demonstruje, Potrafi, Konstruuje, Przeprowadza, Stosuje, Projektuje, Ocenia, Dobiera, Opracowuje, Analizuje, Dokonuje",56.7
"K1_IZ_U19","Skills","Potrafi identyfikować i interpretować kulturowe, prawne, ekonomiczne, społeczne, technologiczne, humanistyczne oraz ekologiczne aspekty swojej działalności inżynierskiej, a także menedżerskiej.",20,"Praca grupowych; Praca zespołowa; Organizacja pracy; Kierowanie zespołem; Analiza problemów; Regulacje etyczne; Etyka zawodowa; Etyka biznesu; Etyka badań naukowych; Dylemat etyczny; Analiza komunikacji; Aspekty kulturowe; Aspekty społeczne; Aspekty psychologiczne; Działalność menedżerska; Wymiar społeczno-humanistyczny; Zarządzanie stresem; Interpretacja przepisów prawnych; Kompetencje menadżerskie; Funkcje menadżerskie; Proces decyzyjny; Analiza narracyjna; Dyskurs publiczny; Studium wykonalności; Narzędzia analityczne; Zakres projektu inżynierskiego; Inwestycja infrastrukturalna; Normy i standardy; Uwarunkowania kulturowe; Uwarunkowania społeczne; Uwarunkowania ekonomiczne; Uwarunkowania techniczne; Uwarunkowania środowiskowe; Metody analityczne; Macierz oceny ryzyka; Matryca logiczna; Narzędzia informatyczne; Formułowanie założeń; Krytyczna analiza; Problemy menedżerskie; Regulacje prawne; Własność intelektualna; Prawo przemysłowe; Normy etyczne; Autonomia twórcza; Czynniki zachowań organizacyjnych; Narzędzia kształtowania zachowań organizacyjnych; Zarządzanie różnorodnością; Efektywność pracy; Integracja zespołów","Potrafi konstruować pracę w grupowych i zespołowych formach organizacji pracy (przyjmując w nich różne role), organizuje pracę małych zespołów i nimi kieruje. | Analizuje i interpretuje problemy w efektywnej pracy grupowej w organizacji. | Potrafi zidentyfikować odpowiednie regulacje etyczne z zakresu etyki zawodowej, etyki biznesu i etyki badań naukowych oraz zastosować je w praktyce działalności menedżerskiej lub inżynierskiej, szczególnie w sytuacji zaistniałego sporu lub dylematu etycznego. | Analizuje i kategoryzuje problemy związane z komunikacją w zespole. | Potrafi identyfikować i interpretować kulturowe, społecznei psychologiczne swojej działalności zespołowej, organizacyjnej i także menedżerskiej. | Dostrzega i uwzględnia znaczenie społeczno-humanistycznego wymiaru swojej działalności zawodowej. | Potrafi niwelować i zapobiegać konsekwencjom stresu w grupie i organizacji. | Potrafi interpretować przepisy prawne w dziedzinie działalności biznesowej. | Demonstruje i rozwija u siebie kluczowe kompetencje wspierające realizację funkcji menadżerskich. | Dobiera kompetencje menedżerskie w zależności od sytuacji. | Analizuje i interpretuje procesy umysłowe i decyzyjne podejmowane przez człowieka | Interpretuje i weryfikuje psychologiczne i społeczne aspekty swojej działalności inżynierskiej, a także menedżerskiej. | Interpretuje narracyjne elementy dyskursów publicznych zgodnie z ich pragmatyką i obszarem zastosowania; | potrafi przeprowadzić analizę narracyjną zjawisk społecznych. | Przygotowuje elementy studium wykonalności, prezentuje wyniki swoich prac w sposób komunikatywny dla specjalistów z zakresu nauk społecznych i technicznych i przy użyciu odpowiednich narzędzi analitycznych. | Identyfikuje i definiuje zakres projektu inżynierskiego (inwestycja infrastrukturalna), określa jego etapy, normy i standardy wykonania, jak również uwarunkowania: kulturowe, społeczne, ekonomiczne, techniczne i środowiskowe. | Używa w tym celu odpowiednich metod analitycznych (np. | macierz oceny ryzyka, matryca logiczna) i narzędzi informatycznych. | Formułuje założenia do analiz i na ich podstawie przeprowadza analizę. | Krytycznie analizuje wystąpienia i prezentacje innych osób, organizacji i instytucji. | Identyfikuje oraz interpretuje problemy menedżerskie. | Identyfikuje regulacje prawne w dziedzinie własności intelektualnej i przemysłowej łącząc je z poszanowaniem norm etycznych oraz autonomii twórczej. | Identyfikuje kluczowe czynniki kształtujące zachowania organizacyjne oraz analizuje wpływ otoczenia organizacji na zachowania jej pracowników. | Wykorzystuje narzędzia służące kształtowaniu zachowań organizacyjnych w praktyce. | Interpretuje oraz ocenia kulturowe, prawne, i społeczne aspekty zarządzania różnorodnością w organizacji oraz ocenia ich wpływ na efektywność pracy i integrację zespołów.",10,"Potrafi, Analizuje, Dostrzega, Demonstruje, Dobiera, Interpretuje, Przygotowuje, Identyfikuje, Krytycznie, Wykorzystuje",60.1
"K1_IZ_U20","Skills","Potrafi analizować i oceniać cele, cechy, elementy, procesy, obszary funkcjonalne w przedsiębiorstwie oraz wewnętrzne i międzyorganizacyjne relacje, stosując pojęcia i ujęcia teoretyczne z zakresu ekonomii, polityki gospodarczej, nauk o zarządzaniu, analizy systemowej i metodyki projektowania inżynierskiego.",8,"Ekonomia; Polityka gospodarcza; Nauki o zarządzaniu; Analiza systemowa; Metodyka projektowania inżynierskiego; Struktura systemu; Projektowanie systemów; Organizacja jako system; Inżynieria systemów; Technologie; Rozwiązania IT; Zasady ekonomiczne; Regulacja ekonomiczna; Innowacja; Organizacja innowacyjna; Strategie; Modele; Procesy; Zarządzanie; Relacje między organizacjami; Interakcje organizacji z otoczeniem","Analizuje i dostosowuje strukturę systemu, zarówno dla istniejących systemów oraz podczas projektowania nowych systemów. | Krytycznie analizuje i ocenia sposoby funkcjonowania systemu (ze szczególnym uwzględnieniem organizacji jako systemu). | Stosuje wybrane metody analizy systemowej oraz inżynierii systemów (także w odniesieniu do analizy i doskonalenia organizacji jako systemu). | Analizuje korzyści i zagrożenia wynikające ze stosowania poszczególnych technologie i rozwiązania IT. | Prognozuje i rozwiązuje problemy gospodarcze stosując zasady i prawa ekonomiczne oraz stosuje instrumenty regulacji ekonomicznej | Diagnozuje, analizuje oraz interpretuje i ocenia cele, cechy, elementy innowacji oraz organizacji innowacyjneji przedsiębiorczej. | Projektuje strategie, modele, procesy oraz metody, które wspierają budowanie i rozwój organizacji innowacyjnej. | Analizuje i ocenia elementy organizacji oraz relacje między nimi, a także interakcje organizacji z otoczeniem. | Identyfikuje i analizuje typowe problemy zarządzania.",7,"Analizuje, Krytycznie, Stosuje, Prognozuje, Diagnozuje, Projektuje, Identyfikuje",60
"K1_IZ_U21","Skills","Posiada umiejętność analizowania przyczyn i dynamiki zjawisk w organizacji i jej otoczeniu w warunkach gospodarki rynkowej i obowiązujących regulacji ekonomiczno-prawnych. Potrafi identyfikować i analizować typowe problemy zarządcze i merytoryczne w organizacji oraz w jej obszarach funkcjonalnych.",14,"Analiza sprawozdań finansowych; Wnioski analityczne; Analiza przyczyn i dynamiki zjawisk; Gospodarka rynkowa; Regulacje ekonomiczno-prawne; Analiza problemów zarządczych; Obszary funkcjonalne; Inżynierski sposób myślenia; Problemy marketingowe; Dobre praktyki marketingowe; Analiza zjawisk marketingowych; Rachunek efektywnościowy; Analiza what-if; Decyzje ilościowe; Wskaźniki ekonomiczno-finansowe; Procesy organizacyjne; Prognozowanie wyników finansowych; Prognozowanie przepływów pieniężnych; Podejmowanie decyzji; Porównawcza analiza strategii; Analiza konkurencji; Zależności przyczynowo-skutkowe; Zarządzanie jakością; Metody i narzędzia; Diagnoza problemów decyzyjnych; Logistyka operacyjna; Analiza funkcji personalnej; Struktura zadaniowa; Techniki pozyskiwania informacji; Wywiad; Ankieta; Dokumentacja; Interpretacja informacji; Integracja informacji; Ekspertyzy; Raport pisemny; Badania diagnostyczne","Ma umiejętności analizowania sprawozdań finansowych organizacji, wyprowadza wnioski analityczne. | Ma umiejętności analizowania przyczyn i dynamiki zjawiskw organizacji i jej otoczeniu w warunkach gospodarki rynkowej i obowiązujących regulacji ekonomiczno-prawnych. | Analizujetypowe problemy zarządcze i merytoryczne w organizacji oraz w jej obszarach funkcjonalnych. | Posługuje się inżynierskim sposobem myślenia do identyfikacji wybranych, istotnych problemów marketingowych w zarządzaniu przedsiębiorstwem oraz formułowania propozycji ich rozwiązań. | Stosuje dobre praktyki marketingowe w zarządzaniu przedsiębiorstwem, ze szczególnym uwzględnieniem analizowania przyczyn i dynamiki zjawisk marketingowych | Analizuje i ocenia sprawozdania finansowe. | Opracowuje rachunek efektywnościowy przedsiębiorstwa. | Tworzy system do analizy what-if wspomagający decyzje ilościowe dotyczące różnych obszarów funkcjonalnych organizacji gospodarczej, wykorzystując informacje o procesach zachodzących w organizacji oraz wiedzę o wskaźnikach sytuacji ekonomiczno-finansowej przedsiębiorstwa. | Prognozuje wyniki finansowe i przepływy środków pieniężnych oraz wykorzystuje opracowane prognozy w podejmowaniu decyzji. | Dokonuje krytycznej porównawczej analizy strategii i wyników konkurujących podmiotów gospodarczych identyfikując błędy, dylematy i zależności przyczynowo- skutkowe oraz prezentuje wyniki tej analizy. | Identyfikuje i analizuje problemy zarządzania jakością w organizacjach używając właściwych metod i narzędzi. | Identyfikuje i diagnozuje problemy decyzyjne przedsiębiorstw w obszarze logistycznej działalności operacyjnej. | Analizuje i ocenia elementy i problemy zarządcze i merytoryczne struktury zadaniowej funkcji personalnej w konkretnej organizacji, interpretując na podstawie literatury pojęcia i zagadnienia dotyczące funkcji personalnej oraz dokonując oceny stanu istniejącego wraz ze wskazaniem sposobów rozwiązania występujących problemów lub doskonalenia realizacji funkcji personalnej. | Wyszukuje źródła informacji i stosuje techniki ich pozyskiwania (wywiad, ankieta, dokumentacja); | integruje i interpretuje uzyskane informacje. | Przygotowuje ekspertyzy w formie raportu pisemnego oraz prezentuje wyniki badań diagnostycznych i broni przedstawionych wniosków.",11,"Ma, Analizujetypowe, Stosuje, Analizuje, Opracowuje, Tworzy, Prognozuje, Dokonuje, Identyfikuje, Wyszukuje, Przygotowuje",60.1
"K1_IZ_W01","Knowledge","Ma zaawansowaną wiedzę w zakresie matematyki, obejmującą aparat rachunku różniczkowego i całkowego, rachunku macierzowego w zakresie rozwiązywania układów równań liniowych oraz elementów logiki pragmatycznej oraz rachunku prawdopodobieństwa, potrzebną do zrozumienia i konstrukcji opisów formalnych systemów i procesów technicznych i nietechnicznych, a także do rozwiązywania problemów analizy i syntezy dla systemów i procesów.",15,"Równania; Nierówności; Wartość bezwzględna; Wielomiany; Funkcje wymierne; Funkcje wykładnicze; Funkcje logarytmiczne; Funkcje elementarne; Rachunek różniczkowy; Rachunek całkowy; Funkcja jednej zmiennej; Funkcja wielu zmiennych; Rachunek macierzowy; Układy równań liniowych; Wyznaczanie ekstremów funkcji; Logika; Teoria zbiorów; Relacje; Model matematyczny; Problemy decyzyjne; Algorytmy; Badania operacyjne; Problemy optymalizacyjne; Optymalizacja; Modele optymalizacyjne; Wypukłe modele optymalizacyjne; Modele statystyczne; Modele regresji; Probabilistyka; Analiza danych niepewnych; Techniki eksploracyjnej analizy danych; Modele eksploracji danych","Ma podstawową wiedzę z zakresu rozwiązywania równańi nierówności z wartością bezwzględną, wielomianami, funkcjami wymiernymi, wykładniczymi i logarytmicznymi. | Zna własności funkcji elementarnych i podstawy rachunku różniczkowego i całkowego funkcji jednej zmiennej. | Ma podstawową wiedzę z zakresu rachunku różniczkowego funkcji wielu zmiennych. | Wybiera właściwy model matematyczny dla problemów decyzyjnych w organizacjach. | Opisuje algorytmy stosowane w badaniach operacyjnych. | Wymienia i charakteryzuje pojęcia z zakresu logiki, teorii zbiorów i relacji. | Wybiera właściwy model matematyczny dla problemów optymalizacyjnych w organizacjach. | Opisuje kluczowe algorytmy stosowane w optymalizacji. | Charakteryzuje i opisuje modele statystyczne ze szczególnym uwzględnieniem modeli regresji. | Wyjaśnia w jaki sposób te modele mogą być wykorzystane w celu rozwiązania problemów z obszarów organizacji. | Charakteryzuje pojęcia probabilistyki oraz dobiera odpowiednie narzędzia wykorzystywane w analizie danych niepewnych. | Charakteryzuje i opisuje modele statystyczne oraz techniki eksploracyjnej analizy danych. | Wyjaśnia w jaki sposób te modele i techniki mogą być wykorzystane w celu rozwiązania problemów z obszarów organizacji. | Identyfikuje techniki i modele eksploracji danych do odpowiednich problemów i danych. | Objaśnia działanie modeli technik eksploracji danych. | Charakteryzuje metody matematyczne stosowane w optymalizacji, takie jak rachunek macierzowy, układy równań liniowych oraz wyznaczanie ekstremów funkcji | Charakteryzuje rodzaje i własności modeli optymalizacyjnych, w szczególności wypukłych modeli optymalizacyjnych",7,"Ma, Zna, Wybiera, Opisuje, Wymienia, Charakteryzuje, Identyfikuje",60.6
"K1_IZ_W02","Knowledge","Ma zaawansowaną wiedzę w zakresie fizyki potrzebną do zrozumienia i wyjaśnienia wpływu materialnego środowiska pracy na obciążenie pracownika, a także do rozwiązywania problemów ergonomicznych dla układu człowiek – maszyna.",3,"Czynniki środowiska pracy; Wpływ na pracowników; Metody oceny; Metody analizy; Zasady projektowania; Stanowiska pracy; Systemy interakcyjne","Rozpoznaje wybrane czynniki środowiska pracy i wyjaśnia ich wpływ na pracowników. | Wymienia i charakteryzuje obiektywne i subiektywne metod oceny, analizy i zasad projektowania różnych aspektów stanowisk pracy. | Wymienia i charakteryzuje obiektywne i subiektywne metody oceny, analizy i zasad projektowania różnych aspektów systemów interakcyjnych.",2,"Rozpoznaje, Wymienia",60.3
"K1_IZ_W03","Knowledge","Ma zaawansowaną wiedzę z zakresu ekonomii oraz rozumie relacje między ekonomią a naukami społecznymi i technicznymi, w tym nauką o zarządzaniu i jakości w kontekście działalności inżynierskiej.",5,"Ekonomia; Nauki społeczne; Nauki techniczne; Nauka o zarządzaniu; Jakość; Działalność inżynierska; Metody diagnozowania; Techniki usprawniania; Obszary funkcjonalne organizacji; Normy; Standardy; Gospodarka rynkowa; Instrumenty polityki gospodarczej; Uwarunkowania społeczne; Uwarunkowania techniczne; Uwarunkowania ekonomiczne; Uwarunkowania ekologiczne; Projekty infrastrukturalne; Zarządzanie projektem; Planowanie realizacji; Analizy; Metody narzędzi; Studium wykonalności; Metody efektywności społeczno-ekonomiczno-ekologicznej","Identyfikuje relacje między ekonomią a naukami społecznymii technicznymi, w tym nauką o zarządzaniu i jakości w kontekście działalności inżynierskiej. | Wymienia i charakteryzuje metody i techniki diagnozowania oraz usprawniania działalności w poszczególnych obszarach funkcjonalnych organizacji. | Charakteryzuje normy i standardyw poszczególnych obszarach funkcjonalnych. | Identyfikuje i rozróżnia cele i instytucje gospodarki rynkowej oraz instrumenty polityki gospodarczej | Określa uwarunkowania społeczne, techniczne, ekonomiczne i ekologiczne projektów infrastrukturalnych. | Identyfikuje etapy zarządzania projektem oraz planowania jego realizacji. | Wyjaśnia elementy poszczególnych analiz, metodi narzędzi umożliwiających przeprowadzenie pełnej analizy celem opracowania studium wykonalności (np. | metody efektywności społeczno-ekonomiczno-ekologicznej).",3,"Identyfikuje, Wymienia, Charakteryzuje",38.6
"K1_IZ_W04","Knowledge","Ma zaawansowaną wiedzę w zakresie nauk humanistycznych i społecznych dotyczącą uwarunkowań prawnych, ekonomicznych, etycznych funkcjonowania systemów technicznych i gospodarczych – potrzebną do zrozumienia i rozwiązywania problemów natury społecznej występujących w systemach i procesach różnej natury.",10,"Prawidłowości zachowań organizacyjnych; Uwarunkowania; Zasady budowania zespołów; Kultura organizacyjna; Zarządzanie; Systemy komunikacji; Proces komunikacji; Aspekty etyczne; Normy etyczne; Normy prawne; Przedsiębiorca; Stosunki prawne; Gospodarka rynkowa; Swoboda gospodarcza; Teorie narracyjne; Struktury fabularne; Dylematy menadżerskie; Prawo własności intelektualnej; Uregulowania prawne; Prawo krajowe europejskie; Prawo międzynarodowe; Twórczość intelektualna; Różnorodność społeczna; Narzędzia zarządzania różnorodnością; Inkluzywne przywództwo; Inkluzywne miejsce pracy; Wymiary różnorodności; Rozwiązywanie problemów społecznych","Określa prawidłowości zachowań organizacyjnych i ich uwarunkowania. | Zna zasady budowania i funkcjonowania zespołów oraz czynniki wpływające na ich sprawność. | Opisuje pojęcie kultury organizacyjnej i jej znaczenie w zarządzaniu. | Zna kluczowe środkii systemy komunikacji w organizacjach oraz cechy sprawnego procesu komunikacji. | Prawidłowo identyfikuje etyczne aspekty wykonywania działalności menedżerskiej i technicznej. | Potrafi powiązać je z uniwersalnymi normami etycznymi. | Rozróżnia normy etyczne od prawnych. | Identyfikuje miejsce i rolę przedsiębiorcy, w różnego rodzaju stosunkach prawnych, w szczególności w warunkach gospodarki rynkowej i swobody gospodarczej. | Objaśnia rzeczywistość społeczną przez pryzmat teorii narracyjnych i struktur fabularnych, rozpoznając tą drogą przemiany w obszarze komunikacyjnej organizacji rzeczywistości społecznej i biznesowej. | Objaśnia w sposób etyczny dylematy menadżerskie, a także znajduje odpowiednie sposoby dla rozwiązywania problemów natury społecznej występujących w organizacji. | Posiada wiedzę w zakresie pojęć i zasad prawa własności intelektualnej - w tym uregulowań prawnych poszczególnych przedmiotów tej własności obowiązujących w prawie krajowym europejskim i międzynarodowym. | Identyfikuje i wyjaśnia problemy etyczne w zakresie twórczości intelektualnej. | Charakteryzuje i identyfikuje prawidłowości zachowań organizacyjnych i ich uwarunkowań w kontekście różnorodności społecznej, prawnej oraz kulturowej. | Identyfikuje potencjalne wymiary różnorodności w miejscu pracy (w organizacji), narzędzia zarządzania różnorodnością oraz zasady budowania i funkcjonowania zespołów w kontekście różnorodności, w tym bazujące na inkluzywnym przywództwie. | Opisuje i wyjaśnia pojęcie kultury organizacyjnej i jej funkcje w inkluzywnym miejscu pracy. | Wskazuje kluczowe środki i systemy komunikacji w organizacjach oraz cechy sprawnego procesu komunikacji w organizacji uwzględniając poznane wymiary różnorodności.",7,"Zna, Opisuje, Potrafi, Identyfikuje, Posiada, Charakteryzuje, Wskazuje",67.8
"K1_IZ_W05","Knowledge","Ma zaawansowaną wiedzę w zakresie projektowania inżynierskiego i inżynierii systemów obejmującą elementy teorii systemów, projektowanie w oparciu o wielokryterialną analizę potrzeb, projektowanie jako proces podejmowania decyzji.",11,"teoria systemów; ogólna teoria systemów; analiza systemowa; analiza wymagań systemu; inżynieria systemów; organizacja jako system; ergonomiczne projektowanie; zintegrowane systemy informatyczne zarządzania; problemy optymalizacyjne; modelowanie; narzędzia informatyczne; analizy wielokryterialne; bazy danych; hurtownie danych; OLAP; systemy BI; BIG DATA; zarządzanie przedsiębiorstwami; innowacje; przedsiębiorczość inżynierska; projektowanie wizualnego przekazu marketingowego; analityka predykcyjna; uczenie maszynowe; statystyczne modele predykcyjne; predykcja oparta na uczeniu maszynowym; walidacja; interpretowalność wyników analizy predykcyjnej; analiza danych niedoskonałych; analityka tekstu; analiza wydźwięku; generatywna sztuczna inteligencja; metody organizatorskie","Wymienia, nazywa i charakteryzuje elementy ogólnej teorii systemów. | Przedstawia i rozróżnia schematy postępowania w analizie systemowej (w tym w analizie wymagań systemu) oraz zasady i etapy procesu inżynierii systemów, ze szczególnym uwzględnieniem organizacji jako systemu. | Potrafi zidentyfikować problemy ergonomicznego projektowania | Identyfikuje cele, mechanizmy funkcjonowania i charakterystyki zintegrowanych systemów informatycznych zarządzania | Identyfikuje praktyczne problemy optymalizacyjne w organizacjach i sposoby ich modelowania | Identyfikuje i definiuje zasady budowy i stosowania narzędzi informatycznych, w tym analiz wielokryterialnych, w podejmowaniu decyzji w organizacji, w środowisku wybranych systemów informatycznych zarządzania, baz, hurtowni danych, OLAPi systemów BI (BIG DATA). | Identyfikuje i definiuje zasady budowy i stosowania narzędzi informatycznych, w tym analiz wielokryterialnych, w podejmowaniu decyzji w organizacji (z położeniem nacisku na usługi),w środowisku wybranych systemów informatycznych zarządzania, baz, hurtowni danych, OLAP i systemów BI (BIG DATA). | Przedstawia ogólną dotyczącą zarządzania i funkcjonowania przedsiębiorstw, innowacji i przedsiębiorczości inżynierskiej. | Potrafi zidentyfikować kluczowe problemy związanez projektowaniem wizualnego przekazu marketingowego | Wyjaśnia istotę analityki predykcyjnej opartej na uczeniu maszynowym, wskazuje różnice między statystycznymi modelami predykcyjnymi i predykcją opartą na uczeniu maszynowym.Objaśnia podejścia do walidacji oraz problematykę interpretowalności wyników analizy predykcyjnej. | Charakteryzuje podejścia do analizy danych niedoskonałych. | Objaśnia założenia i wybrane techniki analityki tekstu i analizy wydźwięku, w tym podejścia oparte na generatywnej sztucznej inteligencji | Nazywa, objaśnia i porównuje wybrane metody organizatorskie.",7,"Wymienia, Przedstawia, Potrafi, Identyfikuje, OLAPi, Charakteryzuje, Nazywa",58.5
"K1_IZ_W06","Knowledge","Ma zaawansowaną wiedzę w zakresie informatyki, obejmującą technologie informacyjne, programowanie komputerów, projektowanie i implementację baz danych, baz wiedzy, hurtowni danych i analiz OLAP, technologie internetowe.",12,"relacyjna baza danych; metody projektowania baz danych; strukturalny język zapytań; technologie IT; rozwiązania IT; e-administracja; gospodarka elektroniczna; hurtownia danych; system zarządzania bazą danych; narzędzia informatyczne; analizy wielokryterialne; systemy informatyczne; OLAP; systemy BI; BIG DATA; programowanie strukturalne; programowanie obiektowe; VBA; Excel; Python; przetwarzanie tekstów; pozyskiwanie danych; gromadzenie danych; analiza danych; prezentowanie danych; diagnostyka sieci komputerowych; rozwiązania serwerowe; rozwiązania aplikacyjne; zarządzanie treścią (CMS); bezpieczeństwo w Internecie","Nazywa i rozpoznaje obiekty relacyjnej bazy danych. | Dobiera metody projektowania baz danych. | Opisuje i wymienia zasady implementacji strukturalnego języka zapytań w zakresie gromadzenia, przechowywania i wyświetlania danych | Wskazuje oraz opisuje technologie i rozwiązania IT, które mogą zostać wykorzystane w celu podniesienia efektywności działań organizacji w poszczególnych jej obszarach. | Objaśnia także sposób funkcjonowania e-administracji oraz zalety jej stosowania.Przedstawia korzyści i zagrożenia wynikające ze stosowania poszczególnych rozwiązań gospodarki elektronicznej. | Identyfikuje i porządkuje wiedzę w zakresie projektowania, budowy i stosowania hurtowni danych w podejmowaniu wybranych decyzji biznesowych, w wybranym systemie zarządzania bazą danych. | Identyfikuje i definiuje zasady budowy i stosowania narzędzi informatycznych, w tym analiz wielokryterialnych, w podejmowaniu decyzji w organizacji, w środowisku wybranych systemów informatycznych zarządzania, baz, hurtowni danych, OLAPi systemów BI (BIG DATA). | Identyfikuje i definiuje zasady budowy i stosowania narzędzi informatycznych, w tym analiz wielokryterialnych, w podejmowaniu decyzji w organizacji (z położeniem nacisku na usługi),w środowisku wybranych systemów informatycznych zarządzania, baz, hurtowni danych, OLAP i systemów BI (BIG DATA). | Charakteryzuje zastosowania poszczególnych konstrukcji programowania strukturalnego i obiektowego na przykładzie środowisk programowania w językach takich jak VBA w Excelu i Python. | Identyfikuje właściwe technologie, metody, techniki i narzędzia informatyczne do przetwarzania tekstów na potrzeby opisywania procesów ekonomicznych i wspomagania działania organizacji. | Identyfikuje właściwe technologie, metody, techniki i narzędzia informatyczne do pozyskiwania, gromadzenia, analizowaniai prezentowania danych opisujących procesy ekonomiczne i dla rozwiązywania problemów zarządczych. | Wyjaśnia mechanizmy działania i zna narzędzia diagnostyki sieci komputerowych. | Rozpoznaje usługi dostawców rozwiązań serwerowychi aplikacyjnych oraz zna funkcje i zastosowania aplikacji do zarządzania treścią (CMS). | Charakteryzuje znaczenie bezpieczeństwa w Internecie i zna mechanizmy jego zapewnienia.",10,"Nazywa, Dobiera, Opisuje, Wskazuje, Przedstawia, Identyfikuje, OLAPi, Charakteryzuje, Excelu, Rozpoznaje",72.3
"K1_IZ_W07","Knowledge","Ma zaawansowaną wiedzę w zakresie organizacji i funkcjonowania przedsiębiorstwa z zakresu logistyki, produkcji, marketingu, finansów i rachunkowości, personelu oraz jakości.",11,"Marketing; Koncepcja zarządzania; Inżynieria zarządzania; Rachunkowość; Mechanizmy finansowe; Narzędzia finansowe; Obszary funkcjonalne organizacji gospodarczej; Dynamika; Decyzje menedżerskie; Prognozowanie; Zarządzanie symulowaną organizacją gospodarczą; Systemy zarządzania jakością; Modele zarządzania jakością; Strategie logistycznego zarządzania; Zarządzanie działalnością operacyjną; Zarządzanie zasobami ludzkimi; Proces zarządzania zasobami ludzkimi; Dobór personelu; Rozwój pracowników; Ocena pracowników; Wynagradzanie pracowników; Instrumenty HR; Działania zespołowe; Zarządzanie projektami; Budowanie zespołów; Rola lidera; Rola członków zespołu; Metody diagnozowania; Metody doskonalenia funkcji personalnej","Charakteryzuje marketing jako koncepcję zarządzania, w szczególności w kontekście inżynierii zarządzania. | Charakteryzuje zasady i reguły funkcjonowania rachunkowości w przedsiębiorstwie. | Objaśnia kluczowe mechanizmy i narzędzia finansowe występujące w przedsiębiorstwie. | Rozpoznaje wzajemne zależności pomiędzy różnymi obszarami funkcjonalnymi organizacji gospodarczej oraz ich dynamikę. | Identyfikuje przyczyny rozbieżności pomiędzy prognozowanym a faktycznym stanem w procesie podejmowania decyzji menedżerskich w dynamicznym środowisku. | Rozróżnia wewnętrzne i zewnętrzne przyczyny niepowodzeń w procesie zarządzania symulowaną organizacją gospodarczą. | Objaśnia istotę, modele i zasady systemów zarządzania jakością. | Definiuje najważniejsze pojęcia, formułuje cele i określa strategie logistycznego zarządzania działalnością operacyjną oraz wskazuje jej powiązania z innymi obszarami funkcjonalnymi przedsiębiorstwa. | Charakteryzuje istotę zarządzania zasobami ludzkimi w organizacji. | Charakteryzuje cele i uwarunkowania procesu zarządzania zasobami ludzkimi. | Charakteryzuje zasady i instrumenty stosowane w doborze personelu, rozwoju, ocenie i wynagradzaniu pracowników oraz wyjaśnia uwarunkowania ich skutecznego stosowania. | Wyjaśnia istotę, znaczenie i formy działań zespołowych,a w szczególności prowadzonych w formie projektu. | Charakteryzuje i interpretuje zasady budowania zespołów oraz objaśnia warunkii zasady ich funkcjonowania. | Charakteryzuje role lidera i członków zespołu. | Wyjaśnia metody diagnozowania i usprawniania procesu zarządzania zasobami ludzkimi. | Charakteryzuje standardy postępowania oraz innowacyjne metody doskonalenia funkcji personalnej w poszczególnych obszarach zarządzania zasobami ludzkimi.",4,"Charakteryzuje, Rozpoznaje, Identyfikuje, Definiuje",58.8
"K1_IZ_W08","Knowledge","Ma zaawansowaną wiedzę w zakresie narzędzi i technologii implementacji SIZ, modelowania procesów biznesowych, inżynierii zarządzania projektami, a także obejmującą kluczowe zagadnienia w zakresie zastosowania IT w biznesie.",4,"SIZ; funkcjonalności; cechy; Narzędzia; technologie implementacji SIZ; IT w biznesie; Cykl życia systemów; eksploatacja systemów; systemy informatyczne; systemy społeczne; przedsiębiorstwa; analiza wymagań; zarządzanie procesami informatyzacji; Metody szacowania wielkości aplikacji; szacowanie nakładów","Klasyfikuje SIZ opisując charakterystyczne funkcjonalności i cechy każdego z nich, przedstawia historię i kierunki rozwoju SIZ. | Identyfikuje narzędzia i technologie implementacji SIZ, definiuje kluczowe zagadnienia w zakresie zastosowania IT w biznesie. | Charakteryzuje cykl życia i eksploatacji systemów technicznych - informatycznych, systemów społecznych - przedsiębiorstw, realizowanych przedsięwzięć, w tym w zakresie analizy wymagań i zarządzania procesami informatyzacji. | Objaśnia metody szacowania wielkości aplikacji i szacowania nakładów.",3,"Klasyfikuje, Identyfikuje, Charakteryzuje",45.2
"K1_IZ_W09","Knowledge","Ma zaawansowaną wiedzę w zakresie zarządzania i funkcjonowania przedsiębiorstw, innowacji i przedsiębiorczości inżynierskiej.",3,"Przedsiębiorstwo; Przedsiębiorczość; Innowacje; Innowacja techniczna; Innowacja technologiczna; Innowacja społeczna; Zdolności przedsiębiorcze; Inwentyka; Wynalazczość; Proces; Dział organizacji; Zarządzanie; Problemy zarządzania; Czynniki wspierające rozwój innowacji; Praca dyplomowa","Porządkuje i objaśnia wiedzę dotyczącą działania przedsiębiorstwa w obszarze formułowania i implementacji innowacji (technicznej, technologicznej, społecznej, itd.) oraz przedsiębiorczości.Identyfikuje i wyjaśnia wiedzę dotyczącą czynników wspierających rozwój innowacji i budowania zdolności przedsiębiorczych inżyniera. | Tłumaczy pojęcia związane z inwentyką, innowacjami i wynalazczością. | Objaśnia funkcjonowanie wybranego działu (procesu) organizacji (przedsiębiorstwa) w zakresie jednego lub kilku obszarów będącego/będących obiektem badań w pracy dyplomoweji identyfikuje problemy zarządzania właściwe dla tych obszarów.",1,"Identyfikuje",54.7
"K1_IZ_W10","Knowledge","Ma zaawansowaną wiedzę w zakresie procesów biznesowych, obejmującą notacje i metodologię modelowania procesów biznesowych, analizę i projektowanie procesów biznesowych.",3,"ARIS; BPMN; Modelowanie procesów biznesowych; Analiza procesów; Cykl życia procesu biznesowego; Notacje modelowania procesów biznesowych; Zasady modelowania procesów biznesowych; Badanie symulacyjne; Wdrożenie procesów","Identyfikuje cykl życia procesu biznesowego, analizuje procesy, modeluje je i wdraża. | Charakteryzuje dwie najpopularniejsze notacje wykorzystywane do modelowania procesów biznesowych (ARIS, BPMN) oraz zasady modelowania procesów biznesowych. | Charakteryzuje i objaśnia przebieg badania symulacyjnego zastosowany do modelowania i analizy procesów biznesowych.",2,"Identyfikuje, Charakteryzuje",39.6
"K1_IZ_W11","Knowledge","Ma zaawansowaną wiedzę w zakresie zarządzania projektami we wszystkich etapach ich realizacji, zna metodyki zarządzania projektami, standardowe i dedykowane narzędzia informatyczne wspierające zarządzanie projektami, w tym narzędzia open source dla MSP.",4,"Zarządzanie projektami; Metodyki zarządzania projektami; Controllingu projektów; Tradycyjne metodyki; Adaptacyjne metodyki; Hybrydowe metodyki; Projekt; Inicjowanie projektu; Planowanie projektu; Monitorowanie projektu; Zamykanie projektu; Etapy zarządzania projektem; Narzędzia informatyczne wspierające zarządzanie projektami; Analiza; Studium wykonalności; Metody efektywności społeczno-ekonomiczno-ekologicznej","Objaśnia istotę i odmiany controllingu projektów. | Wskazuje uwarunkowania wdrażania controllingu projektów w organizacji. | Charakteryzuje rozwiązania organizacyjne i instrumentalne controllingu projektów. | Charakteryzuje wybrane metodyki zarządzania projektami (tradycyjne, adaptacyjne i hybrydowe) oraz odpowiednie narzędzia informatyczne wspierające zarządzanie projektami na różnych etapach ich realizacji w ramach poszczególnych metodyk | Definiuje projekt i jego cechy, wyjaśnia kluczowe procesy w ramach zarządzania projektem (w tym inicjowanie, planowanie, monitorowanie, zamykanie projektu), a także wylicza metodykii narzędzia wspierające te procesy. | Identyfikuje etapy zarządzania projektem oraz planowania jego realizacji. | Wyjaśnia elementy poszczególnych analiz, metodi narzędzi umożliwiających przeprowadzenie pełnej analizy celem opracowania studium wykonalności (np. | metody efektywności społeczno-ekonomiczno-ekologicznej).",4,"Wskazuje, Charakteryzuje, Definiuje, Identyfikuje",56.3
"K1_IZ_W12","Knowledge","Ma zaawansowaną wiedzę w zakresie trendów rozwojowych dotyczących zastosowania IT w biznesie.",3,"Technologie internetowe; Trendy rozwojowe; Zastosowania IT; Metody formułowania; Uzasadnienie biznesowe; Projekt informatyczny; Modele; Standardy; Informatyzacja; Strategia organizacji","Identyfikuje zastosowania technologii internetowych w organizacji, obecne i przyszłościowe (trendy rozwojowe). | Opisuje metody formułowania uzasadnienia biznesowego projektu informatycznego. | Charakteryzuje modele i standardy dopasowania informatyzacji do strategii organizacji.",3,"Identyfikuje, Opisuje, Charakteryzuje",34.3
"K1_IZ_W13","Knowledge","Ma zaawansowaną wiedzę w zakresie trendów rozwojowych z zakresu nauk o zarządzaniu.",2,"Trendy rozwojowe; Nauki o zarządzaniu; Problemy zarządzania","Opisuje trendy rozwojowe z zakresu nauk o zarządzaniu. | Identyfikuje typowe problemy zarządzania.",2,"Opisuje, Identyfikuje",39.8
"K1_IZ_W14","Knowledge","Ma zaawansowaną wiedzę w zakresie cyklu życia i eksploatacji systemów technicznych - informatycznych, systemów społecznych - przedsiębiorstw, realizowanych przedsięwzięć, w tym w zakresie analizy wymagań i zarządzania procesami informatyzacji.",5,"Analiza systemowa; Analiza wymagań systemu; Inżynieria systemów; Organizacja jako system; Metody analizy systemowej; Cykl życia systemów; Narzędzia i technologie implementacji SIZ; Zastosowanie IT w biznesie; Modele cyklu życia oprogramowania; Modele informatyzacji; Standardy informatyzacji; Strategia organizacji","Przedstawia i rozróżnia schematy postępowania w analizie systemowej (w tym w analizie wymagań systemu) oraz zasady i etapy procesu inżynierii systemów, ze szczególnym uwzględnieniem organizacji jako systemu. | Rozpoznaje, charakteryzuje i dobiera metody analizy systemowej i inżynierii systemów, w tym w odniesieniu do cyklu życia systemów. | Identyfikuje narzędzia i technologie implementacji SIZ, definiuje kluczowe zagadnienia w zakresie zastosowania IT w biznesie. | Identyfikuje modele cyklu życia oprogramowania. | Charakteryzuje modele i standardy dopasowania informatyzacji do strategii organizacji.",4,"Przedstawia, Rozpoznaje, Identyfikuje, Charakteryzuje",48.3
"K1_IZ_W15","Knowledge","Ma zaawansowaną wiedzę w zakresie metod, technik, narzędzi matematycznych stosowanych przy rozwiązywaniu zadań inżynierskich w zakresie zastosowania IT w biznesie.",16,"Analityka deskryptywna; Analityka predykcyjna; Analityka preskryptywna; Metodyka CRISP; Wizualizacje; Pulpity menedżerskie; Prezentacje wyników analizy danych; Metodyka projektowania pulpitów menedżerskich; Model matematyczny; Problemy decyzyjne; Algorytmy; Badania operacyjne; Ergonomiczne projektowanie; Zintegrowane systemy informatyczne; Logika; Teoria zbiorów; Relacje; Problemy optymalizacyjne; Modelowanie; Optymalizacja; Język R; Obliczenia statystyczne; Zarządzanie przedsiębiorstwami; Innowacje; Przedsiębiorczość inżynierska; Projektowanie wizualnego przekazu marketingowego; Techniki rozwiązywania problemów; Metody matematyczne; Rachunek macierzowy; Układy równań liniowych; Wyznaczanie ekstremów funkcji; Modele optymalizacyjne; Wypukłe modele optymalizacyjne","Wyjaśnia istotę analityki deskryptywnej, predykcyjneji preskryptywnej. | Charakteryzuje etapy metodyki CRISP rozwiązywania problemów biznesowych w oparciu o dane. | Objaśnia założenia metodyczne tworzenia wizualizacji, pulpitów menedżerskich i prezentacji wyników analizy danych biznesowych. | Charakteryzuje etapy metodyki projektowania pulpitów menedżerskich. | Opisuje założenia metodyczne tworzenia wizualizacji i prezentacji danych biznesowych. | Wybiera właściwy model matematyczny dla problemów decyzyjnych w organizacjach. | Opisuje algorytmy stosowane w badaniach operacyjnych. | Potrafi zidentyfikować problemy ergonomicznego projektowania | Identyfikuje cele, mechanizmy funkcjonowania i charakterystyki zintegrowanych systemów informatycznych zarządzania | Wymienia i charakteryzuje pojęcia z zakresu logiki, teorii zbiorów i relacji. | Identyfikuje praktyczne problemy optymalizacyjne w organizacjach i sposoby ich modelowania | Wybiera właściwy model matematyczny dla problemów optymalizacyjnych w organizacjach. | Opisuje kluczowe algorytmy stosowane w optymalizacji. | Identyfikuje i dobiera procedury języka R do obliczeń statystycznych. | Przedstawia ogólną dotyczącą zarządzania i funkcjonowania przedsiębiorstw, innowacji i przedsiębiorczości inżynierskiej. | Potrafi zidentyfikować kluczowe problemy związanez projektowaniem wizualnego przekazu marketingowego | Klasyfikuje i porządkuje techniki pomocne w rozwiązywaniu problemów w przedsiębiorstwie. | Charakteryzuje metody matematyczne stosowane w optymalizacji, takie jak rachunek macierzowy, układy równań liniowych oraz wyznaczanie ekstremów funkcji | Charakteryzuje rodzaje i własności modeli optymalizacyjnych, w szczególności wypukłych modeli optymalizacyjnych",8,"Charakteryzuje, Opisuje, Wybiera, Potrafi, Identyfikuje, Wymienia, Przedstawia, Klasyfikuje",55.5
"K1_IZ_W16","Knowledge","Ma zaawansowaną wiedzę w zakresie metod, technik, narzędzi informatycznych i matematycznych stosowanych przy rozwiązywaniu problemów o charakterze inżynierskim w zarządzaniu.",12,"Analityka deskryptywna; Analityka predykcyjna; Analityka preskryptywna; Metodyka CRISP; Wizualizacje; Pulpity menedżerskie; Prezentacje danych; Strukturalny język zapytań; Hurtownia danych; System zarządzania bazą danych; MS Excel; Automatyzacja zadań; Interfejs użytkownika; Metody i techniki inżynierskie; Narzędzia informatyczne; Narzędzia matematyczne; Uczenie maszynowe; Modele predykcyjne; Statystyczne modele predykcyjne; Walidacja; Interpretowalność wyników analizy predykcyjnej; Analiza danych niedoskonałych; Analityka tekstu; Analiza wydźwięku; Generatywna sztuczna inteligencja; Rodzaje danych; Techniki eksploracji danych; Modele eksploracji danych; Przetwarzanie tekstów; Procesy ekonomiczne; Pozyskiwanie danych; Gromadzenie danych; Analiza danych; Prezentowanie danych; Rozwiązywanie problemów zarządczych; Technologie informatyczne","Wyjaśnia istotę analityki deskryptywnej, predykcyjneji preskryptywnej. | Charakteryzuje etapy metodyki CRISP rozwiązywania problemów biznesowych w oparciu o dane. | Objaśnia założenia metodyczne tworzenia wizualizacji, pulpitów menedżerskich i prezentacji wyników analizy danych biznesowych. | Charakteryzuje etapy metodyki projektowania pulpitów menedżerskich. | Opisuje założenia metodyczne tworzenia wizualizacji i prezentacji danych biznesowych. | Opisuje i wymienia zasady implementacji strukturalnego języka zapytań w zakresie gromadzenia, przechowywania i wyświetlania danych | Identyfikuje i porządkuje wiedzę w zakresie projektowania, budowy i stosowania hurtowni danych w podejmowaniu wybranych decyzji biznesowych, w wybranym systemie zarządzania bazą danych. | Dobiera konstrukcje dostępne w poszczególnych językach do potrzeb automatyzacji zadań przetwarzania informacjiw programach użytkowych np. | MS Excel w tym wymagające konstrukcji interfejsu użytkownika. | Identyfikuje metody i techniki inżynierskie właściwe dla rozwiązania problemu menedżerskiego podjętego w pracy dyplomowej oraz dobiera i stosuje właściwe narzędzia informatyczne i/lub matematyczne o charakterze inżynierskim | Wyjaśnia istotę analityki predykcyjnej opartej na uczeniu maszynowym, wskazuje różnice między statystycznymi modelami predykcyjnymi i predykcją opartą na uczeniu maszynowym.Objaśnia podejścia do walidacji oraz problematykę interpretowalności wyników analizy predykcyjnej. | Charakteryzuje podejścia do analizy danych niedoskonałych. | Objaśnia założenia i wybrane techniki analityki tekstu i analizy wydźwięku, w tym podejścia oparte na generatywnej sztucznej inteligencji | Rozróżnia rodzaje danych. | Identyfikuje techniki i modele eksploracji danych do odpowiednich problemów i danych. | Objaśnia działanie modeli technik eksploracji danych. | Identyfikuje właściwe technologie, metody, techniki i narzędzia informatyczne do przetwarzania tekstów na potrzeby opisywania procesów ekonomicznych i wspomagania działania organizacji. | Identyfikuje właściwe technologie, metody, techniki i narzędzia informatyczne do pozyskiwania, gromadzenia, analizowaniai prezentowania danych opisujących procesy ekonomiczne i dla rozwiązywania problemów zarządczych.",4,"Charakteryzuje, Opisuje, Identyfikuje, Dobiera",62.4
"K1_IZ_W17","Knowledge","Ma zaawansowaną wiedzę w zakresie metod, technik, narzędzi informatycznych o charakterze inżynierskim służących do modelowania procesów biznesowych, a w szczególności notacje i modelowanie procesów biznesowych.",3,"ARIS; BPMN; Modelowanie procesów biznesowych; Notacje procesów biznesowych; Metody; Techniki; Modelowanie symulacyjne; Implementacja procesów biznesowych; Procesy biznesowe; Narzędzia informatyczne","Charakteryzuje zasady modelowania i implementacji procesów biznesowych w wybranych narzędziach, odpowiednio dobiera narzędzia do celu i zakresu modelowania. | Charakteryzuje dwie najpopularniejsze notacje wykorzystywane do modelowania procesów biznesowych (ARIS, BPMN) oraz zasady modelowania procesów biznesowych. | Rozróżnia i opisuje wybrane metody, techniki i narzędzia informatyczne stosowane w modelowaniu symulacyjnym procesów biznesowych.",1,"Charakteryzuje",55.8
"K1_IZ_W18","Knowledge","Ma zaawansowaną wiedzę w zakresie metod, technik, narzędzi informatycznych i matematycznych stosowanych przy rozwiązywaniu problemów o charakterze inżynierskim w zarządzaniu projektami.",2,"Zarządzanie projektami; Metody; Techniki; Narzędzia informatyczne; Narzędzia matematyczne; Problemy inżynierskie; Identyfikacja problemów; Analiza problemów; Optymalizacja problemów; Etapy projektu; Proces zarządzania projektami; Inicjowanie projektów; Planowanie projektów; Monitorowanie projektów; Zamykanie projektów","Charakteryzuje zaawansowane metody, techniki oraz narzędzia informatyczne i matematyczne stosowane w rozwiązywaniu problemów inżynierskich w zarządzaniu projektami, wskazuje ich zastosowanie na różnych etapach projektu oraz ich rolęw usprawnianiu procesów zarządzania projektami | Charakteryzuje metody, techniki oraz narzędzia informatycznei matematyczne stosowane w identyfikacji, analizie i optymalizacji problemów inżynierskich w zarządzaniu projektami; | rozpoznaje ich zastosowanie w kontekście inicjowania, planowania, monitorowania i zamykania projektów.",1,"Charakteryzuje",43.2
"K1_IZ_W19","Knowledge","Ma zaawansowaną wiedzę niezbędną do rozumienia społecznych, ekonomicznych, prawnych, psychologicznych i humanistycznych uwarunkowań działalności inżynierskiej. Zna i rozumie fundamentalne dylematy współczesnej cywilizacji.",18,"zachowania organizacyjne; uwarunkowania organizacyjne; budowanie zespołów; funkcjonowanie zespołów; sprawność zespołów; kultura organizacyjna; zarządzanie; systemy komunikacji; proces komunikacji; psychologiczne mechanizmy; dylemat etyczny; etyczne dylematy; współczesna cywilizacja; komunikacja z ludźmi; modele komunikacji interpersonalnej; społeczno-humanistyczne badania; problemy ludzkiego życia; psychologiczne mechanizmy stresu; przedsiębiorca; stosunki prawne; gospodarka rynkowa; swoboda gospodarcza; kompetencje menedżerskie; kierowanie ludźmi; efektywna komunikacja; kierowanie indywidualne; kierowanie grupowe; komunikacja wirtualna; procesy decyzyjne; psychologiczne determinanty; działania zespołowe; narracyjne elementy komunikacji społecznej; konstruowanie wartości; rozpoznawalność marki; mechanizmy psychologiczne; autoprezentacja; techniki prezentacji; narzędzia prezentacji; różnorodność społeczna; różnorodność prawna; różnorodność kulturowa; wymiary różnorodności; narzędzia zarządzania różnorodnością; inkluzywne przywództwo; funkcje kultury organizacyjnej; inkluzywne miejsce pracy","Określa prawidłowości zachowań organizacyjnych i ich uwarunkowania. | Zna zasady budowania i funkcjonowania zespołów oraz czynniki wpływające na ich sprawność. | Opisuje pojęcie kultury organizacyjnej i jej znaczenie w zarządzaniu. | Zna kluczowe środkii systemy komunikacji w organizacjach oraz cechy sprawnego procesu komunikacji. | Identyfikuje i objaśnia psychologiczne mechanizmy i procesy pracy zespołowej w organizacji. | Poprawnie definiuje i objaśnia dylemat etyczny. | Trafnie identyfikuje i kategoryzuje etyczne dylematy współczesnej cywilizacji. | Identyfikuje społeczne i psychologiczne uwarunkowania działalności zawodowej w obszarze komunikacji z ludźmi. | Opisuje modele komunikacji interpersonalnej. | Identyfikuje zjawiska związane z dysponowaniem pogłębioną wiedzą z zakresu społeczno-humanistycznych badań nad podstawami działań zawodowych inżyniera oraz nad kluczowymi obszarami problematycznymi ludzkiego życia w XXI wieku. | Rozpoznaje źródła i psychologiczne mechanizmy działania stresu w pracy. | Identyfikuje miejsce i rolę przedsiębiorcy, w różnego rodzaju stosunkach prawnych, w szczególności w warunkach gospodarki rynkowej i swobody gospodarczej. | Objaśnia prawidłowości zachowań organizacyjnych i ich uwarunkowania. | Rozróżnia rolę różnych kompetencji menedżerskich dla efektywnego kierowania ludźmi i organizacjami.Identyfikuje zasady wykorzystania kompetencji menedżerskich w celu podnoszenia sprawności zespołów. | Wyjaśnia znaczenie efektywnej komunikacji w różnych formach kierowania np. | indywidualnej, grupowej, wirtualnej. | Rozpoznaje i określa prawidłowości procesów decyzyjnych człowieka. | Identyfikuje i wyjaśnia psychologiczne determinanty działań zespołowych i aktywności inżynierskiej. | Rozpoznaje narracyjne elementy komunikacji społecznej będące podstawą konstruowania wartości i rozpoznawalności marki. | Objaśnia pojęcia i mechanizmy psychologiczne związane z komunikacją interpersonalną i autoprezentacją. | Identyfikuje techniki i narzędzia służące do prezentowania własnych i zespołowych rozwiązań i osiągnięć naukowych, technicznych i biznesowych. | Przedstawia i wyjaśnia najważniejsze dylematy współczesnej cywilizacji. | Charakteryzuje i identyfikuje prawidłowości zachowań organizacyjnych i ich uwarunkowań w kontekście różnorodności społecznej, prawnej oraz kulturowej. | Identyfikuje potencjalne wymiary różnorodności w miejscu pracy (w organizacji), narzędzia zarządzania różnorodnością oraz zasady budowania i funkcjonowania zespołów w kontekście różnorodności, w tym bazujące na inkluzywnym przywództwie. | Opisuje i wyjaśnia pojęcie kultury organizacyjnej i jej funkcje w inkluzywnym miejscu pracy. | Wskazuje kluczowe środki i systemy komunikacji w organizacjach oraz cechy sprawnego procesu komunikacji w organizacji uwzględniając poznane wymiary różnorodności.",10,"Zna, Opisuje, Identyfikuje, Poprawnie, Trafnie, XXI, Rozpoznaje, Przedstawia, Charakteryzuje, Wskazuje",61
"K1_IZ_W20","Knowledge","Ma zaawansowaną wiedzę w zakresie ochrony własności intelektualnej i przemysłowej. Zna, rozumie i uzasadnia rolę ochrony własności intelektualnej w rozwoju nauki i gospodarki.",1,"Prawo własności intelektualnej; Pojęcia prawa; Zasady prawa; Uregulowania prawne; Przedmioty własności; Prawo krajowe; Prawo europejskie; Prawo międzynarodowe; Problemy etyczne; Twórczość intelektualna","Posiada wiedzę w zakresie pojęć i zasad prawa własności intelektualnej - w tym uregulowań prawnych poszczególnych przedmiotów tej własności obowiązujących w prawie krajowym europejskim i międzynarodowym. | Identyfikuje i wyjaśnia problemy etyczne w zakresie twórczości intelektualnej.",2,"Posiada, Identyfikuje",29.2
"K1_IZ_W21","Knowledge","Ma zaawansowaną wiedzę w zakresie zasad, metodyk i technologii inżynierskich przydatnych do analizowania, modelowania i projektowania systemów i procesów będących obiektem zainteresowań inżynierii zarządzania, a w szczególności modelowania procesów biznesowych, inżynierii zarządzania projektem, narzędzi i technologii implementacji SIZ, zastosowania IT w biznesie.",6,"Modelowanie procesów biznesowych; Inżynieria zarządzania projektem; Teoria systemów; Wielokryterialna analiza potrzeb; Automatyzowanie postępowania analityczno-decyzyjnego; Zarządzanie procesowe; BPMN; Implementacja SIZ; Zastosowanie IT; Projektowanie systemów zarządzania","Charakteryzuje główne podejścia w automatyzowaniu postępowania analityczno-decyzyjnego dla potrzeb biznesowych, wymienia narzędzia i dobiera je do postawionego zadania. | Identyfikuje wieloaspektowe zagadnienia projektowania systemów zarządzania obejmujące elementy teorii systemów oraz projektowanie w oparciu o wielokryterialną analizę potrzeb. | Wyjaśnia zasady modelowania procesów biznesowych przy użyciu BPMN oraz wymienia narzędzia i technologie implementacji SIZ oraz zastosowania IT wspierające funkcjonowanie organizacji zarządzanych procesowo. | Identyfikuje zagadnienia projektowania systemów zarządzania obejmujące elementy teorii systemów oraz projektowaniew oparciu o wielokryterialną analizę potrzeb. | Wyjaśnia zasady modelowania procesów biznesowych, inżynierii zarządzania projektem oraz wymienia narzędzia i technologie implementacji SIZ oraz zastosowania IT w biznesie. | Wskazuje i objaśnia działania, jakie należy podjąć w celu implementacji SIZ.",3,"Charakteryzuje, Identyfikuje, Wskazuje",71.9
"K1_IZ_W22","Knowledge","Ma zaawansowaną wiedzę w zakresie przedsiębiorczości oraz identyfikuje przesłanki jej powstawania i rozwoju. Objaśnia pojęcie innowacji i rozróżnia ich rodzaje. Rozpoznaje cechy i uwarunkowania innowacyjności organizacji. Opisuje proces innowacyjny zachodzący w organizacji.",2,"przedsiębiorczość; innowacja; innowacja techniczna; innowacja technologiczna; innowacja społeczna; formułowanie innowacji; implementacja innowacji; czynniki wspierające innowacje; zdolności przedsiębiorcze; metody generowania pomysłów; rozwiązywanie problemów organizacyjnych","Porządkuje i objaśnia wiedzę dotyczącą działania przedsiębiorstwa w obszarze formułowania i implementacji innowacji (technicznej, technologicznej, społecznej, itd.) oraz przedsiębiorczości.Identyfikuje i wyjaśnia wiedzę dotyczącą czynników wspierających rozwój innowacji i budowania zdolności przedsiębiorczych inżyniera. | Rozpoznaje metody generowania pomysłów i rozwiązywania problemów organizacyjnych.",2,"Identyfikuje, Rozpoznaje",32.1
"K1_IZ_W23","Knowledge","Ma zaawansowaną wiedzę w zakresie praw i zależności ekonomicznych w skali mikroekonomicznej i makroekonomicznej. Charakteryzuje główne teorie ekonomii. Zna cele i instytucje gospodarki rynkowej oraz ich funkcje.",3,"Teorie ekonomiczne; Pojęcia ekonomiczne; Rynek; Czynniki produkcji; Racjonalne decyzje; Podmioty rynkowe; Cele gospodarki rynkowej; Instytucje gospodarki rynkowej; Instrumenty polityki gospodarczej; Teorie regulacji; Regulacje społeczne; Regulacje ekonomiczne; Instrumenty interwencjonizmu państwowego; Działalność gospodarcza","Definiuje pojęcia, teorie, zjawiska i reguły ekonomiczne, charakteryzuje rynek, czynniki produkcji, określa warunki podejmowania racjonalnych decyzji przez podmioty rynkowe. | Identyfikuje i rozróżnia cele i instytucje gospodarki rynkowej oraz instrumenty polityki gospodarczej | Charakteryzuje wybrane teorie regulacji i wyjaśnia jaki wpływ mają regulacje społeczne i ekonomiczne oraz instrumenty interwencjonizmu państwowego na poziomie krajowymna prowadzenie działalności gospodarczej.",3,"Definiuje, Identyfikuje, Charakteryzuje",33.2
"K1_IZ_W24","Knowledge","Ma zaawansowaną wiedzę w zakresie relacji międzyorganizacyjnych oraz interakcji organizacji z otoczeniem w kontekście uwarunkowań krajowych, międzynarodowych i międzykulturowych. Wyjaśnia i ilustruje wpływ oddziaływania otoczenia na działalność organizacji.",3,"Relacje międzyorganizacyjne; Interakcje organizacji z otoczeniem; Uwarunkowania krajowe; Uwarunkowania międzynarodowe; Uwarunkowania międzykulturowe; Oddziaływanie otoczenia; Cechy organizacji; Elementy organizacji; Typy organizacji; Rodzaje organizacji; Problemy zarządzania; Uwarunkowania ekonomiczne; Działalność gospodarcza; Konkurencyjny rynek","Opisuje cechy, elementy, typy i rodzaje organizacji, a także interakcje organizacji z otoczeniem. | Identyfikuje typowe problemy zarządzania. | Identyfikuje i objaśnia ekonomiczne uwarunkowania podejmowania i prowadzenia działalności gospodarczej na konkurencyjnym rynku.",2,"Opisuje, Identyfikuje",-28.4
"K1_IZ_W25","Knowledge","Ma zaawansowaną wiedzę w zakresie zachowań organizacyjnych i ich uwarunkowań. Zna zasady budowania i funkcjonowania zespołów oraz czynniki wpływające na ich sprawność. Opisuje pojęcie kultury organizacyjnej i jej znaczenie w zarządzaniu. Zna środki i systemy komunikacji w organizacjach oraz cechy sprawnego procesu komunikacji.",12,"Zachowania organizacyjne; Mechanizmy zachowań organizacyjnych; Psychologiczne mechanizmy; Procesy pracy zespołowej; Zespoły zadaniowe; Funkcjonowanie organizacji; Funkcjonowanie przedsiębiorstw; Komunikacja interpersonalna; Style komunikacji; Efektywna komunikacja; Komunikacja wirtualna; Autoprezentacja; Kompetencje menedżerskie; Zasady kierowania zachowaniami; Kierowanie ludźmi; Kierowanie indywidualne; Kierowanie grupowe; Determinanty społeczne; Psychologiczne czynniki; Uwarunkowania zachowań organizacyjnych; Procesy decyzyjne; Uwarunkowania podejmowania decyzji; Metody radzenia sobie ze stresem; Techniki prezentacji; Narzędzia prezentacji; Rozwiązywanie konfliktów; Mocne strony w działaniach zespołowych; Kluczowe teorie; Modele w zarządzaniu","Identyfikuje i objaśnia psychologiczne mechanizmy i procesy pracy zespołowej w organizacji. | Rozpoznaje zachowania komunikacyjne i uwarunkowania ich skuteczności. | Identyfikuje zależność funkcjonowania zespołów od determinant społecznych, a przede wszystkim związanych z procesem komunikacji interpersonalnej. | Identyfikuje złożone mechanizmy działania i powstawania organizacji i zespołów zadaniowych. | Przedstawia sposoby i style komunikacji oraz opisuje znaczenie komunikacji dla rozwiązywania konfliktów. | Przedstawia dostępne metody radzenia sobie w sytuacjach stresowych. | Objaśnia prawidłowości zachowań organizacyjnych i ich uwarunkowania. | Rozróżnia rolę różnych kompetencji menedżerskich dla efektywnego kierowania ludźmi i organizacjami.Identyfikuje zasady wykorzystania kompetencji menedżerskich w celu podnoszenia sprawności zespołów. | Wyjaśnia znaczenie efektywnej komunikacji w różnych formach kierowania np. | indywidualnej, grupowej, wirtualnej. | Rozpoznaje i określa prawidłowości procesów decyzyjnych człowieka. | Identyfikuje i objaśnia psychologiczne i społeczne uwarunkowania podejmowania decyzji. | Objaśnia zasady budowania i funkcjonowania zespołów oraz psychologiczne czynniki wpływające na ich sprawność. | Definiuje swoje mocne strony w działaniach zespołowych. | Objaśnia pojęcia i mechanizmy psychologiczne związane z komunikacją interpersonalną i autoprezentacją. | Identyfikuje techniki i narzędzia służące do prezentowania własnych i zespołowych rozwiązań i osiągnięć naukowych, technicznych i biznesowych. | Nazywa i objaśnia czynniki kształtujące zachowania jednostek, grup i zespołów w organizacji oraz rozpoznaje ich wpływna funkcjonowanie przedsiębiorstw. | Rozpoznaje i kategoryzuje mechanizmy zachowań organizacyjnych, kluczowe teorie i modele w tej dziedzinie oraz zasady kierowania zachowaniami nowoczesnych organizacjach.",5,"Identyfikuje, Rozpoznaje, Przedstawia, Definiuje, Nazywa",59.7
"K1_IZ_W26","Knowledge","Ma zaawansowaną wiedzę w zakresie metod i technik diagnozowania oraz usprawniania działalności w poszczególnych obszarach funkcjonalnych organizacji oraz wybranych metodach badania otoczenia przedsiębiorstwa. Zna normy i standardy w poszczególnych obszarach funkcjonalnych.",14,"Ekonomia; Nauki społeczne techniczne; Nauka o zarządzaniu; Jakość; Działalność inżynierska; Metody diagnozowania; Techniki diagnozowania; Usprawnianie działalności; Obszary funkcjonalne; Normy; Standardy; Metody zarządzania marketingiem; Techniki zarządzania marketingiem; Normy etyczne; Organizacja zorientowana procesowo; Identyfikacja procesów; Modelowanie procesów; Zarządzanie procesami; Efektywność procesów; Optymalizacja procesów; Role procesowe; Szkolenia pracowników; Orientacja na klienta; Ciągłe doskonalenie; Technologia wspierająca; Narzędzia wspierające; Kultura organizacyjna zorientowana na procesy; Organizacja zorientowana projektowo; Rachunkowość; Mechanizmy finansowe; Narzędzia finansowe; Zarządzanie projektem; Planowanie realizacji; Analiza; Metody analiz; Narzędzia analiz; Studium wykonalności; Efektywność społeczno-ekonomiczno-ekologiczna; Decyzje menedżerskie; Proces podejmowania decyzji; Zarządzanie symulowaną organizacją gospodarczą; Zarządzanie jakością; Instrumenty doskonalenia jakości; Podnoszenie efektywności; Zarządzanie nakładami zasileniowymi; Zarządzanie nakładami produkcyjnymi; Zarządzanie nakładami obiektowymi; Wewnętrzny łańcuch dostaw","Identyfikuje relacje między ekonomią a naukami społecznymii technicznymi, w tym nauką o zarządzaniu i jakości w kontekście działalności inżynierskiej. | Wymienia i charakteryzuje metody i techniki diagnozowania oraz usprawniania działalności w poszczególnych obszarach funkcjonalnych organizacji. | Charakteryzuje normy i standardyw poszczególnych obszarach funkcjonalnych. | Identyfikuje metody i techniki zarządzania marketingiem w organizacji. | Objaśnia normy etyczne w marketingu. | Charakteryzuje zagadnienia skutecznego i efektywnego funkcjonowania organizacji zorientowanej procesowo, takie jak identyfikacja i modelowanie procesów, zarządzanie procesami, efektywność i optymalizacja procesów, role procesowe i szkolenia pracowników, orientacja na klienta, ciągłe doskonalenie, technologia i narzędzia wspierające, kultura organizacyjna zorientowana na procesy. | Charakteryzuje zagadnienia skutecznego i efektywnego funkcjonowania organizacji zorientowanej projektowo. | Charakteryzuje zasady i reguły funkcjonowania rachunkowości w przedsiębiorstwie. | Objaśnia kluczowe mechanizmy i narzędzia finansowe występujące w przedsiębiorstwie. | Identyfikuje etapy zarządzania projektem oraz planowania jego realizacji. | Wyjaśnia elementy poszczególnych analiz, metodi narzędzi umożliwiających przeprowadzenie pełnej analizy celem opracowania studium wykonalności (np. | metody efektywności społeczno-ekonomiczno-ekologicznej). | Identyfikuje przyczyny rozbieżności pomiędzy prognozowanym a faktycznym stanem w procesie podejmowania decyzji menedżerskich w dynamicznym środowisku. | Rozróżnia wewnętrzne i zewnętrzne przyczyny niepowodzeń w procesie zarządzania symulowaną organizacją gospodarczą. | Opisuje normy i standardy zarządzania jakością. | Rozpoznaje i wyjaśnia wybrane instrumenty doskonalenia jakości. | Rozróżnia i przyporządkowuje właściwe metody podnoszenia efektywności zarządzania nakładami zasileniowymi, produkcyjnymi i obiektowymi w wewnętrznym łańcuchu dostaw.",5,"Identyfikuje, Wymienia, Charakteryzuje, Opisuje, Rozpoznaje",40.4
"K1_IZ_W27","Knowledge","Ma zaawansowaną wiedzę w zakresie zarządzania zmianami w organizacji, wskazuje źródła oporu przeciwko zmianom i sposoby ich neutralizacji.",6,"zarządzanie zmianą; zarządzanie kryzysem; metody radzenia sobie w sytuacjach stresowych; zachowania organizacyjne; uwarunkowania organizacyjne; kompetencje menedżerskie; kierowanie ludźmi; zarządzanie organizacjami; zarządzanie zespołami; efektywna komunikacja; komunikacja indywidualna; komunikacja grupowa; komunikacja wirtualna; uwarunkowania psychologiczne; uwarunkowania społeczne; podejmowanie decyzji; modele działania; zmiana zachowań organizacyjnych; zmiana zachowań międzyorganizacyjnych; metody diagnozowania; usprawnianie procesów; zarządzanie zasobami ludzkimi; standardy postępowania; innowacyjne metody; doskonalenie funkcji personalnej","Definiuje złożone mechanizmy zarządzania zmianą i kryzysem w organizacjach oraz wskazuje sposoby ich rozwiązywania. | Przedstawia dostępne metody radzenia sobie w sytuacjach stresowych. | Objaśnia prawidłowości zachowań organizacyjnych i ich uwarunkowania. | Rozróżnia rolę różnych kompetencji menedżerskich dla efektywnego kierowania ludźmi i organizacjami.Identyfikuje zasady wykorzystania kompetencji menedżerskich w celu podnoszenia sprawności zespołów. | Wyjaśnia znaczenie efektywnej komunikacji w różnych formach kierowania np. | indywidualnej, grupowej, wirtualnej. | Identyfikuje i objaśnia psychologiczne i społeczne uwarunkowania podejmowania decyzji. | Rozpoznaje modele działania odnośnie do tworzenia i zmiany zachowań organizacyjnych i międzyorganizacyjnych. | Wyjaśnia metody diagnozowania i usprawniania procesu zarządzania zasobami ludzkimi. | Charakteryzuje standardy postępowania oraz innowacyjne metody doskonalenia funkcji personalnej w poszczególnych obszarach zarządzania zasobami ludzkimi.",5,"Definiuje, Przedstawia, Identyfikuje, Rozpoznaje, Charakteryzuje",35.8
"K1_IZ_W28","Knowledge","Ma zaawansowaną wiedzę w zakresie typów, rodzajów i form organizacji, identyfikuje ich cele i inne elementy. Wyjaśnia kluczowe koncepcje teorii organizacji odnośnie ich powstawania, funkcjonowania, przekształcania i rozwoju.",3,"Organizacja; Cechy organizacji; Elementy organizacji; Typy organizacji; Rodzaje organizacji; Interakcje z otoczeniem; Zarządzanie; Problemy zarządzania; Forma organizacyjno-prawna; Działalność gospodarcza; Cele","Opisuje cechy, elementy, typy i rodzaje organizacji, a także interakcje organizacji z otoczeniem. | Identyfikuje typowe problemy zarządzania. | Dobiera formę organizacyjno-prawną do wybranej działalności gospodarczej oraz identyfikuje jej cele.",3,"Opisuje, Identyfikuje, Dobiera",13.9
