"KEU_Code","KEU_Type","KEU_Description","Subject","PEU_Code","PEU_Description"
"K1_IZ_K01","Social Competences","Potrafi identyfikować i interpretować kulturowe, prawne, etyczne, ekonomiczne, psychologiczne aspekty i skutki działalności inżynierskiej ukierunkowanej na narzędzia matematyczne i informatyczne wspomagające procesy zarządcze i biznesowe oraz przedsięwzięcia realizowane w formie projektów, w tym jej wpływu na środowisko i związanej z tym odpowiedzialności za podejmowane decyzje. Rozumie istotę etyki w biznesie oraz potrafi interpretować jej zasady.","Analiza ekonomiczna decyzji biznesowych","PEU_K01","Ma świadomość złożoności systemów społeczno-gospodarczychi gotowość do wielostronnego oglądu skutków decyzji biznesowych i menedżerskich."
"K1_IZ_K01","Social Competences","Potrafi identyfikować i interpretować kulturowe, prawne, etyczne, ekonomiczne, psychologiczne aspekty i skutki działalności inżynierskiej ukierunkowanej na narzędzia matematyczne i informatyczne wspomagające procesy zarządcze i biznesowe oraz przedsięwzięcia realizowane w formie projektów, w tym jej wpływu na środowisko i związanej z tym odpowiedzialności za podejmowane decyzje. Rozumie istotę etyki w biznesie oraz potrafi interpretować jej zasady.","Analiza ekonomiczna decyzji biznesowych","PEU_K02","Jest zorientowany na samodzielne i krytyczne poszukiwanie i dobór metod, technik i narzędzi wspomagających zarządzanie wiedzą organizacyjną."
"K1_IZ_K01","Social Competences","Potrafi identyfikować i interpretować kulturowe, prawne, etyczne, ekonomiczne, psychologiczne aspekty i skutki działalności inżynierskiej ukierunkowanej na narzędzia matematyczne i informatyczne wspomagające procesy zarządcze i biznesowe oraz przedsięwzięcia realizowane w formie projektów, w tym jej wpływu na środowisko i związanej z tym odpowiedzialności za podejmowane decyzje. Rozumie istotę etyki w biznesie oraz potrafi interpretować jej zasady.","Analiza systemowa i inżynieria systemów","PEU_K01","Jest zdolny do samodzielnego ustalania priorytetów oraz doboru metod i narzędzi rozwiązywania powierzonych zadańz poszanowaniem szeroko pojętych zasad etyki."
"K1_IZ_K01","Social Competences","Potrafi identyfikować i interpretować kulturowe, prawne, etyczne, ekonomiczne, psychologiczne aspekty i skutki działalności inżynierskiej ukierunkowanej na narzędzia matematyczne i informatyczne wspomagające procesy zarządcze i biznesowe oraz przedsięwzięcia realizowane w formie projektów, w tym jej wpływu na środowisko i związanej z tym odpowiedzialności za podejmowane decyzje. Rozumie istotę etyki w biznesie oraz potrafi interpretować jej zasady.","Controlling projektu","PEU_K01","Jest przygotowany do identyfikowania i interpretowania ekonomicznych aspektów i skutków realizacji projektów."
"K1_IZ_K01","Social Competences","Potrafi identyfikować i interpretować kulturowe, prawne, etyczne, ekonomiczne, psychologiczne aspekty i skutki działalności inżynierskiej ukierunkowanej na narzędzia matematyczne i informatyczne wspomagające procesy zarządcze i biznesowe oraz przedsięwzięcia realizowane w formie projektów, w tym jej wpływu na środowisko i związanej z tym odpowiedzialności za podejmowane decyzje. Rozumie istotę etyki w biznesie oraz potrafi interpretować jej zasady.","E-gospodarka","PEU_K01","Jest zorientowany w prawnych, etycznych oraz ekonomicznych konsekwencjach wykorzystania poszczególnych technologiiw różnych obszarach organizacji i życia codziennego."
"K1_IZ_K01","Social Competences","Potrafi identyfikować i interpretować kulturowe, prawne, etyczne, ekonomiczne, psychologiczne aspekty i skutki działalności inżynierskiej ukierunkowanej na narzędzia matematyczne i informatyczne wspomagające procesy zarządcze i biznesowe oraz przedsięwzięcia realizowane w formie projektów, w tym jej wpływu na środowisko i związanej z tym odpowiedzialności za podejmowane decyzje. Rozumie istotę etyki w biznesie oraz potrafi interpretować jej zasady.","Ekonomia","PEU_K01","Identyfikuje i jest zdolny do interpretowania ekonomicznych aspektów i skutków działalności inżynierskiej wspomagającej procesy zarządcze i biznesowe."
"K1_IZ_K01","Social Competences","Potrafi identyfikować i interpretować kulturowe, prawne, etyczne, ekonomiczne, psychologiczne aspekty i skutki działalności inżynierskiej ukierunkowanej na narzędzia matematyczne i informatyczne wspomagające procesy zarządcze i biznesowe oraz przedsięwzięcia realizowane w formie projektów, w tym jej wpływu na środowisko i związanej z tym odpowiedzialności za podejmowane decyzje. Rozumie istotę etyki w biznesie oraz potrafi interpretować jej zasady.","Etyka stosowana","PEU_K01","Szanuje zasady odpowiedzialności etycznej, społecznej i prawnej za skutki działalności inżynierskiej i menedżerskiej oraz wyraża sądy w oparciu o etykę zawodową, etykę w biznesie i inne nurty etyki stosowanej."
"K1_IZ_K01","Social Competences","Potrafi identyfikować i interpretować kulturowe, prawne, etyczne, ekonomiczne, psychologiczne aspekty i skutki działalności inżynierskiej ukierunkowanej na narzędzia matematyczne i informatyczne wspomagające procesy zarządcze i biznesowe oraz przedsięwzięcia realizowane w formie projektów, w tym jej wpływu na środowisko i związanej z tym odpowiedzialności za podejmowane decyzje. Rozumie istotę etyki w biznesie oraz potrafi interpretować jej zasady.","Marketing","PEU_K01","Jest zdolny do do kierowania i pracy w zespole oraz do brania odpowiedzialności w zarządzaniu firmą - zarówno w wymiarze merytorycznym jak i etycznym."
"K1_IZ_K01","Social Competences","Potrafi identyfikować i interpretować kulturowe, prawne, etyczne, ekonomiczne, psychologiczne aspekty i skutki działalności inżynierskiej ukierunkowanej na narzędzia matematyczne i informatyczne wspomagające procesy zarządcze i biznesowe oraz przedsięwzięcia realizowane w formie projektów, w tym jej wpływu na środowisko i związanej z tym odpowiedzialności za podejmowane decyzje. Rozumie istotę etyki w biznesie oraz potrafi interpretować jej zasady.","Marketing","PEU_K02","Jest zdolny do uwzględnienia konsekwencji podejmowanych decyzji w zakresie marketingu."
"K1_IZ_K01","Social Competences","Potrafi identyfikować i interpretować kulturowe, prawne, etyczne, ekonomiczne, psychologiczne aspekty i skutki działalności inżynierskiej ukierunkowanej na narzędzia matematyczne i informatyczne wspomagające procesy zarządcze i biznesowe oraz przedsięwzięcia realizowane w formie projektów, w tym jej wpływu na środowisko i związanej z tym odpowiedzialności za podejmowane decyzje. Rozumie istotę etyki w biznesie oraz potrafi interpretować jej zasady.","Organizacja i zarządzanie","PEU_K01","Akceptuje konieczność rozwijania wiedzy i umiejętności zawodowych w zakresie nauk o organizacji i zarządzaniu oraz tego, że praca menedżera polega na ciągłym identyfikowaniu, analiziei rozstrzyganiu problemów pojawiających się w organizacji."
"K1_IZ_K01","Social Competences","Potrafi identyfikować i interpretować kulturowe, prawne, etyczne, ekonomiczne, psychologiczne aspekty i skutki działalności inżynierskiej ukierunkowanej na narzędzia matematyczne i informatyczne wspomagające procesy zarządcze i biznesowe oraz przedsięwzięcia realizowane w formie projektów, w tym jej wpływu na środowisko i związanej z tym odpowiedzialności za podejmowane decyzje. Rozumie istotę etyki w biznesie oraz potrafi interpretować jej zasady.","Organizacja i zarządzanie","PEU_K02","Jest otwarty na przekazywanie, przekonywanie i obronę własnych poglądów, a także na inicjowanie zmian w miejscu pracyi uczestnictwa w ich planowaniu i wdrażaniu."
"K1_IZ_K01","Social Competences","Potrafi identyfikować i interpretować kulturowe, prawne, etyczne, ekonomiczne, psychologiczne aspekty i skutki działalności inżynierskiej ukierunkowanej na narzędzia matematyczne i informatyczne wspomagające procesy zarządcze i biznesowe oraz przedsięwzięcia realizowane w formie projektów, w tym jej wpływu na środowisko i związanej z tym odpowiedzialności za podejmowane decyzje. Rozumie istotę etyki w biznesie oraz potrafi interpretować jej zasady.","Praktyka zawodowa","PEU_K02","Ma świadomość ważności powiązań wiedzy i działalności menedżerskiej oraz biznesowej i inżynierskiej, a także odpowiedzialności za podejmowane decyzje."
"K1_IZ_K01","Social Competences","Potrafi identyfikować i interpretować kulturowe, prawne, etyczne, ekonomiczne, psychologiczne aspekty i skutki działalności inżynierskiej ukierunkowanej na narzędzia matematyczne i informatyczne wspomagające procesy zarządcze i biznesowe oraz przedsięwzięcia realizowane w formie projektów, w tym jej wpływu na środowisko i związanej z tym odpowiedzialności za podejmowane decyzje. Rozumie istotę etyki w biznesie oraz potrafi interpretować jej zasady.","Praktyka zawodowa","PEU_K03","Ma świadomość niezbędności samodzielnego uczenia sięi konieczności ustawicznego podnoszenia kwalifikacji zawodowych w związku z postępem gospodarczym i technologicznym"
"K1_IZ_K01","Social Competences","Potrafi identyfikować i interpretować kulturowe, prawne, etyczne, ekonomiczne, psychologiczne aspekty i skutki działalności inżynierskiej ukierunkowanej na narzędzia matematyczne i informatyczne wspomagające procesy zarządcze i biznesowe oraz przedsięwzięcia realizowane w formie projektów, w tym jej wpływu na środowisko i związanej z tym odpowiedzialności za podejmowane decyzje. Rozumie istotę etyki w biznesie oraz potrafi interpretować jej zasady.","Prawo dla inżynierów","PEU_K01","Uwzględnia istotę i znaczenie regulacji prawnych w dziedzinie działalności zawodowej i biznesowej."
"K1_IZ_K01","Social Competences","Potrafi identyfikować i interpretować kulturowe, prawne, etyczne, ekonomiczne, psychologiczne aspekty i skutki działalności inżynierskiej ukierunkowanej na narzędzia matematyczne i informatyczne wspomagające procesy zarządcze i biznesowe oraz przedsięwzięcia realizowane w formie projektów, w tym jej wpływu na środowisko i związanej z tym odpowiedzialności za podejmowane decyzje. Rozumie istotę etyki w biznesie oraz potrafi interpretować jej zasady.","Projektowanie stanowisk pracy","PEU_K01","Identyfikuje i interpretuje psychologiczne i społeczne aspekty i skutki projektowej działalności inżynierskiej."
"K1_IZ_K01","Social Competences","Potrafi identyfikować i interpretować kulturowe, prawne, etyczne, ekonomiczne, psychologiczne aspekty i skutki działalności inżynierskiej ukierunkowanej na narzędzia matematyczne i informatyczne wspomagające procesy zarządcze i biznesowe oraz przedsięwzięcia realizowane w formie projektów, w tym jej wpływu na środowisko i związanej z tym odpowiedzialności za podejmowane decyzje. Rozumie istotę etyki w biznesie oraz potrafi interpretować jej zasady.","Projektowanie systemów interakcyjnych","PEU_K01","Potrafi identyfikować i interpretować społeczne i psychologiczne aspekty i skutki projektowej działalności inżynierskiej."
"K1_IZ_K01","Social Competences","Potrafi identyfikować i interpretować kulturowe, prawne, etyczne, ekonomiczne, psychologiczne aspekty i skutki działalności inżynierskiej ukierunkowanej na narzędzia matematyczne i informatyczne wspomagające procesy zarządcze i biznesowe oraz przedsięwzięcia realizowane w formie projektów, w tym jej wpływu na środowisko i związanej z tym odpowiedzialności za podejmowane decyzje. Rozumie istotę etyki w biznesie oraz potrafi interpretować jej zasady.","Projektowanie systemów zarządzania w organizacjach zorientowanych procesowo","PEU_K01","Rozwiązuje problemy organizacji zorientowanej procesowo dbając o wpływu zmian na środowisko, podsystem społeczny organizacji oraz społeczeństwo."
"K1_IZ_K01","Social Competences","Potrafi identyfikować i interpretować kulturowe, prawne, etyczne, ekonomiczne, psychologiczne aspekty i skutki działalności inżynierskiej ukierunkowanej na narzędzia matematyczne i informatyczne wspomagające procesy zarządcze i biznesowe oraz przedsięwzięcia realizowane w formie projektów, w tym jej wpływu na środowisko i związanej z tym odpowiedzialności za podejmowane decyzje. Rozumie istotę etyki w biznesie oraz potrafi interpretować jej zasady.","Projektowanie systemów zarządzania w organizacjach zorientowanych projektowo","PEU_K01","Rozwiązuje problemy organizacji zorientowanej procesowo dbając o wpływu zmian na środowisko, podsystem społeczny organizacji oraz społeczeństwo."
"K1_IZ_K01","Social Competences","Potrafi identyfikować i interpretować kulturowe, prawne, etyczne, ekonomiczne, psychologiczne aspekty i skutki działalności inżynierskiej ukierunkowanej na narzędzia matematyczne i informatyczne wspomagające procesy zarządcze i biznesowe oraz przedsięwzięcia realizowane w formie projektów, w tym jej wpływu na środowisko i związanej z tym odpowiedzialności za podejmowane decyzje. Rozumie istotę etyki w biznesie oraz potrafi interpretować jej zasady.","Rachunkowość i finanse dla inżynierów","PEU_K01","Jest zdolny do udziału w projektach produkcyjnych i inwestycyjnych uwzględniając ich wpływ na wyniki finansowe przedsiębiorstwa."
"K1_IZ_K01","Social Competences","Potrafi identyfikować i interpretować kulturowe, prawne, etyczne, ekonomiczne, psychologiczne aspekty i skutki działalności inżynierskiej ukierunkowanej na narzędzia matematyczne i informatyczne wspomagające procesy zarządcze i biznesowe oraz przedsięwzięcia realizowane w formie projektów, w tym jej wpływu na środowisko i związanej z tym odpowiedzialności za podejmowane decyzje. Rozumie istotę etyki w biznesie oraz potrafi interpretować jej zasady.","Regulacje działalności gospodarczej","PEU_K01","Rozwiązuje problemy prawne, etyczne i ekonomiczne związane z zakładaniem własnej działalności gospodarczej, przy uwzględnieniu wspływu na środowisko naturalne."
"K1_IZ_K01","Social Competences","Potrafi identyfikować i interpretować kulturowe, prawne, etyczne, ekonomiczne, psychologiczne aspekty i skutki działalności inżynierskiej ukierunkowanej na narzędzia matematyczne i informatyczne wspomagające procesy zarządcze i biznesowe oraz przedsięwzięcia realizowane w formie projektów, w tym jej wpływu na środowisko i związanej z tym odpowiedzialności za podejmowane decyzje. Rozumie istotę etyki w biznesie oraz potrafi interpretować jej zasady.","Seminarium dyplomowe","PEU_K01","Identyfikuje i uwzględnia aspekty prawne, etyczne i psychologiczne swoich planów usprawnień działania organizacji, podejmowanychw pracy dyplomowej."
"K1_IZ_K01","Social Competences","Potrafi identyfikować i interpretować kulturowe, prawne, etyczne, ekonomiczne, psychologiczne aspekty i skutki działalności inżynierskiej ukierunkowanej na narzędzia matematyczne i informatyczne wspomagające procesy zarządcze i biznesowe oraz przedsięwzięcia realizowane w formie projektów, w tym jej wpływu na środowisko i związanej z tym odpowiedzialności za podejmowane decyzje. Rozumie istotę etyki w biznesie oraz potrafi interpretować jej zasady.","Współczesne dylematy menedżerskie","PEU_K01","Dba o zachowania etyczne w biznesie. Jest zorientowanyna kulturowe i etyczne skutki działalności inżynierskiej podczas procesów związanych z zarządzaniem ludźmi."
"K1_IZ_K01","Social Competences","Potrafi identyfikować i interpretować kulturowe, prawne, etyczne, ekonomiczne, psychologiczne aspekty i skutki działalności inżynierskiej ukierunkowanej na narzędzia matematyczne i informatyczne wspomagające procesy zarządcze i biznesowe oraz przedsięwzięcia realizowane w formie projektów, w tym jej wpływu na środowisko i związanej z tym odpowiedzialności za podejmowane decyzje. Rozumie istotę etyki w biznesie oraz potrafi interpretować jej zasady.","Wymagania Systemów Informacyjnych Zarządzania","PEU_K01","Pracuje w zespole i respektuje zasady pracy zespołowej"
"K1_IZ_K01","Social Competences","Potrafi identyfikować i interpretować kulturowe, prawne, etyczne, ekonomiczne, psychologiczne aspekty i skutki działalności inżynierskiej ukierunkowanej na narzędzia matematyczne i informatyczne wspomagające procesy zarządcze i biznesowe oraz przedsięwzięcia realizowane w formie projektów, w tym jej wpływu na środowisko i związanej z tym odpowiedzialności za podejmowane decyzje. Rozumie istotę etyki w biznesie oraz potrafi interpretować jej zasady.","Własność intelektualna z elementami etyki","PEU_K01","Jest przygotowany do praktycznego korzystania z uregulowań prawa własności intelektualnej i przemysłowej w działalności zawodowej z uwzględnieniem uwarunkowań prawnych oraz etycznych."
"K1_IZ_K01","Social Competences","Potrafi identyfikować i interpretować kulturowe, prawne, etyczne, ekonomiczne, psychologiczne aspekty i skutki działalności inżynierskiej ukierunkowanej na narzędzia matematyczne i informatyczne wspomagające procesy zarządcze i biznesowe oraz przedsięwzięcia realizowane w formie projektów, w tym jej wpływu na środowisko i związanej z tym odpowiedzialności za podejmowane decyzje. Rozumie istotę etyki w biznesie oraz potrafi interpretować jej zasady.","Zarządzanie jakością","PEU_K01","Jest zorientowany na przestrzeganie zasad etycznych w życiu społecznym i zarządzaniu organizacjami."
"K1_IZ_K01","Social Competences","Potrafi identyfikować i interpretować kulturowe, prawne, etyczne, ekonomiczne, psychologiczne aspekty i skutki działalności inżynierskiej ukierunkowanej na narzędzia matematyczne i informatyczne wspomagające procesy zarządcze i biznesowe oraz przedsięwzięcia realizowane w formie projektów, w tym jej wpływu na środowisko i związanej z tym odpowiedzialności za podejmowane decyzje. Rozumie istotę etyki w biznesie oraz potrafi interpretować jej zasady.","Zarządzanie produkcją i logistyką","PEU_K01","Jest świadomy skutków logistycznej działalności operacyjnej, jej wpływu na środowisko społeczne i naturalne oraz jest przygotowany do etycznego pełnienia ról organizacyjnychw obszarze logistyki i produkcji."
"K1_IZ_K02","Social Competences","Potrafi współdziałać i pracować w grupowych i zespołowych formach organizacji pracy (przyjmując w nich różne role). Potrafi organizować pracę małych zespołów i nimi kierować.","Diagnostyka ergonomiczna i projektowanie stanowisk pracy","PEU_K01","Nabywanie i rozwijanie umiejętności zespołowej współpracy w celu optymalnego rozwiązania powierzonych problemów"
"K1_IZ_K02","Social Competences","Potrafi współdziałać i pracować w grupowych i zespołowych formach organizacji pracy (przyjmując w nich różne role). Potrafi organizować pracę małych zespołów i nimi kierować.","Diagnostyka ergonomiczna i projektowanie stanowisk pracy","PEU_K02","Nabywanie i rozwijanie systemowego myślenia o ergonomicznych własnościach stanowisk pracy człowieka"
"K1_IZ_K02","Social Competences","Potrafi współdziałać i pracować w grupowych i zespołowych formach organizacji pracy (przyjmując w nich różne role). Potrafi organizować pracę małych zespołów i nimi kierować.","Diagnostyka ergonomiczna i projektowanie stanowisk pracy","PEU_K03","Rozwijanie zdolności samooceny i samokontroli podczas pracy"
"K1_IZ_K02","Social Competences","Potrafi współdziałać i pracować w grupowych i zespołowych formach organizacji pracy (przyjmując w nich różne role). Potrafi organizować pracę małych zespołów i nimi kierować.","Doskonalenie systemów informacyjnych organizacji","PEU_K01","Potrafi samodzielnie rozwijać swą wiedzę i umiejętności, współdziałać i pracować w zespołach, wykazuje gotowośćdo identyfikowania, analizy i rozwiązywania problemów w zakresie diagnostyki i doskonalenia systemów informacyjnych zarządzania"
"K1_IZ_K02","Social Competences","Potrafi współdziałać i pracować w grupowych i zespołowych formach organizacji pracy (przyjmując w nich różne role). Potrafi organizować pracę małych zespołów i nimi kierować.","Doskonalenie systemów informacyjnych organizacji","PEU_K02","Potrafi w sposób profesjonalny poszukiwać oraz dobierać metody rozwiązywania problemów, brać za nie odpowiedzialność, przekazywać, przekonywać i bronić własnych poglądów związanych z diagnostyką i doskonaleniem systemów informacyjnych zarządzania"
"K1_IZ_K02","Social Competences","Potrafi współdziałać i pracować w grupowych i zespołowych formach organizacji pracy (przyjmując w nich różne role). Potrafi organizować pracę małych zespołów i nimi kierować.","Marketing","PEU_K01","Jest zdolny do do kierowania i pracy w zespole oraz do brania odpowiedzialności w zarządzaniu firmą - zarówno w wymiarze merytorycznym jak i etycznym."
"K1_IZ_K02","Social Competences","Potrafi współdziałać i pracować w grupowych i zespołowych formach organizacji pracy (przyjmując w nich różne role). Potrafi organizować pracę małych zespołów i nimi kierować.","Marketing","PEU_K02","Jest zdolny do uwzględnienia konsekwencji podejmowanych decyzji w zakresie marketingu."
"K1_IZ_K02","Social Competences","Potrafi współdziałać i pracować w grupowych i zespołowych formach organizacji pracy (przyjmując w nich różne role). Potrafi organizować pracę małych zespołów i nimi kierować.","Metody matematyczne – optymalizacja decyzji","PEU_K01","Jest odpowiedzialny za powierzone zadania w zespołach projektowych, z zakresu podejmowania decyzji, w zmieniającym się dynamicznie otoczeniu."
"K1_IZ_K02","Social Competences","Potrafi współdziałać i pracować w grupowych i zespołowych formach organizacji pracy (przyjmując w nich różne role). Potrafi organizować pracę małych zespołów i nimi kierować.","Proces generowania i wdrażania innowacji","PEU_K01","Potrafi współpracować w grupie i rozwiazywać problemy projektowe"
"K1_IZ_K02","Social Competences","Potrafi współdziałać i pracować w grupowych i zespołowych formach organizacji pracy (przyjmując w nich różne role). Potrafi organizować pracę małych zespołów i nimi kierować.","Projektowanie wizualnego przekazu marketingowego","PEU_K01","Jest zdolny do nabywania i rozwijania umiejętności zespołowej współpracy w celu optymalnego rozwiązania powierzonych problemów."
"K1_IZ_K02","Social Competences","Potrafi współdziałać i pracować w grupowych i zespołowych formach organizacji pracy (przyjmując w nich różne role). Potrafi organizować pracę małych zespołów i nimi kierować.","Projektowanie wizualnego przekazu marketingowego","PEU_K02","Jest zdolny do samooceny i samokontroli podczas pracy."
"K1_IZ_K02","Social Competences","Potrafi współdziałać i pracować w grupowych i zespołowych formach organizacji pracy (przyjmując w nich różne role). Potrafi organizować pracę małych zespołów i nimi kierować.","Studium wykonalności projektów infrastrukturalnych","PEU_K01","Jest przygotowany do uczestniczenia w zespołach przygotowujących dokumentacje dla projektów infrastrukturalnych z uwzględnieniem aspektów prawnych, ekonomicznych, politycznych i ekologicznej i przekazuje informacje na ich tematw sposób komunikatywny."
"K1_IZ_K02","Social Competences","Potrafi współdziałać i pracować w grupowych i zespołowych formach organizacji pracy (przyjmując w nich różne role). Potrafi organizować pracę małych zespołów i nimi kierować.","Teoria i praktyka twórczości inżynierskiej","PEU_K02","Jest przygotowany do pracy w grupowych i zespołowych formach organizacji pracy, uwzględniając zmienne wymogi potrzeb płynących z otoczenia."
"K1_IZ_K02","Social Competences","Potrafi współdziałać i pracować w grupowych i zespołowych formach organizacji pracy (przyjmując w nich różne role). Potrafi organizować pracę małych zespołów i nimi kierować.","Zachowania organizacyjne","PEU_K01","Jest zorientowany na współdziałania w grupowych i zespołowych formach organizacji pracy (przyjmując w nich różne role). Potrafi organizować pracę małych zespołów i nimi kierować."
"K1_IZ_K03","Social Competences","Jest przygotowany do brania odpowiedzialności za powierzone mu zadania. Potrafi odpowiednio określać priorytety w pracy własnej i we współpracy z innymi w związku z pełnieniem różnych ról organizacyjnych.","Analityka menedżerska","PEU_K01","jasno prezentuje wyniki procesu analitycznego, podkreśla zalety zastosowania wybranego podejścia do rozwiązania problemu biznesowego, formułuje i wyjaśnia rekomendacje dla decydenta"
"K1_IZ_K03","Social Competences","Jest przygotowany do brania odpowiedzialności za powierzone mu zadania. Potrafi odpowiednio określać priorytety w pracy własnej i we współpracy z innymi w związku z pełnieniem różnych ról organizacyjnych.","Analiza i prezentacja danych biznesowych","PEU_K01","jasno prezentuje wyniki procesu analitycznego, podkreśla zalety zastosowania wybranego podejścia do rozwiązania problemu biznesowego, formułuje i wyjaśnia rekomendacje dla decydenta"
"K1_IZ_K03","Social Competences","Jest przygotowany do brania odpowiedzialności za powierzone mu zadania. Potrafi odpowiednio określać priorytety w pracy własnej i we współpracy z innymi w związku z pełnieniem różnych ról organizacyjnych.","Analiza systemowa i inżynieria systemów","PEU_K02","Jest zorientowany na identyfikowanie i krytyczną analizę podczas rozstrzygania problemów pojawiających się w trakcie realizacji powierzonych zadań."
"K1_IZ_K03","Social Competences","Jest przygotowany do brania odpowiedzialności za powierzone mu zadania. Potrafi odpowiednio określać priorytety w pracy własnej i we współpracy z innymi w związku z pełnieniem różnych ról organizacyjnych.","Badania operacyjne","PEU_K01","Identyfikuje i rozwiązuje praktyczne problemy decyzyjne występujące w organizacjach"
"K1_IZ_K03","Social Competences","Jest przygotowany do brania odpowiedzialności za powierzone mu zadania. Potrafi odpowiednio określać priorytety w pracy własnej i we współpracy z innymi w związku z pełnieniem różnych ról organizacyjnych.","Bazy danych","PEU_K01","Wykazuje inicjatywę do rozwiązywania problemów samodzielnie. Jest otwarty na prezentację swoich rozwiązań problemów na forum grupy."
"K1_IZ_K03","Social Competences","Jest przygotowany do brania odpowiedzialności za powierzone mu zadania. Potrafi odpowiednio określać priorytety w pracy własnej i we współpracy z innymi w związku z pełnieniem różnych ról organizacyjnych.","Diagnostyka ergonomiczna i projektowanie stanowisk pracy","PEU_K01","Nabywanie i rozwijanie umiejętności zespołowej współpracy w celu optymalnego rozwiązania powierzonych problemów"
"K1_IZ_K03","Social Competences","Jest przygotowany do brania odpowiedzialności za powierzone mu zadania. Potrafi odpowiednio określać priorytety w pracy własnej i we współpracy z innymi w związku z pełnieniem różnych ról organizacyjnych.","Diagnostyka ergonomiczna i projektowanie stanowisk pracy","PEU_K02","Nabywanie i rozwijanie systemowego myślenia o ergonomicznych własnościach stanowisk pracy człowieka"
"K1_IZ_K03","Social Competences","Jest przygotowany do brania odpowiedzialności za powierzone mu zadania. Potrafi odpowiednio określać priorytety w pracy własnej i we współpracy z innymi w związku z pełnieniem różnych ról organizacyjnych.","Diagnostyka ergonomiczna i projektowanie stanowisk pracy","PEU_K03","Rozwijanie zdolności samooceny i samokontroli podczas pracy"
"K1_IZ_K03","Social Competences","Jest przygotowany do brania odpowiedzialności za powierzone mu zadania. Potrafi odpowiednio określać priorytety w pracy własnej i we współpracy z innymi w związku z pełnieniem różnych ról organizacyjnych.","Doskonalenie systemów informacyjnych organizacji","PEU_K01","Potrafi samodzielnie rozwijać swą wiedzę i umiejętności, współdziałać i pracować w zespołach, wykazuje gotowośćdo identyfikowania, analizy i rozwiązywania problemów w zakresie diagnostyki i doskonalenia systemów informacyjnych zarządzania"
"K1_IZ_K03","Social Competences","Jest przygotowany do brania odpowiedzialności za powierzone mu zadania. Potrafi odpowiednio określać priorytety w pracy własnej i we współpracy z innymi w związku z pełnieniem różnych ról organizacyjnych.","Doskonalenie systemów informacyjnych organizacji","PEU_K02","Potrafi w sposób profesjonalny poszukiwać oraz dobierać metody rozwiązywania problemów, brać za nie odpowiedzialność, przekazywać, przekonywać i bronić własnych poglądów związanych z diagnostyką i doskonaleniem systemów informacyjnych zarządzania"
"K1_IZ_K03","Social Competences","Jest przygotowany do brania odpowiedzialności za powierzone mu zadania. Potrafi odpowiednio określać priorytety w pracy własnej i we współpracy z innymi w związku z pełnieniem różnych ról organizacyjnych.","Fizyka środowiska pracy","PEU_K01","Jest zdolny do współpracy w zespole w celu optymalnego rozwiązania powierzonych mu problemów."
"K1_IZ_K03","Social Competences","Jest przygotowany do brania odpowiedzialności za powierzone mu zadania. Potrafi odpowiednio określać priorytety w pracy własnej i we współpracy z innymi w związku z pełnieniem różnych ról organizacyjnych.","Hurtownie danych","PEU_K01","Potrafi samodzielnie rozwijać wiedzę i umiejętności inżynierskiew zakresie projektowania, tworzenia i stosowania hurtowni danych do rozwiązywania wybranych biznesowych problemów decyzyjnych."
"K1_IZ_K03","Social Competences","Jest przygotowany do brania odpowiedzialności za powierzone mu zadania. Potrafi odpowiednio określać priorytety w pracy własnej i we współpracy z innymi w związku z pełnieniem różnych ról organizacyjnych.","Implementacja procesów biznesowych","PEU_K01","Jest zdolny do pracy w grupie i wspólnie z zespołem przygotowuje proces do implementacji."
"K1_IZ_K03","Social Competences","Jest przygotowany do brania odpowiedzialności za powierzone mu zadania. Potrafi odpowiednio określać priorytety w pracy własnej i we współpracy z innymi w związku z pełnieniem różnych ról organizacyjnych.","Logika pragmatyczna dla inżynierów","PEU_K01","Jest zdolny do przedstawiania efektów powierzonych sobie zadań w sposób logicznie poprawny."
"K1_IZ_K03","Social Competences","Jest przygotowany do brania odpowiedzialności za powierzone mu zadania. Potrafi odpowiednio określać priorytety w pracy własnej i we współpracy z innymi w związku z pełnieniem różnych ról organizacyjnych.","Metody matematyczne – optymalizacja decyzji","PEU_K01","Jest odpowiedzialny za powierzone zadania w zespołach projektowych, z zakresu podejmowania decyzji, w zmieniającym się dynamicznie otoczeniu."
"K1_IZ_K03","Social Competences","Jest przygotowany do brania odpowiedzialności za powierzone mu zadania. Potrafi odpowiednio określać priorytety w pracy własnej i we współpracy z innymi w związku z pełnieniem różnych ról organizacyjnych.","Metody optymalizacji","PEU_K01","Jest odpowiedzialny za praktyczne zadania związane z optymalizacją występujące w organizacjach"
"K1_IZ_K03","Social Competences","Jest przygotowany do brania odpowiedzialności za powierzone mu zadania. Potrafi odpowiednio określać priorytety w pracy własnej i we współpracy z innymi w związku z pełnieniem różnych ról organizacyjnych.","Metodyki zarządzania projektem","PEU_K01","Jest odpowiedzialny za realizację zadań projektowych, umie wyznaczać priorytety w pracy własnej oraz w koordynacjiz zespołem, biorąc pod uwagę specyfikę ról i odpowiedzialności w projekcie oraz cele wybranej metodyki zarządzania"
"K1_IZ_K03","Social Competences","Jest przygotowany do brania odpowiedzialności za powierzone mu zadania. Potrafi odpowiednio określać priorytety w pracy własnej i we współpracy z innymi w związku z pełnieniem różnych ról organizacyjnych.","Modelowanie statystyczne","PEU_K01","Respektuje zasady na jakich powierzone są zadania."
"K1_IZ_K03","Social Competences","Jest przygotowany do brania odpowiedzialności za powierzone mu zadania. Potrafi odpowiednio określać priorytety w pracy własnej i we współpracy z innymi w związku z pełnieniem różnych ról organizacyjnych.","Narzędzia informatyczne w podejmowaniu decyzji menedżerskich","PEU_K01","Potrafi samodzielnie, jak również współdziałając w zespole, rozwijać wiedzę i umiejętności w zakresie stosowania wybranych narzędzi identyfikacji, analizy, modelowania i rozwiązywania problemów decyzyjnych w środowisku IT."
"K1_IZ_K03","Social Competences","Jest przygotowany do brania odpowiedzialności za powierzone mu zadania. Potrafi odpowiednio określać priorytety w pracy własnej i we współpracy z innymi w związku z pełnieniem różnych ról organizacyjnych.","Narzędzia informatyczne w podejmowaniu decyzji w usługach","PEU_K01","Potrafi samodzielnie, jak również współdziałając w zespole, rozwijać wiedzę i umiejętności w zakresie stosowania wybranych narzędzi identyfikacji, analizy, modelowania i rozwiązywania problemów decyzyjnych w środowisku IT."
"K1_IZ_K03","Social Competences","Jest przygotowany do brania odpowiedzialności za powierzone mu zadania. Potrafi odpowiednio określać priorytety w pracy własnej i we współpracy z innymi w związku z pełnieniem różnych ról organizacyjnych.","Notacje procesów biznesowych","PEU_K01","Jest zdolny do pracy w grupie i przygotowuje wspólnie z zespołem modele procesów biznesowych."
"K1_IZ_K03","Social Competences","Jest przygotowany do brania odpowiedzialności za powierzone mu zadania. Potrafi odpowiednio określać priorytety w pracy własnej i we współpracy z innymi w związku z pełnieniem różnych ról organizacyjnych.","Podstawy programowania","PEU_K01","Wykazuje się odpowiedzialnością za jakość swojego kodu, dbając o jego czytelność, zgodność z dobrymi praktykami programistycznymi oraz minimalizację błędów."
"K1_IZ_K03","Social Competences","Jest przygotowany do brania odpowiedzialności za powierzone mu zadania. Potrafi odpowiednio określać priorytety w pracy własnej i we współpracy z innymi w związku z pełnieniem różnych ról organizacyjnych.","Proces generowania i wdrażania innowacji","PEU_K01","Potrafi współpracować w grupie i rozwiazywać problemy projektowe"
"K1_IZ_K03","Social Competences","Jest przygotowany do brania odpowiedzialności za powierzone mu zadania. Potrafi odpowiednio określać priorytety w pracy własnej i we współpracy z innymi w związku z pełnieniem różnych ról organizacyjnych.","Projektowanie analizatorów biznesowych","PEU_K01","Pracuje w zespole projektującym aplikacje wspomagające analizy biznesowe, odpowiadając za różne role w projekcie analityczno-programistycznym"
"K1_IZ_K03","Social Competences","Jest przygotowany do brania odpowiedzialności za powierzone mu zadania. Potrafi odpowiednio określać priorytety w pracy własnej i we współpracy z innymi w związku z pełnieniem różnych ról organizacyjnych.","Projektowanie systemów zarządzania w organizacjach zorientowanych procesowo","PEU_K02","Jest zorientowany na pracę zespołową podczas rozwiązywania problemów zarządzania."
"K1_IZ_K03","Social Competences","Jest przygotowany do brania odpowiedzialności za powierzone mu zadania. Potrafi odpowiednio określać priorytety w pracy własnej i we współpracy z innymi w związku z pełnieniem różnych ról organizacyjnych.","Projektowanie systemów zarządzania w organizacjach zorientowanych projektowo","PEU_K02","Jest otwarty na pracę zespołową podczas rozwiązywania problemów zarządzania w organizacjach zorientowanych projektowo."
"K1_IZ_K03","Social Competences","Jest przygotowany do brania odpowiedzialności za powierzone mu zadania. Potrafi odpowiednio określać priorytety w pracy własnej i we współpracy z innymi w związku z pełnieniem różnych ról organizacyjnych.","Projektowanie wizualnego przekazu marketingowego","PEU_K01","Jest zdolny do nabywania i rozwijania umiejętności zespołowej współpracy w celu optymalnego rozwiązania powierzonych problemów."
"K1_IZ_K03","Social Competences","Jest przygotowany do brania odpowiedzialności za powierzone mu zadania. Potrafi odpowiednio określać priorytety w pracy własnej i we współpracy z innymi w związku z pełnieniem różnych ról organizacyjnych.","Projektowanie wizualnego przekazu marketingowego","PEU_K02","Jest zdolny do samooceny i samokontroli podczas pracy."
"K1_IZ_K03","Social Competences","Jest przygotowany do brania odpowiedzialności za powierzone mu zadania. Potrafi odpowiednio określać priorytety w pracy własnej i we współpracy z innymi w związku z pełnieniem różnych ról organizacyjnych.","Rachunek prawdopodobieństwa","PEU_K01","Respektuje zasady na jakich powierzone są zadania."
"K1_IZ_K03","Social Competences","Jest przygotowany do brania odpowiedzialności za powierzone mu zadania. Potrafi odpowiednio określać priorytety w pracy własnej i we współpracy z innymi w związku z pełnieniem różnych ról organizacyjnych.","Regulacje działalności gospodarczej","PEU_K02","Jest odpowiedzialny za realizacje wspólnego projektu biznesowego. Jest zdolny do działania w sposób przedsiębiorczy."
"K1_IZ_K03","Social Competences","Jest przygotowany do brania odpowiedzialności za powierzone mu zadania. Potrafi odpowiednio określać priorytety w pracy własnej i we współpracy z innymi w związku z pełnieniem różnych ról organizacyjnych.","Seminarium dyplomowe","PEU_K02","Ma świadomość swojej odpowiedzialności za dobrostan organizacji, w której realizuje pracę dyplomową i za jej pracowników, a także za przekazywaną wiedzę, opinie i intencje w procesie diagnozowania i projektowania usprawnień w organizacji."
"K1_IZ_K03","Social Competences","Jest przygotowany do brania odpowiedzialności za powierzone mu zadania. Potrafi odpowiednio określać priorytety w pracy własnej i we współpracy z innymi w związku z pełnieniem różnych ról organizacyjnych.","Statystyka dla inżynierów","PEU_K01","Respektuje zasady na jakich powierzone są zadania."
"K1_IZ_K03","Social Competences","Jest przygotowany do brania odpowiedzialności za powierzone mu zadania. Potrafi odpowiednio określać priorytety w pracy własnej i we współpracy z innymi w związku z pełnieniem różnych ról organizacyjnych.","Studium wykonalności projektów infrastrukturalnych","PEU_K01","Jest przygotowany do uczestniczenia w zespołach przygotowujących dokumentacje dla projektów infrastrukturalnych z uwzględnieniem aspektów prawnych, ekonomicznych, politycznych i ekologicznej i przekazuje informacje na ich tematw sposób komunikatywny."
"K1_IZ_K03","Social Competences","Jest przygotowany do brania odpowiedzialności za powierzone mu zadania. Potrafi odpowiednio określać priorytety w pracy własnej i we współpracy z innymi w związku z pełnieniem różnych ról organizacyjnych.","Studium wykonalności projektów infrastrukturalnych","PEU_K02","Jest otwarty na podejmowanie różnych zadań w ramach prac projektowych i określa priorytety ich wykonania. Jest odpowiedziany za powierzone mu zadania."
"K1_IZ_K03","Social Competences","Jest przygotowany do brania odpowiedzialności za powierzone mu zadania. Potrafi odpowiednio określać priorytety w pracy własnej i we współpracy z innymi w związku z pełnieniem różnych ról organizacyjnych.","Symulacja systemów","PEU_K01","Bierze odpowiedzialność za powierzone mu zadanie w ramach pracy grupowej."
"K1_IZ_K03","Social Competences","Jest przygotowany do brania odpowiedzialności za powierzone mu zadania. Potrafi odpowiednio określać priorytety w pracy własnej i we współpracy z innymi w związku z pełnieniem różnych ról organizacyjnych.","Systemy analityczne","PEU_K01","jasno prezentuje wyniki procesu analitycznego, podkreśla zalety zastosowania wybranego podejścia do rozwiązania problemu biznesowego, formułuje i wyjaśnia rekomendacje dla decydenta"
"K1_IZ_K03","Social Competences","Jest przygotowany do brania odpowiedzialności za powierzone mu zadania. Potrafi odpowiednio określać priorytety w pracy własnej i we współpracy z innymi w związku z pełnieniem różnych ról organizacyjnych.","Techniki eksploracji danych","PEU_K01","Identyfikuje problemy społeczne związane z danymi i za pomocą modeli eksploracji danych, rozwiązuje problemy, argumentujei broni swoje poglądy."
"K1_IZ_K03","Social Competences","Jest przygotowany do brania odpowiedzialności za powierzone mu zadania. Potrafi odpowiednio określać priorytety w pracy własnej i we współpracy z innymi w związku z pełnieniem różnych ról organizacyjnych.","Technologie informacyjne","PEU_K01","Odpowiedzialnie wykonuje zadania w domu i przychodzi na zajęcia z rozwiązanymi zadaniami, przygotowany do ich zaprezentowania i pomagania we współpracy innym studentom."
"K1_IZ_K03","Social Competences","Jest przygotowany do brania odpowiedzialności za powierzone mu zadania. Potrafi odpowiednio określać priorytety w pracy własnej i we współpracy z innymi w związku z pełnieniem różnych ról organizacyjnych.","Technologie internetowe","PEU_K01","Odpowiedzialnie wykonuje w domu zadania i opracowuje tematykę każdych zajęć przygotowując się do ich zaprezentowaniai do dyskusji."
"K1_IZ_K03","Social Competences","Jest przygotowany do brania odpowiedzialności za powierzone mu zadania. Potrafi odpowiednio określać priorytety w pracy własnej i we współpracy z innymi w związku z pełnieniem różnych ról organizacyjnych.","Teoria i praktyka twórczości inżynierskiej","PEU_K01","Jest przygotowany do inicjowania zmian w organizacjii uczestnictwa w ich planowaniu i wdrażaniu oraz brania za nie odpowiedzialności."
"K1_IZ_K03","Social Competences","Jest przygotowany do brania odpowiedzialności za powierzone mu zadania. Potrafi odpowiednio określać priorytety w pracy własnej i we współpracy z innymi w związku z pełnieniem różnych ról organizacyjnych.","Uczenie maszynowe","PEU_K01","Identyfikuje problemy społeczne związane z danymi i za pomocą modeli eksploracji danych, rozwiązuje problemy, argumentujei broni swoje poglądy."
"K1_IZ_K03","Social Competences","Jest przygotowany do brania odpowiedzialności za powierzone mu zadania. Potrafi odpowiednio określać priorytety w pracy własnej i we współpracy z innymi w związku z pełnieniem różnych ról organizacyjnych.","Wprowadzenie do optymalizacji","PEU_K01","Jest odpowiedzialny za praktyczne zadania związane z optymalizacją w organizacjach."
"K1_IZ_K03","Social Competences","Jest przygotowany do brania odpowiedzialności za powierzone mu zadania. Potrafi odpowiednio określać priorytety w pracy własnej i we współpracy z innymi w związku z pełnieniem różnych ról organizacyjnych.","Zarządzanie jakością","PEU_K02","Jest zdolny do brania odpowiedzialności za powierzone mu zadania."
"K1_IZ_K03","Social Competences","Jest przygotowany do brania odpowiedzialności za powierzone mu zadania. Potrafi odpowiednio określać priorytety w pracy własnej i we współpracy z innymi w związku z pełnieniem różnych ról organizacyjnych.","Zarządzanie procesami informatyzacji","PEU_K01","Jest zdolny do pracy samodzielnej i w grupie."
"K1_IZ_K04","Social Competences","Jest przygotowany do identyfikowania, analizowania i rozstrzygania problemów zawodowych i społecznych w miejscu pracy. Potrafi elastycznie poszukiwać sposobów ich rozwiązywania.","Efektywna praca w zespole","PEU_K01","Rozwiązuje problemy w zakresie nieprawidłowości współdziałania i podejmowania zadań zespołowych."
"K1_IZ_K04","Social Competences","Jest przygotowany do identyfikowania, analizowania i rozstrzygania problemów zawodowych i społecznych w miejscu pracy. Potrafi elastycznie poszukiwać sposobów ich rozwiązywania.","Komunikacja interpersonalna","PEU_K01","Identyfikuje problemy w obszarze komunikacji w organizacji oraz wykazuje gotowość ich twórczego rozwiązywania."
"K1_IZ_K04","Social Competences","Jest przygotowany do identyfikowania, analizowania i rozstrzygania problemów zawodowych i społecznych w miejscu pracy. Potrafi elastycznie poszukiwać sposobów ich rozwiązywania.","Komunikacja interpersonalna","PEU_K02","Wykazuje gotowość do wykorzystania wiedzy i umiejętności komunikacyjnych do efektywnej współpracy w zespole."
"K1_IZ_K04","Social Competences","Jest przygotowany do identyfikowania, analizowania i rozstrzygania problemów zawodowych i społecznych w miejscu pracy. Potrafi elastycznie poszukiwać sposobów ich rozwiązywania.","Mediacje i elementy negocjacji","PEU_K01","Identyfikuje i podejmuje się rozwiązania sporów, konfliktów i innych sytuacji trudnych w miejscu pracy stosując przy tym różnorodnei świadomie dopasowane sposoby działania."
"K1_IZ_K04","Social Competences","Jest przygotowany do identyfikowania, analizowania i rozstrzygania problemów zawodowych i społecznych w miejscu pracy. Potrafi elastycznie poszukiwać sposobów ich rozwiązywania.","Metody radzenia sobie ze stresem","PEU_K01","Wykazuje gotowość do identyfikowania sytuacji stresowych w pracy i do stosowania metod przeciwdziałania i radzenia sobie ze stresem w pracy."
"K1_IZ_K04","Social Competences","Jest przygotowany do identyfikowania, analizowania i rozstrzygania problemów zawodowych i społecznych w miejscu pracy. Potrafi elastycznie poszukiwać sposobów ich rozwiązywania.","Praca inżynierska","PEU_K01","Identyfikuje problemy zawodowe i społeczne w badanej organizacji (przedsiębiorstwie). Jest zdolny do formułowania i przekazywania informacji i opinii dotyczących wybranych aspektów zastosowania metod inżynierskich w rozwiązywaniu problemów menedżerskich."
"K1_IZ_K04","Social Competences","Jest przygotowany do identyfikowania, analizowania i rozstrzygania problemów zawodowych i społecznych w miejscu pracy. Potrafi elastycznie poszukiwać sposobów ich rozwiązywania.","Praktyka zawodowa","PEU_K01","Potrafi pełnić różne role w organizacji/zespołach projektowych itp. zgodnie z oczekiwaniami/preferencjami pracodawcy."
"K1_IZ_K04","Social Competences","Jest przygotowany do identyfikowania, analizowania i rozstrzygania problemów zawodowych i społecznych w miejscu pracy. Potrafi elastycznie poszukiwać sposobów ich rozwiązywania.","Praktyka zawodowa","PEU_K02","Ma świadomość ważności powiązań wiedzy i działalności menedżerskiej oraz biznesowej i inżynierskiej, a także odpowiedzialności za podejmowane decyzje."
"K1_IZ_K04","Social Competences","Jest przygotowany do identyfikowania, analizowania i rozstrzygania problemów zawodowych i społecznych w miejscu pracy. Potrafi elastycznie poszukiwać sposobów ich rozwiązywania.","Praktyka zawodowa","PEU_K03","Ma świadomość niezbędności samodzielnego uczenia sięi konieczności ustawicznego podnoszenia kwalifikacji zawodowych w związku z postępem gospodarczym i technologicznym"
"K1_IZ_K04","Social Competences","Jest przygotowany do identyfikowania, analizowania i rozstrzygania problemów zawodowych i społecznych w miejscu pracy. Potrafi elastycznie poszukiwać sposobów ich rozwiązywania.","Rozwijanie kompetencji menedżerskich","PEU_K01","Jest zorientowany na pracę w zespołach, wspiera współpracowę z członkami zespołów, rozwiązuje problemy, wykazuje inicjatywę i zachowania kierownicze."
"K1_IZ_K04","Social Competences","Jest przygotowany do identyfikowania, analizowania i rozstrzygania problemów zawodowych i społecznych w miejscu pracy. Potrafi elastycznie poszukiwać sposobów ich rozwiązywania.","Rozwijanie kompetencji menedżerskich","PEU_K02","Jest zdolny do motywowania członków zespołu, identyfikowani i rozstrzygania problemów interpersonalne i zapobiegania konfliktom."
"K1_IZ_K04","Social Competences","Jest przygotowany do identyfikowania, analizowania i rozstrzygania problemów zawodowych i społecznych w miejscu pracy. Potrafi elastycznie poszukiwać sposobów ich rozwiązywania.","Rozwijanie kompetencji poznawczych i decyzyjnych","PEU_K01","Jest wrażliwy na dylematy decyzyjne i respektuje prawidłowości i ograniczenia procesów poznawczych i decyzyjnych człowieka."
"K1_IZ_K04","Social Competences","Jest przygotowany do identyfikowania, analizowania i rozstrzygania problemów zawodowych i społecznych w miejscu pracy. Potrafi elastycznie poszukiwać sposobów ich rozwiązywania.","Rozwijanie kompetencji społecznych","PEU_K01","Jest przygotowany do identyfikowania i analizowania i rozstrzygania problemów zawodowych i społecznych w miejscu pracy i jest przygotowany do odpowiedzialnego pełnienia ról zawodowych uwzględniając w nich aspekt społecznych oddziaływań."
"K1_IZ_K04","Social Competences","Jest przygotowany do identyfikowania, analizowania i rozstrzygania problemów zawodowych i społecznych w miejscu pracy. Potrafi elastycznie poszukiwać sposobów ich rozwiązywania.","Techniki prezentacji","PEU_K01","Jest zdolny do określania priorytetów w pracy własnej i we współpracy z innymi."
"K1_IZ_K04","Social Competences","Jest przygotowany do identyfikowania, analizowania i rozstrzygania problemów zawodowych i społecznych w miejscu pracy. Potrafi elastycznie poszukiwać sposobów ich rozwiązywania.","Trening kierowniczy","PEU_K01","Akceptuje złożoność systemów społeczno-gospodarczychi ograniczoną racjonalność decyzji podejmowanych w warunkach deficytu informacji i pod presją czasu."
"K1_IZ_K04","Social Competences","Jest przygotowany do identyfikowania, analizowania i rozstrzygania problemów zawodowych i społecznych w miejscu pracy. Potrafi elastycznie poszukiwać sposobów ich rozwiązywania.","Trening kierowniczy","PEU_K02","Jest zdolny do autorefleksji w poszukiwaniu przyczyn błędów w procesie decyzyjnym."
"K1_IZ_K04","Social Competences","Jest przygotowany do identyfikowania, analizowania i rozstrzygania problemów zawodowych i społecznych w miejscu pracy. Potrafi elastycznie poszukiwać sposobów ich rozwiązywania.","Trening kierowniczy","PEU_K03","Jest zorientowany na uczenie się z doświadczeń i wyciąganie konstruktywnych wniosków z niepowodzeń."
"K1_IZ_K04","Social Competences","Jest przygotowany do identyfikowania, analizowania i rozstrzygania problemów zawodowych i społecznych w miejscu pracy. Potrafi elastycznie poszukiwać sposobów ich rozwiązywania.","Zachowania organizacyjne","PEU_K02","Ma świadomość wymogu poświęcania wysiłku i czasu do oceny sytuacji wpływających na zachowania organizacyjne orazdo wprowadzania zmian w ich zakresie."
"K1_IZ_K04","Social Competences","Jest przygotowany do identyfikowania, analizowania i rozstrzygania problemów zawodowych i społecznych w miejscu pracy. Potrafi elastycznie poszukiwać sposobów ich rozwiązywania.","Zachowania organizacyjne","PEU_K03","Ma rzetelne postrzeganie relacji występujących między przełożonym i podwładnym oraz między pracownikami."
"K1_IZ_K05","Social Competences","Ma świadomość roli społecznej absolwenta uczelni technicznej, rozumie potrzebę uczestniczenia w przygotowaniu projektów społecznych oraz formułowania i przekazywania społeczeństwu, w sposób powszechnie zrozumiały, informacji i opinii dotyczących osiągnięć techniki i innych aspektów działalności inżynierskiej.","Antropologia stosowana","PEU_K01","Jest przygotowany do identyfikowania i analizowania i rozstrzygania problemów zawodowych i społecznych w miejscu pracy. Potrafi elastycznie poszukiwać sposobów ich rozwiązywania."
"K1_IZ_K05","Social Competences","Ma świadomość roli społecznej absolwenta uczelni technicznej, rozumie potrzebę uczestniczenia w przygotowaniu projektów społecznych oraz formułowania i przekazywania społeczeństwu, w sposób powszechnie zrozumiały, informacji i opinii dotyczących osiągnięć techniki i innych aspektów działalności inżynierskiej.","Efektywna praca w zespole","PEU_K01","Rozwiązuje problemy w zakresie nieprawidłowości współdziałania i podejmowania zadań zespołowych."
"K1_IZ_K05","Social Competences","Ma świadomość roli społecznej absolwenta uczelni technicznej, rozumie potrzebę uczestniczenia w przygotowaniu projektów społecznych oraz formułowania i przekazywania społeczeństwu, w sposób powszechnie zrozumiały, informacji i opinii dotyczących osiągnięć techniki i innych aspektów działalności inżynierskiej.","Etyka stosowana","PEU_K02","Docenia istotność partycypacji w dyskusji nad etycznie akceptowalnymi rozstrzygnięciami ważnych problemów społecznych oraz formułowania i przekazywania społeczeństwu informacji i opinii w sposób powszechnie zrozumiały."
"K1_IZ_K05","Social Competences","Ma świadomość roli społecznej absolwenta uczelni technicznej, rozumie potrzebę uczestniczenia w przygotowaniu projektów społecznych oraz formułowania i przekazywania społeczeństwu, w sposób powszechnie zrozumiały, informacji i opinii dotyczących osiągnięć techniki i innych aspektów działalności inżynierskiej.","Komunikacja interpersonalna","PEU_K01","Identyfikuje problemy w obszarze komunikacji w organizacji oraz wykazuje gotowość ich twórczego rozwiązywania."
"K1_IZ_K05","Social Competences","Ma świadomość roli społecznej absolwenta uczelni technicznej, rozumie potrzebę uczestniczenia w przygotowaniu projektów społecznych oraz formułowania i przekazywania społeczeństwu, w sposób powszechnie zrozumiały, informacji i opinii dotyczących osiągnięć techniki i innych aspektów działalności inżynierskiej.","Komunikacja interpersonalna","PEU_K02","Wykazuje gotowość do wykorzystania wiedzy i umiejętności komunikacyjnych do efektywnej współpracy w zespole."
"K1_IZ_K05","Social Competences","Ma świadomość roli społecznej absolwenta uczelni technicznej, rozumie potrzebę uczestniczenia w przygotowaniu projektów społecznych oraz formułowania i przekazywania społeczeństwu, w sposób powszechnie zrozumiały, informacji i opinii dotyczących osiągnięć techniki i innych aspektów działalności inżynierskiej.","Praca inżynierska","PEU_K01","Identyfikuje problemy zawodowe i społeczne w badanej organizacji (przedsiębiorstwie). Jest zdolny do formułowania i przekazywania informacji i opinii dotyczących wybranych aspektów zastosowania metod inżynierskich w rozwiązywaniu problemów menedżerskich."
"K1_IZ_K05","Social Competences","Ma świadomość roli społecznej absolwenta uczelni technicznej, rozumie potrzebę uczestniczenia w przygotowaniu projektów społecznych oraz formułowania i przekazywania społeczeństwu, w sposób powszechnie zrozumiały, informacji i opinii dotyczących osiągnięć techniki i innych aspektów działalności inżynierskiej.","Praktyka zawodowa","PEU_K02","Ma świadomość ważności powiązań wiedzy i działalności menedżerskiej oraz biznesowej i inżynierskiej, a także odpowiedzialności za podejmowane decyzje."
"K1_IZ_K05","Social Competences","Ma świadomość roli społecznej absolwenta uczelni technicznej, rozumie potrzebę uczestniczenia w przygotowaniu projektów społecznych oraz formułowania i przekazywania społeczeństwu, w sposób powszechnie zrozumiały, informacji i opinii dotyczących osiągnięć techniki i innych aspektów działalności inżynierskiej.","Praktyka zawodowa","PEU_K03","Ma świadomość niezbędności samodzielnego uczenia sięi konieczności ustawicznego podnoszenia kwalifikacji zawodowych w związku z postępem gospodarczym i technologicznym"
"K1_IZ_K05","Social Competences","Ma świadomość roli społecznej absolwenta uczelni technicznej, rozumie potrzebę uczestniczenia w przygotowaniu projektów społecznych oraz formułowania i przekazywania społeczeństwu, w sposób powszechnie zrozumiały, informacji i opinii dotyczących osiągnięć techniki i innych aspektów działalności inżynierskiej.","Rozwijanie kompetencji społecznych","PEU_K02","Ma świadomość roli społecznej własnej działalności inżynierskiej, innowacyjnej i menadżerskiej."
"K1_IZ_K05","Social Competences","Ma świadomość roli społecznej absolwenta uczelni technicznej, rozumie potrzebę uczestniczenia w przygotowaniu projektów społecznych oraz formułowania i przekazywania społeczeństwu, w sposób powszechnie zrozumiały, informacji i opinii dotyczących osiągnięć techniki i innych aspektów działalności inżynierskiej.","Seminarium dyplomowe","PEU_K02","Ma świadomość swojej odpowiedzialności za dobrostan organizacji, w której realizuje pracę dyplomową i za jej pracowników, a także za przekazywaną wiedzę, opinie i intencje w procesie diagnozowania i projektowania usprawnień w organizacji."
"K1_IZ_K05","Social Competences","Ma świadomość roli społecznej absolwenta uczelni technicznej, rozumie potrzebę uczestniczenia w przygotowaniu projektów społecznych oraz formułowania i przekazywania społeczeństwu, w sposób powszechnie zrozumiały, informacji i opinii dotyczących osiągnięć techniki i innych aspektów działalności inżynierskiej.","Storytelling","PEU_K01","Jest wrażliwy na etyczną i humanistyczną stronę narracji marketingowych konstruujących wartość jego działań biznesowych."
"K1_IZ_K05","Social Competences","Ma świadomość roli społecznej absolwenta uczelni technicznej, rozumie potrzebę uczestniczenia w przygotowaniu projektów społecznych oraz formułowania i przekazywania społeczeństwu, w sposób powszechnie zrozumiały, informacji i opinii dotyczących osiągnięć techniki i innych aspektów działalności inżynierskiej.","Techniki prezentacji","PEU_K02","Postępuje zgodnie z zasadami asertywności i odwagiw przekazywaniu i obronie własnych osiągnięć i poglądów."
"K1_IZ_K05","Social Competences","Ma świadomość roli społecznej absolwenta uczelni technicznej, rozumie potrzebę uczestniczenia w przygotowaniu projektów społecznych oraz formułowania i przekazywania społeczeństwu, w sposób powszechnie zrozumiały, informacji i opinii dotyczących osiągnięć techniki i innych aspektów działalności inżynierskiej.","Współczesne dylematy menedżerskie","PEU_K02","Jest otwarty na uczestniczenie w przygotowaniu projektów społecznych i jest zdolny do przekazywania informacji w sposób zrozumiały dla społeczeństwa."
"K1_IZ_K05","Social Competences","Ma świadomość roli społecznej absolwenta uczelni technicznej, rozumie potrzebę uczestniczenia w przygotowaniu projektów społecznych oraz formułowania i przekazywania społeczeństwu, w sposób powszechnie zrozumiały, informacji i opinii dotyczących osiągnięć techniki i innych aspektów działalności inżynierskiej.","Zarządzanie różnorodnością i inkluzją","PEU_K01","Wykazuje inicjatywę w promowaniu wartości związanych z różnorodnością i inkluzją oraz jest odpowiedzialnyza formułowanie i przekazywanie społeczeństwu w sposób zrozumiały informacji na temat roli i znaczenia tych wartości w organizacjach technicznych."
"K1_IZ_K06","Social Competences","Jest przygotowany do inicjowania zmian w miejscu pracy i uczestnictwa w ich planowaniu i wdrażaniu. Potrafi myśleć i działać w sposób przedsiębiorczy.","Implementacja procesów biznesowych","PEU_K02","Rozwija umiejętności myślenia niezależnego i twórczego."
"K1_IZ_K06","Social Competences","Jest przygotowany do inicjowania zmian w miejscu pracy i uczestnictwa w ich planowaniu i wdrażaniu. Potrafi myśleć i działać w sposób przedsiębiorczy.","Innowacje i przedsiębiorczość inżynierska","PEU_K01","Jest zdolny i przygotowany do inicjowania przedsięwzięć innowacyjnych w małym, średnim i dużym przedsiębiorstwie z uwzględnieniem aspektów społecznych. Jest zorientowany na myślenie i działanie w sposób przedsiębiorczy i społeczny."
"K1_IZ_K06","Social Competences","Jest przygotowany do inicjowania zmian w miejscu pracy i uczestnictwa w ich planowaniu i wdrażaniu. Potrafi myśleć i działać w sposób przedsiębiorczy.","Metodyki zarządzania projektem","PEU_K02","Rozwiązuje problemy związane z planowaniem i wdrażaniem zmian w organizacji, identyfikując obszary do usprawnienia w projektach oraz uczestnicząc w planowaniu i wdrażaniu innowacyjnych rozwiązań zgodnie z wybraną metodyką zarządzania projektami"
"K1_IZ_K06","Social Competences","Jest przygotowany do inicjowania zmian w miejscu pracy i uczestnictwa w ich planowaniu i wdrażaniu. Potrafi myśleć i działać w sposób przedsiębiorczy.","Notacje procesów biznesowych","PEU_K02","Rozwija umiejętności myślenia niezależnego i twórczego."
"K1_IZ_K06","Social Competences","Jest przygotowany do inicjowania zmian w miejscu pracy i uczestnictwa w ich planowaniu i wdrażaniu. Potrafi myśleć i działać w sposób przedsiębiorczy.","Podstawy inwentyki inżynierskiej","PEU_K01","Jest zdolny do wykorzystania wiedzy z zakresu inwentykii procesów innowacyjnych do inicjowania zmian w organizacji."
"K1_IZ_K06","Social Competences","Jest przygotowany do inicjowania zmian w miejscu pracy i uczestnictwa w ich planowaniu i wdrażaniu. Potrafi myśleć i działać w sposób przedsiębiorczy.","Podstawy zarządzania projektem","PEU_K01","Jest zdolny do inicjowania i prowadzenia zmian w ramach projektów, aktywnie uczestnicząc w ich planowaniu, wdrażaniu i monitorowaniu."
"K1_IZ_K06","Social Competences","Jest przygotowany do inicjowania zmian w miejscu pracy i uczestnictwa w ich planowaniu i wdrażaniu. Potrafi myśleć i działać w sposób przedsiębiorczy.","Praktyka zawodowa","PEU_K01","Potrafi pełnić różne role w organizacji/zespołach projektowych itp. zgodnie z oczekiwaniami/preferencjami pracodawcy."
"K1_IZ_K06","Social Competences","Jest przygotowany do inicjowania zmian w miejscu pracy i uczestnictwa w ich planowaniu i wdrażaniu. Potrafi myśleć i działać w sposób przedsiębiorczy.","Praktyka zawodowa","PEU_K03","Ma świadomość niezbędności samodzielnego uczenia sięi konieczności ustawicznego podnoszenia kwalifikacji zawodowych w związku z postępem gospodarczym i technologicznym"
"K1_IZ_K06","Social Competences","Jest przygotowany do inicjowania zmian w miejscu pracy i uczestnictwa w ich planowaniu i wdrażaniu. Potrafi myśleć i działać w sposób przedsiębiorczy.","Systemy informatyczne zarządzania","PEU_K01","Wykazuje inicjatywę podczas wyboru SIZ oraz w trakcie procesu jego wdrożenia w organizacji."
"K1_IZ_K06","Social Competences","Jest przygotowany do inicjowania zmian w miejscu pracy i uczestnictwa w ich planowaniu i wdrażaniu. Potrafi myśleć i działać w sposób przedsiębiorczy.","Zarządzanie zasobami ludzkimi","PEU_K01","Identyfikuje, analizuje i rozstrzyga problemy pracownicze pojawiające się w miejscu pracy w związku z realizacją funkcji personalnej."
"K1_IZ_K07","Social Competences","Jest przygotowany do odpowiedzialnego pełnienia ról zawodowych z uwzględnieniem zmieniających się potrzeb społecznych. Potrafi posługiwać się językiem obcym na poziomie B2 ESOKJ Ma świadomość ważności systematycznej aktywności fizycznej dla zdrowia fizycznego i psychicznego","Diagnostyka ergonomiczna i projektowanie stanowisk pracy","PEU_K01","Nabywanie i rozwijanie umiejętności zespołowej współpracy w celu optymalnego rozwiązania powierzonych problemów"
"K1_IZ_K07","Social Competences","Jest przygotowany do odpowiedzialnego pełnienia ról zawodowych z uwzględnieniem zmieniających się potrzeb społecznych. Potrafi posługiwać się językiem obcym na poziomie B2 ESOKJ Ma świadomość ważności systematycznej aktywności fizycznej dla zdrowia fizycznego i psychicznego","Diagnostyka ergonomiczna i projektowanie stanowisk pracy","PEU_K02","Nabywanie i rozwijanie systemowego myślenia o ergonomicznych własnościach stanowisk pracy człowieka"
"K1_IZ_K07","Social Competences","Jest przygotowany do odpowiedzialnego pełnienia ról zawodowych z uwzględnieniem zmieniających się potrzeb społecznych. Potrafi posługiwać się językiem obcym na poziomie B2 ESOKJ Ma świadomość ważności systematycznej aktywności fizycznej dla zdrowia fizycznego i psychicznego","Diagnostyka ergonomiczna i projektowanie stanowisk pracy","PEU_K03","Rozwijanie zdolności samooceny i samokontroli podczas pracy"
"K1_IZ_K07","Social Competences","Jest przygotowany do odpowiedzialnego pełnienia ról zawodowych z uwzględnieniem zmieniających się potrzeb społecznych. Potrafi posługiwać się językiem obcym na poziomie B2 ESOKJ Ma świadomość ważności systematycznej aktywności fizycznej dla zdrowia fizycznego i psychicznego","Doskonalenie systemów informacyjnych organizacji","PEU_K01","Potrafi samodzielnie rozwijać swą wiedzę i umiejętności, współdziałać i pracować w zespołach, wykazuje gotowośćdo identyfikowania, analizy i rozwiązywania problemów w zakresie diagnostyki i doskonalenia systemów informacyjnych zarządzania"
"K1_IZ_K07","Social Competences","Jest przygotowany do odpowiedzialnego pełnienia ról zawodowych z uwzględnieniem zmieniających się potrzeb społecznych. Potrafi posługiwać się językiem obcym na poziomie B2 ESOKJ Ma świadomość ważności systematycznej aktywności fizycznej dla zdrowia fizycznego i psychicznego","Doskonalenie systemów informacyjnych organizacji","PEU_K02","Potrafi w sposób profesjonalny poszukiwać oraz dobierać metody rozwiązywania problemów, brać za nie odpowiedzialność, przekazywać, przekonywać i bronić własnych poglądów związanych z diagnostyką i doskonaleniem systemów informacyjnych zarządzania"
"K1_IZ_K07","Social Competences","Jest przygotowany do odpowiedzialnego pełnienia ról zawodowych z uwzględnieniem zmieniających się potrzeb społecznych. Potrafi posługiwać się językiem obcym na poziomie B2 ESOKJ Ma świadomość ważności systematycznej aktywności fizycznej dla zdrowia fizycznego i psychicznego","Efektywna praca w zespole","PEU_K02","Jest zdolny do wykonywania zadań w zespole i w pracy."
"K1_IZ_K07","Social Competences","Jest przygotowany do odpowiedzialnego pełnienia ról zawodowych z uwzględnieniem zmieniających się potrzeb społecznych. Potrafi posługiwać się językiem obcym na poziomie B2 ESOKJ Ma świadomość ważności systematycznej aktywności fizycznej dla zdrowia fizycznego i psychicznego","Komunikacja interpersonalna","PEU_K03","Jest przygotowany do odpowiedzialnego pełnienia ról zawodowych z uwzględnieniem odpowiedzialności za skuteczną komunikacjęi potrzeby społeczne w tym zakresie."
"K1_IZ_K07","Social Competences","Jest przygotowany do odpowiedzialnego pełnienia ról zawodowych z uwzględnieniem zmieniających się potrzeb społecznych. Potrafi posługiwać się językiem obcym na poziomie B2 ESOKJ Ma świadomość ważności systematycznej aktywności fizycznej dla zdrowia fizycznego i psychicznego","Mediacje i elementy negocjacji","PEU_K02","Rozpoznając kontekst międzyludzki potrafi skuteczniei odpowiedzialnie pełnić swe powinności zawodowe, szczególnie te, których wypełnienie zakłada współdziałanie osób."
"K1_IZ_K07","Social Competences","Jest przygotowany do odpowiedzialnego pełnienia ról zawodowych z uwzględnieniem zmieniających się potrzeb społecznych. Potrafi posługiwać się językiem obcym na poziomie B2 ESOKJ Ma świadomość ważności systematycznej aktywności fizycznej dla zdrowia fizycznego i psychicznego","Metody matematyczne – optymalizacja decyzji","PEU_K01","Jest odpowiedzialny za powierzone zadania w zespołach projektowych, z zakresu podejmowania decyzji, w zmieniającym się dynamicznie otoczeniu."
"K1_IZ_K07","Social Competences","Jest przygotowany do odpowiedzialnego pełnienia ról zawodowych z uwzględnieniem zmieniających się potrzeb społecznych. Potrafi posługiwać się językiem obcym na poziomie B2 ESOKJ Ma świadomość ważności systematycznej aktywności fizycznej dla zdrowia fizycznego i psychicznego","Metody radzenia sobie ze stresem","PEU_K01","Wykazuje gotowość do identyfikowania sytuacji stresowych w pracy i do stosowania metod przeciwdziałania i radzenia sobie ze stresem w pracy."
"K1_IZ_K07","Social Competences","Jest przygotowany do odpowiedzialnego pełnienia ról zawodowych z uwzględnieniem zmieniających się potrzeb społecznych. Potrafi posługiwać się językiem obcym na poziomie B2 ESOKJ Ma świadomość ważności systematycznej aktywności fizycznej dla zdrowia fizycznego i psychicznego","Organizacja i zarządzanie","PEU_K01","Akceptuje konieczność rozwijania wiedzy i umiejętności zawodowych w zakresie nauk o organizacji i zarządzaniu oraz tego, że praca menedżera polega na ciągłym identyfikowaniu, analiziei rozstrzyganiu problemów pojawiających się w organizacji."
"K1_IZ_K07","Social Competences","Jest przygotowany do odpowiedzialnego pełnienia ról zawodowych z uwzględnieniem zmieniających się potrzeb społecznych. Potrafi posługiwać się językiem obcym na poziomie B2 ESOKJ Ma świadomość ważności systematycznej aktywności fizycznej dla zdrowia fizycznego i psychicznego","Organizacja i zarządzanie","PEU_K02","Jest otwarty na przekazywanie, przekonywanie i obronę własnych poglądów, a także na inicjowanie zmian w miejscu pracyi uczestnictwa w ich planowaniu i wdrażaniu."
"K1_IZ_K07","Social Competences","Jest przygotowany do odpowiedzialnego pełnienia ról zawodowych z uwzględnieniem zmieniających się potrzeb społecznych. Potrafi posługiwać się językiem obcym na poziomie B2 ESOKJ Ma świadomość ważności systematycznej aktywności fizycznej dla zdrowia fizycznego i psychicznego","Praktyka zawodowa","PEU_K01","Potrafi pełnić różne role w organizacji/zespołach projektowych itp. zgodnie z oczekiwaniami/preferencjami pracodawcy."
"K1_IZ_K07","Social Competences","Jest przygotowany do odpowiedzialnego pełnienia ról zawodowych z uwzględnieniem zmieniających się potrzeb społecznych. Potrafi posługiwać się językiem obcym na poziomie B2 ESOKJ Ma świadomość ważności systematycznej aktywności fizycznej dla zdrowia fizycznego i psychicznego","Praktyka zawodowa","PEU_K03","Ma świadomość niezbędności samodzielnego uczenia sięi konieczności ustawicznego podnoszenia kwalifikacji zawodowych w związku z postępem gospodarczym i technologicznym"
"K1_IZ_K07","Social Competences","Jest przygotowany do odpowiedzialnego pełnienia ról zawodowych z uwzględnieniem zmieniających się potrzeb społecznych. Potrafi posługiwać się językiem obcym na poziomie B2 ESOKJ Ma świadomość ważności systematycznej aktywności fizycznej dla zdrowia fizycznego i psychicznego","Proces generowania i wdrażania innowacji","PEU_K01","Potrafi współpracować w grupie i rozwiazywać problemy projektowe"
"K1_IZ_K07","Social Competences","Jest przygotowany do odpowiedzialnego pełnienia ról zawodowych z uwzględnieniem zmieniających się potrzeb społecznych. Potrafi posługiwać się językiem obcym na poziomie B2 ESOKJ Ma świadomość ważności systematycznej aktywności fizycznej dla zdrowia fizycznego i psychicznego","Projektowanie wizualnego przekazu marketingowego","PEU_K01","Jest zdolny do nabywania i rozwijania umiejętności zespołowej współpracy w celu optymalnego rozwiązania powierzonych problemów."
"K1_IZ_K07","Social Competences","Jest przygotowany do odpowiedzialnego pełnienia ról zawodowych z uwzględnieniem zmieniających się potrzeb społecznych. Potrafi posługiwać się językiem obcym na poziomie B2 ESOKJ Ma świadomość ważności systematycznej aktywności fizycznej dla zdrowia fizycznego i psychicznego","Projektowanie wizualnego przekazu marketingowego","PEU_K02","Jest zdolny do samooceny i samokontroli podczas pracy."
"K1_IZ_K07","Social Competences","Jest przygotowany do odpowiedzialnego pełnienia ról zawodowych z uwzględnieniem zmieniających się potrzeb społecznych. Potrafi posługiwać się językiem obcym na poziomie B2 ESOKJ Ma świadomość ważności systematycznej aktywności fizycznej dla zdrowia fizycznego i psychicznego","Rozwijanie kompetencji menedżerskich","PEU_K01","Jest zorientowany na pracę w zespołach, wspiera współpracowę z członkami zespołów, rozwiązuje problemy, wykazuje inicjatywę i zachowania kierownicze."
"K1_IZ_K07","Social Competences","Jest przygotowany do odpowiedzialnego pełnienia ról zawodowych z uwzględnieniem zmieniających się potrzeb społecznych. Potrafi posługiwać się językiem obcym na poziomie B2 ESOKJ Ma świadomość ważności systematycznej aktywności fizycznej dla zdrowia fizycznego i psychicznego","Rozwijanie kompetencji menedżerskich","PEU_K02","Jest zdolny do motywowania członków zespołu, identyfikowani i rozstrzygania problemów interpersonalne i zapobiegania konfliktom."
"K1_IZ_K07","Social Competences","Jest przygotowany do odpowiedzialnego pełnienia ról zawodowych z uwzględnieniem zmieniających się potrzeb społecznych. Potrafi posługiwać się językiem obcym na poziomie B2 ESOKJ Ma świadomość ważności systematycznej aktywności fizycznej dla zdrowia fizycznego i psychicznego","Rozwijanie kompetencji poznawczych i decyzyjnych","PEU_K01","Jest wrażliwy na dylematy decyzyjne i respektuje prawidłowości i ograniczenia procesów poznawczych i decyzyjnych człowieka."
"K1_IZ_K07","Social Competences","Jest przygotowany do odpowiedzialnego pełnienia ról zawodowych z uwzględnieniem zmieniających się potrzeb społecznych. Potrafi posługiwać się językiem obcym na poziomie B2 ESOKJ Ma świadomość ważności systematycznej aktywności fizycznej dla zdrowia fizycznego i psychicznego","Rozwijanie kompetencji społecznych","PEU_K01","Jest przygotowany do identyfikowania i analizowania i rozstrzygania problemów zawodowych i społecznych w miejscu pracy i jest przygotowany do odpowiedzialnego pełnienia ról zawodowych uwzględniając w nich aspekt społecznych oddziaływań."
"K1_IZ_K07","Social Competences","Jest przygotowany do odpowiedzialnego pełnienia ról zawodowych z uwzględnieniem zmieniających się potrzeb społecznych. Potrafi posługiwać się językiem obcym na poziomie B2 ESOKJ Ma świadomość ważności systematycznej aktywności fizycznej dla zdrowia fizycznego i psychicznego","Techniki prezentacji","PEU_K01","Jest zdolny do określania priorytetów w pracy własnej i we współpracy z innymi."
"K1_IZ_K07","Social Competences","Jest przygotowany do odpowiedzialnego pełnienia ról zawodowych z uwzględnieniem zmieniających się potrzeb społecznych. Potrafi posługiwać się językiem obcym na poziomie B2 ESOKJ Ma świadomość ważności systematycznej aktywności fizycznej dla zdrowia fizycznego i psychicznego","Techniki prezentacji","PEU_K02","Postępuje zgodnie z zasadami asertywności i odwagiw przekazywaniu i obronie własnych osiągnięć i poglądów."
"K1_IZ_K07","Social Competences","Jest przygotowany do odpowiedzialnego pełnienia ról zawodowych z uwzględnieniem zmieniających się potrzeb społecznych. Potrafi posługiwać się językiem obcym na poziomie B2 ESOKJ Ma świadomość ważności systematycznej aktywności fizycznej dla zdrowia fizycznego i psychicznego","Teoria i praktyka twórczości inżynierskiej","PEU_K02","Jest przygotowany do pracy w grupowych i zespołowych formach organizacji pracy, uwzględniając zmienne wymogi potrzeb płynących z otoczenia."
"K1_IZ_K07","Social Competences","Jest przygotowany do odpowiedzialnego pełnienia ról zawodowych z uwzględnieniem zmieniających się potrzeb społecznych. Potrafi posługiwać się językiem obcym na poziomie B2 ESOKJ Ma świadomość ważności systematycznej aktywności fizycznej dla zdrowia fizycznego i psychicznego","Własność intelektualna z elementami etyki","PEU_K01","Jest przygotowany do praktycznego korzystania z uregulowań prawa własności intelektualnej i przemysłowej w działalności zawodowej z uwzględnieniem uwarunkowań prawnych oraz etycznych."
"K1_IZ_K07","Social Competences","Jest przygotowany do odpowiedzialnego pełnienia ról zawodowych z uwzględnieniem zmieniających się potrzeb społecznych. Potrafi posługiwać się językiem obcym na poziomie B2 ESOKJ Ma świadomość ważności systematycznej aktywności fizycznej dla zdrowia fizycznego i psychicznego","Zarządzanie zasobami ludzkimi","PEU_K01","Identyfikuje, analizuje i rozstrzyga problemy pracownicze pojawiające się w miejscu pracy w związku z realizacją funkcji personalnej."
"K1_IZ_U01","Skills","Potrafi pozyskiwać informacje niezbędne do realizacji zadań inżynierskich, a w szczególności zadań dotyczących zastosowań IT w biznesie, z literatury, baz danych oraz innych właściwie dobranych źródeł, także w języku angielskim lub innym języku obcym. Potrafi integrować uzyskane informacje, dokonywać ich interpretacji, a także wyciągać z nich wnioski, formułować i uzasadniać opinie oraz brać udział w debacie.","Analityka menedżerska","PEU_U01","Formułuje cele biznesowe i analityczne, opracowuje wskaźniki oceny sytuacji biznesowej (KPI), buduje modele opisowe, projektuje wizualizacje, pulpity menedżerskie i prezentacje biznesowe zgodnie z zasadami metodycznymi"
"K1_IZ_U01","Skills","Potrafi pozyskiwać informacje niezbędne do realizacji zadań inżynierskich, a w szczególności zadań dotyczących zastosowań IT w biznesie, z literatury, baz danych oraz innych właściwie dobranych źródeł, także w języku angielskim lub innym języku obcym. Potrafi integrować uzyskane informacje, dokonywać ich interpretacji, a także wyciągać z nich wnioski, formułować i uzasadniać opinie oraz brać udział w debacie.","Analiza i prezentacja danych biznesowych","PEU_U01","Formułuje pytania deskryptywne, predykcyjne i normatywne dla określonych sytuacji biznesowych. Projektuje i buduje pulpity menedżerskie zgodnie z zasadami metodycznymi"
"K1_IZ_U01","Skills","Potrafi pozyskiwać informacje niezbędne do realizacji zadań inżynierskich, a w szczególności zadań dotyczących zastosowań IT w biznesie, z literatury, baz danych oraz innych właściwie dobranych źródeł, także w języku angielskim lub innym języku obcym. Potrafi integrować uzyskane informacje, dokonywać ich interpretacji, a także wyciągać z nich wnioski, formułować i uzasadniać opinie oraz brać udział w debacie.","Praca inżynierska","PEU_U01","Wyszukuje informacje na podstawie studiów literaturowych, baz danych oraz innych właściwie dobranych źródeł i opracowuje udokumentowane dzieło w postaci projektu inżynierskiego."
"K1_IZ_U01","Skills","Potrafi pozyskiwać informacje niezbędne do realizacji zadań inżynierskich, a w szczególności zadań dotyczących zastosowań IT w biznesie, z literatury, baz danych oraz innych właściwie dobranych źródeł, także w języku angielskim lub innym języku obcym. Potrafi integrować uzyskane informacje, dokonywać ich interpretacji, a także wyciągać z nich wnioski, formułować i uzasadniać opinie oraz brać udział w debacie.","Seminarium dyplomowe","PEU_U02","Przeprowadza badania literaturowe i przygotowuje prezentację zawierającą wyniki badań, analiz i koncepcje rozwiązań problemu, a także rzeczowo uzasadnia w dyskusji swoje pomysły i rozwiązania oraz krytycznie ocenia planowane działania i rozwiązania innych osób."
"K1_IZ_U01","Skills","Potrafi pozyskiwać informacje niezbędne do realizacji zadań inżynierskich, a w szczególności zadań dotyczących zastosowań IT w biznesie, z literatury, baz danych oraz innych właściwie dobranych źródeł, także w języku angielskim lub innym języku obcym. Potrafi integrować uzyskane informacje, dokonywać ich interpretacji, a także wyciągać z nich wnioski, formułować i uzasadniać opinie oraz brać udział w debacie.","Systemy analityczne","PEU_U01","Formułuje predykcyjne cele analityczne, przygotowuje do analizy dane biznesowe dla ustalonego problemu decyzyjnegoz wykorzystaniem wybranych technik analityki i uczenia maszynowego, dobiera podejścia do analizy danych niedoskonałych, buduje modele predykcyjne oparte na uczeniu nadzorowanym i nienadzorowanym, dobiera predyktoryi przeprowadza walidację modeli, stosuje wybrane techniki analityki tekstu i analizy wydźwięku"
"K1_IZ_U01","Skills","Potrafi pozyskiwać informacje niezbędne do realizacji zadań inżynierskich, a w szczególności zadań dotyczących zastosowań IT w biznesie, z literatury, baz danych oraz innych właściwie dobranych źródeł, także w języku angielskim lub innym języku obcym. Potrafi integrować uzyskane informacje, dokonywać ich interpretacji, a także wyciągać z nich wnioski, formułować i uzasadniać opinie oraz brać udział w debacie.","Systemy analityczne","PEU_U02","Stosuje wybrane technologie informacyjne analityki biznesowej oparte na uczeniu maszynowym z dostępnych pakietów analityki predykcyjnej do oceny, diagnozy i prognozy sytuacji biznesowej oraz do interpretacji wyników dla decydenta biznesowego"
"K1_IZ_U01","Skills","Potrafi pozyskiwać informacje niezbędne do realizacji zadań inżynierskich, a w szczególności zadań dotyczących zastosowań IT w biznesie, z literatury, baz danych oraz innych właściwie dobranych źródeł, także w języku angielskim lub innym języku obcym. Potrafi integrować uzyskane informacje, dokonywać ich interpretacji, a także wyciągać z nich wnioski, formułować i uzasadniać opinie oraz brać udział w debacie.","Techniki eksploracji danych","PEU_U01","Dobiera dane do odpowiedniego problemu."
"K1_IZ_U01","Skills","Potrafi pozyskiwać informacje niezbędne do realizacji zadań inżynierskich, a w szczególności zadań dotyczących zastosowań IT w biznesie, z literatury, baz danych oraz innych właściwie dobranych źródeł, także w języku angielskim lub innym języku obcym. Potrafi integrować uzyskane informacje, dokonywać ich interpretacji, a także wyciągać z nich wnioski, formułować i uzasadniać opinie oraz brać udział w debacie.","Uczenie maszynowe","PEU_U01","Dobiera dane do odpowiedniego problemu."
"K1_IZ_U02","Skills","Potrafi porozumiewać się przy użyciu różnych technik w środowisku pracy, w szczególności ze specjalistami z zakresu nauk społecznych i technicznych.","Mediacje i elementy negocjacji","PEU_U01","Dostosowuje język i styl komunikacji do cech, kompetencji i wykształcenia odbiorcy."
"K1_IZ_U02","Skills","Potrafi porozumiewać się przy użyciu różnych technik w środowisku pracy, w szczególności ze specjalistami z zakresu nauk społecznych i technicznych.","Metody radzenia sobie ze stresem","PEU_U02","Potrafi niwelować i zapobiegać konsekwencjom stresu w grupie i organizacji."
"K1_IZ_U02","Skills","Potrafi porozumiewać się przy użyciu różnych technik w środowisku pracy, w szczególności ze specjalistami z zakresu nauk społecznych i technicznych.","Praktyka zawodowa","PEU_U01","Potrafi pełnić różne role w organizacji/zespołach projektowych itp. zgodnie z oczekiwaniami/preferencjami pracodawcy."
"K1_IZ_U02","Skills","Potrafi porozumiewać się przy użyciu różnych technik w środowisku pracy, w szczególności ze specjalistami z zakresu nauk społecznych i technicznych.","Rozwijanie kompetencji menedżerskich","PEU_U01","Demonstruje i rozwija u siebie kluczowe kompetencje wspierające realizację funkcji menadżerskich. Dobiera kompetencje menedżerskie w zależności od sytuacji."
"K1_IZ_U02","Skills","Potrafi porozumiewać się przy użyciu różnych technik w środowisku pracy, w szczególności ze specjalistami z zakresu nauk społecznych i technicznych.","Rozwijanie kompetencji poznawczych i decyzyjnych","PEU_U01","Analizuje i interpretuje procesy umysłowe i decyzyjne podejmowane przez człowieka"
"K1_IZ_U03","Skills","Potrafi przygotować w języku polskim i języku angielskim lub innym uznawanym za podstawowy dla nauk technicznych i społecznych, dobrze udokumentowane opracowanie problemów inżynierskich, a w szczególności problemów w zakresie zastosowań IT.","Diagnostyka ergonomiczna i projektowanie stanowisk pracy","PEU_U01","Potrafi stosować metody badań ergonomicznych"
"K1_IZ_U03","Skills","Potrafi przygotować w języku polskim i języku angielskim lub innym uznawanym za podstawowy dla nauk technicznych i społecznych, dobrze udokumentowane opracowanie problemów inżynierskich, a w szczególności problemów w zakresie zastosowań IT.","Diagnostyka ergonomiczna i projektowanie stanowisk pracy","PEU_U02","Potrafi określić normatywne uwarunkowania oceny jakości ergonomicznej"
"K1_IZ_U03","Skills","Potrafi przygotować w języku polskim i języku angielskim lub innym uznawanym za podstawowy dla nauk technicznych i społecznych, dobrze udokumentowane opracowanie problemów inżynierskich, a w szczególności problemów w zakresie zastosowań IT.","Diagnostyka ergonomiczna i projektowanie stanowisk pracy","PEU_U03","Posługuje się narzędziami do oceny jakości użytkowej w paradygmacie normy ISO 9241"
"K1_IZ_U03","Skills","Potrafi przygotować w języku polskim i języku angielskim lub innym uznawanym za podstawowy dla nauk technicznych i społecznych, dobrze udokumentowane opracowanie problemów inżynierskich, a w szczególności problemów w zakresie zastosowań IT.","Diagnostyka ergonomiczna i projektowanie stanowisk pracy","PEU_U04","Potrafi zdiagnozować i skorygować czynniki determinujące poziom jakości ergonomicznej stanowiska pracy."
"K1_IZ_U03","Skills","Potrafi przygotować w języku polskim i języku angielskim lub innym uznawanym za podstawowy dla nauk technicznych i społecznych, dobrze udokumentowane opracowanie problemów inżynierskich, a w szczególności problemów w zakresie zastosowań IT.","Diagnostyka ergonomiczna i projektowanie stanowisk pracy","PEU_U05","Potrafi zastosować wybrane metody aby zaprojektować ergonomiczne stanowisko pracy do realizacji opisanych zadań i procesów."
"K1_IZ_U03","Skills","Potrafi przygotować w języku polskim i języku angielskim lub innym uznawanym za podstawowy dla nauk technicznych i społecznych, dobrze udokumentowane opracowanie problemów inżynierskich, a w szczególności problemów w zakresie zastosowań IT.","Doskonalenie systemów informacyjnych organizacji","PEU_U01","Potrafi zastosować w praktyce rozwiązania teoretycznei metodologiczne w zakresie diagnostyki systemów informacyjnych zarządzania"
"K1_IZ_U03","Skills","Potrafi przygotować w języku polskim i języku angielskim lub innym uznawanym za podstawowy dla nauk technicznych i społecznych, dobrze udokumentowane opracowanie problemów inżynierskich, a w szczególności problemów w zakresie zastosowań IT.","Doskonalenie systemów informacyjnych organizacji","PEU_U02","Potrafi zastosować w praktyce rozwiązania teoretycznei metodologiczne w zakresie projektowania komputeryzacji systemów informacyjnych zarządzania"
"K1_IZ_U03","Skills","Potrafi przygotować w języku polskim i języku angielskim lub innym uznawanym za podstawowy dla nauk technicznych i społecznych, dobrze udokumentowane opracowanie problemów inżynierskich, a w szczególności problemów w zakresie zastosowań IT.","Metody matematyczne – optymalizacja decyzji","PEU_U02","Przeprowadza eksperymenty obliczeniowe oraz interpretuje uzyskane rozwiązanie"
"K1_IZ_U03","Skills","Potrafi przygotować w języku polskim i języku angielskim lub innym uznawanym za podstawowy dla nauk technicznych i społecznych, dobrze udokumentowane opracowanie problemów inżynierskich, a w szczególności problemów w zakresie zastosowań IT.","Podstawy zarządzania projektem","PEU_U01","Przygotowuje w języku polskim i angielskim udokumentowane opracowanie zagadnienia z zakresu zarządzania projektami, zawierające analizę problemu, propozycje rozwiązania oraz wnioski."
"K1_IZ_U03","Skills","Potrafi przygotować w języku polskim i języku angielskim lub innym uznawanym za podstawowy dla nauk technicznych i społecznych, dobrze udokumentowane opracowanie problemów inżynierskich, a w szczególności problemów w zakresie zastosowań IT.","Praca inżynierska","PEU_U01","Wyszukuje informacje na podstawie studiów literaturowych, baz danych oraz innych właściwie dobranych źródeł i opracowuje udokumentowane dzieło w postaci projektu inżynierskiego."
"K1_IZ_U03","Skills","Potrafi przygotować w języku polskim i języku angielskim lub innym uznawanym za podstawowy dla nauk technicznych i społecznych, dobrze udokumentowane opracowanie problemów inżynierskich, a w szczególności problemów w zakresie zastosowań IT.","Proces generowania i wdrażania innowacji","PEU_U01","Przygotowuje prezentację ustną, dotyczącą szczegółowych zagadnień inżynierskich, a w szczególności zagadnień dotyczących zastosowań IT w biznesie."
"K1_IZ_U03","Skills","Potrafi przygotować w języku polskim i języku angielskim lub innym uznawanym za podstawowy dla nauk technicznych i społecznych, dobrze udokumentowane opracowanie problemów inżynierskich, a w szczególności problemów w zakresie zastosowań IT.","Proces generowania i wdrażania innowacji","PEU_U02","Potrafi przy formułowaniu i rozwiązywaniu zadań o charakterze inżynierskim dotyczących procesów biznesowych, procesów innowacyjnych, projektów, zastosowania IT w biznesie — dostrzegać ich aspekty systemowe oraz posługiwać się właściwymi normami i standardami, także pozatechnicznymi - ekonomicznymi, prawnymi, ekologicznymi, psychologicznymi, zawodowymii moralnymi."
"K1_IZ_U03","Skills","Potrafi przygotować w języku polskim i języku angielskim lub innym uznawanym za podstawowy dla nauk technicznych i społecznych, dobrze udokumentowane opracowanie problemów inżynierskich, a w szczególności problemów w zakresie zastosowań IT.","Projektowanie wizualnego przekazu marketingowego","PEU_U01","Posługuje się wybranymi narzędziami do graficznego projektowania wizualnego przekazu marketingowego."
"K1_IZ_U03","Skills","Potrafi przygotować w języku polskim i języku angielskim lub innym uznawanym za podstawowy dla nauk technicznych i społecznych, dobrze udokumentowane opracowanie problemów inżynierskich, a w szczególności problemów w zakresie zastosowań IT.","Projektowanie wizualnego przekazu marketingowego","PEU_U02","Potrafi zastosować wybrane metody grafiki komputerowej do zaprojektowania wizualnego przekazu marketingowego."
"K1_IZ_U03","Skills","Potrafi przygotować w języku polskim i języku angielskim lub innym uznawanym za podstawowy dla nauk technicznych i społecznych, dobrze udokumentowane opracowanie problemów inżynierskich, a w szczególności problemów w zakresie zastosowań IT.","Seminarium dyplomowe","PEU_U01","Identyfikuje i dokumentuje problem menedżerski oraz planujei uzasadnia jego rozwiązanie z użyciem metod, technik i narzędzi inżynierskich. Jest przygotowana/y do opracowania fachowego dzieła w postaci projektu inżynierskiego."
"K1_IZ_U03","Skills","Potrafi przygotować w języku polskim i języku angielskim lub innym uznawanym za podstawowy dla nauk technicznych i społecznych, dobrze udokumentowane opracowanie problemów inżynierskich, a w szczególności problemów w zakresie zastosowań IT.","Teoria i praktyka twórczości inżynierskiej","PEU_U02","Posługuje się odpowiednimi metodami organizatorskimi, wykorzystywanymi w poszczególnych obszarach funkcjonalnych przedsiębiorstwa."
"K1_IZ_U04","Skills","Potrafi przygotować i przedstawić w języku polskim i języku obcym prezentację ustną, dotyczącą szczegółowych zagadnień inżynierskich, a w szczególności zagadnień dotyczących zastosowań IT w biznesie.","Diagnostyka ergonomiczna i projektowanie stanowisk pracy","PEU_U01","Potrafi stosować metody badań ergonomicznych"
"K1_IZ_U04","Skills","Potrafi przygotować i przedstawić w języku polskim i języku obcym prezentację ustną, dotyczącą szczegółowych zagadnień inżynierskich, a w szczególności zagadnień dotyczących zastosowań IT w biznesie.","Diagnostyka ergonomiczna i projektowanie stanowisk pracy","PEU_U02","Potrafi określić normatywne uwarunkowania oceny jakości ergonomicznej"
"K1_IZ_U04","Skills","Potrafi przygotować i przedstawić w języku polskim i języku obcym prezentację ustną, dotyczącą szczegółowych zagadnień inżynierskich, a w szczególności zagadnień dotyczących zastosowań IT w biznesie.","Diagnostyka ergonomiczna i projektowanie stanowisk pracy","PEU_U03","Posługuje się narzędziami do oceny jakości użytkowej w paradygmacie normy ISO 9241"
"K1_IZ_U04","Skills","Potrafi przygotować i przedstawić w języku polskim i języku obcym prezentację ustną, dotyczącą szczegółowych zagadnień inżynierskich, a w szczególności zagadnień dotyczących zastosowań IT w biznesie.","Diagnostyka ergonomiczna i projektowanie stanowisk pracy","PEU_U04","Potrafi zdiagnozować i skorygować czynniki determinujące poziom jakości ergonomicznej stanowiska pracy."
"K1_IZ_U04","Skills","Potrafi przygotować i przedstawić w języku polskim i języku obcym prezentację ustną, dotyczącą szczegółowych zagadnień inżynierskich, a w szczególności zagadnień dotyczących zastosowań IT w biznesie.","Diagnostyka ergonomiczna i projektowanie stanowisk pracy","PEU_U05","Potrafi zastosować wybrane metody aby zaprojektować ergonomiczne stanowisko pracy do realizacji opisanych zadań i procesów."
"K1_IZ_U04","Skills","Potrafi przygotować i przedstawić w języku polskim i języku obcym prezentację ustną, dotyczącą szczegółowych zagadnień inżynierskich, a w szczególności zagadnień dotyczących zastosowań IT w biznesie.","Doskonalenie systemów informacyjnych organizacji","PEU_U01","Potrafi zastosować w praktyce rozwiązania teoretycznei metodologiczne w zakresie diagnostyki systemów informacyjnych zarządzania"
"K1_IZ_U04","Skills","Potrafi przygotować i przedstawić w języku polskim i języku obcym prezentację ustną, dotyczącą szczegółowych zagadnień inżynierskich, a w szczególności zagadnień dotyczących zastosowań IT w biznesie.","Doskonalenie systemów informacyjnych organizacji","PEU_U02","Potrafi zastosować w praktyce rozwiązania teoretycznei metodologiczne w zakresie projektowania komputeryzacji systemów informacyjnych zarządzania"
"K1_IZ_U04","Skills","Potrafi przygotować i przedstawić w języku polskim i języku obcym prezentację ustną, dotyczącą szczegółowych zagadnień inżynierskich, a w szczególności zagadnień dotyczących zastosowań IT w biznesie.","Metody matematyczne – optymalizacja decyzji","PEU_U02","Przeprowadza eksperymenty obliczeniowe oraz interpretuje uzyskane rozwiązanie"
"K1_IZ_U04","Skills","Potrafi przygotować i przedstawić w języku polskim i języku obcym prezentację ustną, dotyczącą szczegółowych zagadnień inżynierskich, a w szczególności zagadnień dotyczących zastosowań IT w biznesie.","Proces generowania i wdrażania innowacji","PEU_U02","Potrafi przy formułowaniu i rozwiązywaniu zadań o charakterze inżynierskim dotyczących procesów biznesowych, procesów innowacyjnych, projektów, zastosowania IT w biznesie — dostrzegać ich aspekty systemowe oraz posługiwać się właściwymi normami i standardami, także pozatechnicznymi - ekonomicznymi, prawnymi, ekologicznymi, psychologicznymi, zawodowymii moralnymi."
"K1_IZ_U04","Skills","Potrafi przygotować i przedstawić w języku polskim i języku obcym prezentację ustną, dotyczącą szczegółowych zagadnień inżynierskich, a w szczególności zagadnień dotyczących zastosowań IT w biznesie.","Projektowanie wizualnego przekazu marketingowego","PEU_U01","Posługuje się wybranymi narzędziami do graficznego projektowania wizualnego przekazu marketingowego."
"K1_IZ_U04","Skills","Potrafi przygotować i przedstawić w języku polskim i języku obcym prezentację ustną, dotyczącą szczegółowych zagadnień inżynierskich, a w szczególności zagadnień dotyczących zastosowań IT w biznesie.","Projektowanie wizualnego przekazu marketingowego","PEU_U02","Potrafi zastosować wybrane metody grafiki komputerowej do zaprojektowania wizualnego przekazu marketingowego."
"K1_IZ_U04","Skills","Potrafi przygotować i przedstawić w języku polskim i języku obcym prezentację ustną, dotyczącą szczegółowych zagadnień inżynierskich, a w szczególności zagadnień dotyczących zastosowań IT w biznesie.","Seminarium dyplomowe","PEU_U02","Przeprowadza badania literaturowe i przygotowuje prezentację zawierającą wyniki badań, analiz i koncepcje rozwiązań problemu, a także rzeczowo uzasadnia w dyskusji swoje pomysły i rozwiązania oraz krytycznie ocenia planowane działania i rozwiązania innych osób."
"K1_IZ_U04","Skills","Potrafi przygotować i przedstawić w języku polskim i języku obcym prezentację ustną, dotyczącą szczegółowych zagadnień inżynierskich, a w szczególności zagadnień dotyczących zastosowań IT w biznesie.","Technologie internetowe","PEU_U04","Przygotowuje i przedstawia sprawozdanie lub prezentację dotyczącą realizowanych zadań lub przydzielonych tematówz zakresu technologii internetowych i zastosowania IT w biznesie."
"K1_IZ_U04","Skills","Potrafi przygotować i przedstawić w języku polskim i języku obcym prezentację ustną, dotyczącą szczegółowych zagadnień inżynierskich, a w szczególności zagadnień dotyczących zastosowań IT w biznesie.","Teoria i praktyka twórczości inżynierskiej","PEU_U01","Analizuje, ocenia a następnie projektuje rozwiązanie problemu organizatorskiego, prezentowane w formie projektu."
"K1_IZ_U05","Skills","Rozumie konieczność samodzielnego rozwijania swojej wiedzy i umiejętności zawodowych adekwatnych do kierunku inżynieria zarządzania. Potrafi samodzielnie rozwijać tę wiedzę i doskonalić umiejętności.","Praca inżynierska","PEU_U04","Demonstruje gotowość do samodzielnego rozwijania swojej wiedzy i umiejętności zawodowych adekwatnych do kierunku inżynieria zarządzania."
"K1_IZ_U05","Skills","Rozumie konieczność samodzielnego rozwijania swojej wiedzy i umiejętności zawodowych adekwatnych do kierunku inżynieria zarządzania. Potrafi samodzielnie rozwijać tę wiedzę i doskonalić umiejętności.","Praktyka zawodowa","PEU_U01","Potrafi pełnić różne role w organizacji/zespołach projektowych itp. zgodnie z oczekiwaniami/preferencjami pracodawcy."
"K1_IZ_U06","Skills","Potrafi identyfikować typowe problemy zarządcze i merytoryczne w organizacji i w jej poszczególnych obszarach funkcjonalnych. Potrafi formułować alternatywne ich rozwiązania, umie uzasadnić, dokonać wyboru oraz weryfikować je zgodnie z ustalonymi priorytetami. Potrafi zaplanować działania służące ich rozwiązaniu.","Marketing","PEU_U01","Posługuje się inżynierskim sposobem myślenia do identyfikacji wybranych, istotnych problemów marketingowych w zarządzaniu przedsiębiorstwem oraz formułowania propozycji ich rozwiązań."
"K1_IZ_U06","Skills","Potrafi identyfikować typowe problemy zarządcze i merytoryczne w organizacji i w jej poszczególnych obszarach funkcjonalnych. Potrafi formułować alternatywne ich rozwiązania, umie uzasadnić, dokonać wyboru oraz weryfikować je zgodnie z ustalonymi priorytetami. Potrafi zaplanować działania służące ich rozwiązaniu.","Marketing","PEU_U02","Stosuje dobre praktyki marketingowe w zarządzaniu przedsiębiorstwem, ze szczególnym uwzględnieniem analizowania przyczyn i dynamiki zjawisk marketingowych"
"K1_IZ_U06","Skills","Potrafi identyfikować typowe problemy zarządcze i merytoryczne w organizacji i w jej poszczególnych obszarach funkcjonalnych. Potrafi formułować alternatywne ich rozwiązania, umie uzasadnić, dokonać wyboru oraz weryfikować je zgodnie z ustalonymi priorytetami. Potrafi zaplanować działania służące ich rozwiązaniu.","Praca inżynierska","PEU_U02","Posługuje się wybranymi metodami i technikami inżynierskimi do diagnozy, krytycznej analizy, modelowania i projektowania procesów biznesowych, w ścisłym powiązaniu z celem pracy dyplomowej. Formułuje propozycje rozwiązań problemu menedżerskiego i weryfikuje je zgodnie z założeniami."
"K1_IZ_U06","Skills","Potrafi identyfikować typowe problemy zarządcze i merytoryczne w organizacji i w jej poszczególnych obszarach funkcjonalnych. Potrafi formułować alternatywne ich rozwiązania, umie uzasadnić, dokonać wyboru oraz weryfikować je zgodnie z ustalonymi priorytetami. Potrafi zaplanować działania służące ich rozwiązaniu.","Seminarium dyplomowe","PEU_U01","Identyfikuje i dokumentuje problem menedżerski oraz planujei uzasadnia jego rozwiązanie z użyciem metod, technik i narzędzi inżynierskich. Jest przygotowana/y do opracowania fachowego dzieła w postaci projektu inżynierskiego."
"K1_IZ_U06","Skills","Potrafi identyfikować typowe problemy zarządcze i merytoryczne w organizacji i w jej poszczególnych obszarach funkcjonalnych. Potrafi formułować alternatywne ich rozwiązania, umie uzasadnić, dokonać wyboru oraz weryfikować je zgodnie z ustalonymi priorytetami. Potrafi zaplanować działania służące ich rozwiązaniu.","Systemy informatyczne zarządzania","PEU_U02","Projektuje działania zmierzające do wyboru SIZ dla konkretnej organizacji."
"K1_IZ_U06","Skills","Potrafi identyfikować typowe problemy zarządcze i merytoryczne w organizacji i w jej poszczególnych obszarach funkcjonalnych. Potrafi formułować alternatywne ich rozwiązania, umie uzasadnić, dokonać wyboru oraz weryfikować je zgodnie z ustalonymi priorytetami. Potrafi zaplanować działania służące ich rozwiązaniu.","Trening kierowniczy","PEU_U01","Tworzy system do analizy what-if wspomagający decyzje ilościowe dotyczące różnych obszarów funkcjonalnych organizacji gospodarczej, wykorzystując informacje o procesach zachodzących w organizacji oraz wiedzę o wskaźnikach sytuacji ekonomiczno-finansowej przedsiębiorstwa."
"K1_IZ_U06","Skills","Potrafi identyfikować typowe problemy zarządcze i merytoryczne w organizacji i w jej poszczególnych obszarach funkcjonalnych. Potrafi formułować alternatywne ich rozwiązania, umie uzasadnić, dokonać wyboru oraz weryfikować je zgodnie z ustalonymi priorytetami. Potrafi zaplanować działania służące ich rozwiązaniu.","Trening kierowniczy","PEU_U02","Prognozuje wyniki finansowe i przepływy środków pieniężnych oraz wykorzystuje opracowane prognozy w podejmowaniu decyzji."
"K1_IZ_U06","Skills","Potrafi identyfikować typowe problemy zarządcze i merytoryczne w organizacji i w jej poszczególnych obszarach funkcjonalnych. Potrafi formułować alternatywne ich rozwiązania, umie uzasadnić, dokonać wyboru oraz weryfikować je zgodnie z ustalonymi priorytetami. Potrafi zaplanować działania służące ich rozwiązaniu.","Trening kierowniczy","PEU_U03","Dokonuje krytycznej porównawczej analizy strategii i wyników konkurujących podmiotów gospodarczych identyfikując błędy, dylematy i zależności przyczynowo- skutkowe oraz prezentuje wyniki tej analizy."
"K1_IZ_U06","Skills","Potrafi identyfikować typowe problemy zarządcze i merytoryczne w organizacji i w jej poszczególnych obszarach funkcjonalnych. Potrafi formułować alternatywne ich rozwiązania, umie uzasadnić, dokonać wyboru oraz weryfikować je zgodnie z ustalonymi priorytetami. Potrafi zaplanować działania służące ich rozwiązaniu.","Zarządzanie jakością","PEU_U02","Wykorzystuje wybrane techniki i metody zarządzania jakością do analizy, projektowania i doskonalenia procesów biznesowych organizacji oraz systemu zarządzania jakością."
"K1_IZ_U06","Skills","Potrafi identyfikować typowe problemy zarządcze i merytoryczne w organizacji i w jej poszczególnych obszarach funkcjonalnych. Potrafi formułować alternatywne ich rozwiązania, umie uzasadnić, dokonać wyboru oraz weryfikować je zgodnie z ustalonymi priorytetami. Potrafi zaplanować działania służące ich rozwiązaniu.","Zarządzanie procesami informatyzacji","PEU_U02","Oblicza wielkość aplikacji i oszacowuje nakład tworzenia aplikacji."
"K1_IZ_U06","Skills","Potrafi identyfikować typowe problemy zarządcze i merytoryczne w organizacji i w jej poszczególnych obszarach funkcjonalnych. Potrafi formułować alternatywne ich rozwiązania, umie uzasadnić, dokonać wyboru oraz weryfikować je zgodnie z ustalonymi priorytetami. Potrafi zaplanować działania służące ich rozwiązaniu.","Zarządzanie procesami informatyzacji","PEU_U03","Formułuje uzasadnienie biznesowe projektu informatycznego."
"K1_IZ_U06","Skills","Potrafi identyfikować typowe problemy zarządcze i merytoryczne w organizacji i w jej poszczególnych obszarach funkcjonalnych. Potrafi formułować alternatywne ich rozwiązania, umie uzasadnić, dokonać wyboru oraz weryfikować je zgodnie z ustalonymi priorytetami. Potrafi zaplanować działania służące ich rozwiązaniu.","Zarządzanie produkcją i logistyką","PEU_U02","Potrafi analizować i oceniać funkcjonowanie istniejących systemów logistycznego zarządzania produkcją i usługami. Potrafi wskazać ich niedoskonałości i zaplanować działania usprawniające ich funkcjonowanie."
"K1_IZ_U06","Skills","Potrafi identyfikować typowe problemy zarządcze i merytoryczne w organizacji i w jej poszczególnych obszarach funkcjonalnych. Potrafi formułować alternatywne ich rozwiązania, umie uzasadnić, dokonać wyboru oraz weryfikować je zgodnie z ustalonymi priorytetami. Potrafi zaplanować działania służące ich rozwiązaniu.","Zarządzanie zasobami ludzkimi","PEU_U01","Analizuje i ocenia elementy i problemy zarządcze i merytoryczne struktury zadaniowej funkcji personalnej w konkretnej organizacji, interpretując na podstawie literatury pojęcia i zagadnienia dotyczące funkcji personalnej oraz dokonując oceny stanu istniejącego wraz ze wskazaniem sposobów rozwiązania występujących problemów lub doskonalenia realizacji funkcji personalnej."
"K1_IZ_U06","Skills","Potrafi identyfikować typowe problemy zarządcze i merytoryczne w organizacji i w jej poszczególnych obszarach funkcjonalnych. Potrafi formułować alternatywne ich rozwiązania, umie uzasadnić, dokonać wyboru oraz weryfikować je zgodnie z ustalonymi priorytetami. Potrafi zaplanować działania służące ich rozwiązaniu.","Zarządzanie zasobami ludzkimi","PEU_U02","Wyszukuje źródła informacji i stosuje techniki ich pozyskiwania (wywiad, ankieta, dokumentacja); integruje i interpretuje uzyskane informacje."
"K1_IZ_U06","Skills","Potrafi identyfikować typowe problemy zarządcze i merytoryczne w organizacji i w jej poszczególnych obszarach funkcjonalnych. Potrafi formułować alternatywne ich rozwiązania, umie uzasadnić, dokonać wyboru oraz weryfikować je zgodnie z ustalonymi priorytetami. Potrafi zaplanować działania służące ich rozwiązaniu.","Zarządzanie zasobami ludzkimi","PEU_U03","Przygotowuje ekspertyzy w formie raportu pisemnego oraz prezentuje wyniki badań diagnostycznych i broni przedstawionych wniosków."
"K1_IZ_U07","Skills","Potrafi posługiwać się technikami informacyjno-komunikacyjnymi właściwymi do realizacji zadań inżynierskich, a w szczególności zadań dotyczących zastosowań IT w biznesie.","Efektywna praca w zespole","PEU_U01","Analizuje i interpretuje problemy w efektywnej pracy grupowej w organizacji."
"K1_IZ_U07","Skills","Potrafi posługiwać się technikami informacyjno-komunikacyjnymi właściwymi do realizacji zadań inżynierskich, a w szczególności zadań dotyczących zastosowań IT w biznesie.","Komunikacja interpersonalna","PEU_U01","Analizuje i kategoryzuje problemy związane z komunikacją w zespole."
"K1_IZ_U07","Skills","Potrafi posługiwać się technikami informacyjno-komunikacyjnymi właściwymi do realizacji zadań inżynierskich, a w szczególności zadań dotyczących zastosowań IT w biznesie.","Rozwijanie kompetencji społecznych","PEU_U02","Sprawnie komunikuje się w zespole, realizując zadania inżynierskie."
"K1_IZ_U07","Skills","Potrafi posługiwać się technikami informacyjno-komunikacyjnymi właściwymi do realizacji zadań inżynierskich, a w szczególności zadań dotyczących zastosowań IT w biznesie.","Techniki prezentacji","PEU_U01","Opracowuje i wdraża różnego rodzaju wystąpienia publiczne i prezentacje własnych rozwiązań i osiągnięć."
"K1_IZ_U08","Skills","Przy realizacji zadań inżynierskich, a w szczególności zadań dotyczących zastosowań IT w biznesie dla zmiennych i nie w pełni przewidywalnych warunków, potrafi planować i przeprowadzać eksperymenty, w tym pomiary i symulacje komputerowe. Potrafi interpretować uzyskane wyniki i wyciągać wnioski.","Projektowanie analizatorów biznesowych","PEU_U02","Kategoryzuje, dobiera i eksploatuje narzędzia programistyczne w ramach wybranych platform programistycznych w zadaniach strukturalizowania informacji w celu podejmowania decyzjina podstawie złożonej informacji w języku dziedzinowym i naturalnym"
"K1_IZ_U08","Skills","Przy realizacji zadań inżynierskich, a w szczególności zadań dotyczących zastosowań IT w biznesie dla zmiennych i nie w pełni przewidywalnych warunków, potrafi planować i przeprowadzać eksperymenty, w tym pomiary i symulacje komputerowe. Potrafi interpretować uzyskane wyniki i wyciągać wnioski.","Symulacja systemów","PEU_U01","Posługuje się metodą symulacyjną do budowy modeli symulacyjnych przeznaczonych do opisu, usprawnieniai prognozowania przebiegu procesów biznesowych. Planujei przeprowadza eksperymenty symulacyjne w celu rozwiązywania zadań inżynierskich wspierających zarządzanie procesami biznesowymi."
"K1_IZ_U09","Skills","Potrafi wykorzystać wiedzę z analizy matematycznej, rachunku prawdopodobieństwa, algebry liniowej, modele i metody analityczne, symulacyjne oraz eksperymentalne do formułowania i rozwiązywania zadań inżynierskich z zakresu zarządzania projektami, zarządzania procesami biznesowymi, zastosowania IT w biznesie.","Analiza matematyczna 1","PEU_U01","Potrafi rozwiązywać równania i nierówności z wartością bezwzględną, wielomianami, funkcjami wymiernymi, wykładniczymi i ogarytmicznymi."
"K1_IZ_U09","Skills","Potrafi wykorzystać wiedzę z analizy matematycznej, rachunku prawdopodobieństwa, algebry liniowej, modele i metody analityczne, symulacyjne oraz eksperymentalne do formułowania i rozwiązywania zadań inżynierskich z zakresu zarządzania projektami, zarządzania procesami biznesowymi, zastosowania IT w biznesie.","Analiza matematyczna 1","PEU_U02","Potrafi obliczać granice ciągów i funkcji, wyznaczać asymptoty funkcji, obliczać pochodne funkcji i interpretować otrzymane wielkości, obliczać i interpretować całki nieoznaczone i oznaczone."
"K1_IZ_U09","Skills","Potrafi wykorzystać wiedzę z analizy matematycznej, rachunku prawdopodobieństwa, algebry liniowej, modele i metody analityczne, symulacyjne oraz eksperymentalne do formułowania i rozwiązywania zadań inżynierskich z zakresu zarządzania projektami, zarządzania procesami biznesowymi, zastosowania IT w biznesie.","Analiza matematyczna 1","PEU_U03","Potrafi znajdować ekstrema funkcji dwóch zmiennych."
"K1_IZ_U09","Skills","Potrafi wykorzystać wiedzę z analizy matematycznej, rachunku prawdopodobieństwa, algebry liniowej, modele i metody analityczne, symulacyjne oraz eksperymentalne do formułowania i rozwiązywania zadań inżynierskich z zakresu zarządzania projektami, zarządzania procesami biznesowymi, zastosowania IT w biznesie.","Badania operacyjne","PEU_U01","Stosuje metody badań operacyjnych jako narzędziedo wspomagania procesów decyzyjnych w organizacjach."
"K1_IZ_U09","Skills","Potrafi wykorzystać wiedzę z analizy matematycznej, rachunku prawdopodobieństwa, algebry liniowej, modele i metody analityczne, symulacyjne oraz eksperymentalne do formułowania i rozwiązywania zadań inżynierskich z zakresu zarządzania projektami, zarządzania procesami biznesowymi, zastosowania IT w biznesie.","Logika pragmatyczna dla inżynierów","PEU_U01","Posługuje się metodami dowodzenia poprawności rozumowań."
"K1_IZ_U09","Skills","Potrafi wykorzystać wiedzę z analizy matematycznej, rachunku prawdopodobieństwa, algebry liniowej, modele i metody analityczne, symulacyjne oraz eksperymentalne do formułowania i rozwiązywania zadań inżynierskich z zakresu zarządzania projektami, zarządzania procesami biznesowymi, zastosowania IT w biznesie.","Logika pragmatyczna dla inżynierów","PEU_U02","Rozpoznaje poprawne i niepoprawne rozumowania oraz wyciąga poprawne wnioski z przyjętych założeń."
"K1_IZ_U09","Skills","Potrafi wykorzystać wiedzę z analizy matematycznej, rachunku prawdopodobieństwa, algebry liniowej, modele i metody analityczne, symulacyjne oraz eksperymentalne do formułowania i rozwiązywania zadań inżynierskich z zakresu zarządzania projektami, zarządzania procesami biznesowymi, zastosowania IT w biznesie.","Metody optymalizacji","PEU_U01","Stosuje metody optymalizacji jako narzędzie do wspomagania procesów decyzyjnych w organizacjach."
"K1_IZ_U09","Skills","Potrafi wykorzystać wiedzę z analizy matematycznej, rachunku prawdopodobieństwa, algebry liniowej, modele i metody analityczne, symulacyjne oraz eksperymentalne do formułowania i rozwiązywania zadań inżynierskich z zakresu zarządzania projektami, zarządzania procesami biznesowymi, zastosowania IT w biznesie.","Metody optymalizacji","PEU_U02","Stosuje oprogramowanie komputerowe, w tym języki modelowania matematycznego, do rozwiązywania praktycznych problemów optymalizacyjnych."
"K1_IZ_U09","Skills","Potrafi wykorzystać wiedzę z analizy matematycznej, rachunku prawdopodobieństwa, algebry liniowej, modele i metody analityczne, symulacyjne oraz eksperymentalne do formułowania i rozwiązywania zadań inżynierskich z zakresu zarządzania projektami, zarządzania procesami biznesowymi, zastosowania IT w biznesie.","Modelowanie statystyczne","PEU_U01","Stosuje, w zależności od problemu, odpowiednie modele statystyczne. Posługuje się językiem R."
"K1_IZ_U09","Skills","Potrafi wykorzystać wiedzę z analizy matematycznej, rachunku prawdopodobieństwa, algebry liniowej, modele i metody analityczne, symulacyjne oraz eksperymentalne do formułowania i rozwiązywania zadań inżynierskich z zakresu zarządzania projektami, zarządzania procesami biznesowymi, zastosowania IT w biznesie.","Rachunek prawdopodobieństwa","PEU_U01","Konstruuje i interpretuje modele probabilistyczne wspomagające proces zarządzania."
"K1_IZ_U09","Skills","Potrafi wykorzystać wiedzę z analizy matematycznej, rachunku prawdopodobieństwa, algebry liniowej, modele i metody analityczne, symulacyjne oraz eksperymentalne do formułowania i rozwiązywania zadań inżynierskich z zakresu zarządzania projektami, zarządzania procesami biznesowymi, zastosowania IT w biznesie.","Statystyka dla inżynierów","PEU_U01","Stosuje, w zależności od problemu, odpowiednie modele statystyczne i techniki eksploracyjnej analizy danych. Posługuje się językiem R."
"K1_IZ_U09","Skills","Potrafi wykorzystać wiedzę z analizy matematycznej, rachunku prawdopodobieństwa, algebry liniowej, modele i metody analityczne, symulacyjne oraz eksperymentalne do formułowania i rozwiązywania zadań inżynierskich z zakresu zarządzania projektami, zarządzania procesami biznesowymi, zastosowania IT w biznesie.","Symulacja systemów","PEU_U01","Posługuje się metodą symulacyjną do budowy modeli symulacyjnych przeznaczonych do opisu, usprawnieniai prognozowania przebiegu procesów biznesowych. Planujei przeprowadza eksperymenty symulacyjne w celu rozwiązywania zadań inżynierskich wspierających zarządzanie procesami biznesowymi."
"K1_IZ_U09","Skills","Potrafi wykorzystać wiedzę z analizy matematycznej, rachunku prawdopodobieństwa, algebry liniowej, modele i metody analityczne, symulacyjne oraz eksperymentalne do formułowania i rozwiązywania zadań inżynierskich z zakresu zarządzania projektami, zarządzania procesami biznesowymi, zastosowania IT w biznesie.","Techniki eksploracji danych","PEU_U02","Wykorzystuje techniki i modele technik eksploracji danych do rozwiązania problemów (np. grupowania, klasyfikowania, prognozowania, znajdowania asocjacji)."
"K1_IZ_U09","Skills","Potrafi wykorzystać wiedzę z analizy matematycznej, rachunku prawdopodobieństwa, algebry liniowej, modele i metody analityczne, symulacyjne oraz eksperymentalne do formułowania i rozwiązywania zadań inżynierskich z zakresu zarządzania projektami, zarządzania procesami biznesowymi, zastosowania IT w biznesie.","Uczenie maszynowe","PEU_U02","Wykorzystuje techniki i modelu technik eksploracji danych do rozwiązania problemów (np. grupowania, klasyfikowania, prognozowania, znajdowania asocjacji)."
"K1_IZ_U09","Skills","Potrafi wykorzystać wiedzę z analizy matematycznej, rachunku prawdopodobieństwa, algebry liniowej, modele i metody analityczne, symulacyjne oraz eksperymentalne do formułowania i rozwiązywania zadań inżynierskich z zakresu zarządzania projektami, zarządzania procesami biznesowymi, zastosowania IT w biznesie.","Wprowadzenie do optymalizacji","PEU_U01","Posługuje się aparatem matematycznym wykorzystywanym w optymalizacji do rozwiązywania problemów inżynierskich."
"K1_IZ_U10","Skills","Potrafi przy formułowaniu i rozwiązywaniu zadań o charakterze inżynierskim dotyczących procesów biznesowych, procesów innowacyjnych, projektów, zastosowania IT w biznesie — dostrzegać ich aspekty systemowe oraz posługiwać się właściwymi normami i standardami, także pozatechnicznymi - ekonomicznymi, prawnymi, ekologicznymi, psychologicznymi, zawodowymi, moralnymi oraz innymi humanistycznymi.","Analiza systemowa i inżynieria systemów","PEU_U02","Krytycznie analizuje i ocenia sposoby funkcjonowania systemu (ze szczególnym uwzględnieniem organizacji jako systemu)."
"K1_IZ_U10","Skills","Potrafi przy formułowaniu i rozwiązywaniu zadań o charakterze inżynierskim dotyczących procesów biznesowych, procesów innowacyjnych, projektów, zastosowania IT w biznesie — dostrzegać ich aspekty systemowe oraz posługiwać się właściwymi normami i standardami, także pozatechnicznymi - ekonomicznymi, prawnymi, ekologicznymi, psychologicznymi, zawodowymi, moralnymi oraz innymi humanistycznymi.","Analiza systemowa i inżynieria systemów","PEU_U03","Stosuje wybrane metody analizy systemowej oraz inżynierii systemów (także w odniesieniu do analizy i doskonalenia organizacji jako systemu)."
"K1_IZ_U10","Skills","Potrafi przy formułowaniu i rozwiązywaniu zadań o charakterze inżynierskim dotyczących procesów biznesowych, procesów innowacyjnych, projektów, zastosowania IT w biznesie — dostrzegać ich aspekty systemowe oraz posługiwać się właściwymi normami i standardami, także pozatechnicznymi - ekonomicznymi, prawnymi, ekologicznymi, psychologicznymi, zawodowymi, moralnymi oraz innymi humanistycznymi.","Antropologia stosowana","PEU_U01","Potrafi konstruować pracę w grupowych i zespołowych formach organizacji pracy (przyjmując w nich różne role), organizuje pracę małych zespołów i nimi kieruje."
"K1_IZ_U10","Skills","Potrafi przy formułowaniu i rozwiązywaniu zadań o charakterze inżynierskim dotyczących procesów biznesowych, procesów innowacyjnych, projektów, zastosowania IT w biznesie — dostrzegać ich aspekty systemowe oraz posługiwać się właściwymi normami i standardami, także pozatechnicznymi - ekonomicznymi, prawnymi, ekologicznymi, psychologicznymi, zawodowymi, moralnymi oraz innymi humanistycznymi.","Efektywna praca w zespole","PEU_U02","Wdraża i weryfikuje prawidłowości efektywnej pracy grupowej."
"K1_IZ_U10","Skills","Potrafi przy formułowaniu i rozwiązywaniu zadań o charakterze inżynierskim dotyczących procesów biznesowych, procesów innowacyjnych, projektów, zastosowania IT w biznesie — dostrzegać ich aspekty systemowe oraz posługiwać się właściwymi normami i standardami, także pozatechnicznymi - ekonomicznymi, prawnymi, ekologicznymi, psychologicznymi, zawodowymi, moralnymi oraz innymi humanistycznymi.","Komunikacja interpersonalna","PEU_U02","Potrafi posługiwać się właściwymi normami i standardami z obszaru komunikacji międzyludzkiej."
"K1_IZ_U10","Skills","Potrafi przy formułowaniu i rozwiązywaniu zadań o charakterze inżynierskim dotyczących procesów biznesowych, procesów innowacyjnych, projektów, zastosowania IT w biznesie — dostrzegać ich aspekty systemowe oraz posługiwać się właściwymi normami i standardami, także pozatechnicznymi - ekonomicznymi, prawnymi, ekologicznymi, psychologicznymi, zawodowymi, moralnymi oraz innymi humanistycznymi.","Mediacje i elementy negocjacji","PEU_U02","W praktycznej pracy inżynieryjnej potrafi dostrzec jej kontekst społeczno-humanistyczny. Szczególnie zaś zasady etycznegoi psychologicznie sprzyjającego osiągnięciu dobrostanu jednostki i grupy zasady rozwiązywania zadań o charakterze inżynierskim."
"K1_IZ_U10","Skills","Potrafi przy formułowaniu i rozwiązywaniu zadań o charakterze inżynierskim dotyczących procesów biznesowych, procesów innowacyjnych, projektów, zastosowania IT w biznesie — dostrzegać ich aspekty systemowe oraz posługiwać się właściwymi normami i standardami, także pozatechnicznymi - ekonomicznymi, prawnymi, ekologicznymi, psychologicznymi, zawodowymi, moralnymi oraz innymi humanistycznymi.","Metody radzenia sobie ze stresem","PEU_U01","Potrafi identyfikować czynniki stresu w organizacji."
"K1_IZ_U10","Skills","Potrafi przy formułowaniu i rozwiązywaniu zadań o charakterze inżynierskim dotyczących procesów biznesowych, procesów innowacyjnych, projektów, zastosowania IT w biznesie — dostrzegać ich aspekty systemowe oraz posługiwać się właściwymi normami i standardami, także pozatechnicznymi - ekonomicznymi, prawnymi, ekologicznymi, psychologicznymi, zawodowymi, moralnymi oraz innymi humanistycznymi.","Podstawy inwentyki inżynierskiej","PEU_U01","Dobiera metody inwentyczne ze względu na ich rolę, jaką pełnią w procesie rozwiązywania problemów."
"K1_IZ_U10","Skills","Potrafi przy formułowaniu i rozwiązywaniu zadań o charakterze inżynierskim dotyczących procesów biznesowych, procesów innowacyjnych, projektów, zastosowania IT w biznesie — dostrzegać ich aspekty systemowe oraz posługiwać się właściwymi normami i standardami, także pozatechnicznymi - ekonomicznymi, prawnymi, ekologicznymi, psychologicznymi, zawodowymi, moralnymi oraz innymi humanistycznymi.","Prawo dla inżynierów","PEU_U01","Potrafi interpretować przepisy prawne w dziedzinie działalności biznesowej."
"K1_IZ_U10","Skills","Potrafi przy formułowaniu i rozwiązywaniu zadań o charakterze inżynierskim dotyczących procesów biznesowych, procesów innowacyjnych, projektów, zastosowania IT w biznesie — dostrzegać ich aspekty systemowe oraz posługiwać się właściwymi normami i standardami, także pozatechnicznymi - ekonomicznymi, prawnymi, ekologicznymi, psychologicznymi, zawodowymi, moralnymi oraz innymi humanistycznymi.","Rozwijanie kompetencji menedżerskich","PEU_U02","Organizuje pracę zespołu zgodnie z wypracowanymi zasadami współpracy, wsparcia społecznego i poszanowania norm."
"K1_IZ_U10","Skills","Potrafi przy formułowaniu i rozwiązywaniu zadań o charakterze inżynierskim dotyczących procesów biznesowych, procesów innowacyjnych, projektów, zastosowania IT w biznesie — dostrzegać ich aspekty systemowe oraz posługiwać się właściwymi normami i standardami, także pozatechnicznymi - ekonomicznymi, prawnymi, ekologicznymi, psychologicznymi, zawodowymi, moralnymi oraz innymi humanistycznymi.","Rozwijanie kompetencji poznawczych i decyzyjnych","PEU_U02","Identyfikuje i ocenia ograniczenia poznawcze podmiotu i ich rolę w procesie rozwiązywania problemów i podejmowania decyzji."
"K1_IZ_U10","Skills","Potrafi przy formułowaniu i rozwiązywaniu zadań o charakterze inżynierskim dotyczących procesów biznesowych, procesów innowacyjnych, projektów, zastosowania IT w biznesie — dostrzegać ich aspekty systemowe oraz posługiwać się właściwymi normami i standardami, także pozatechnicznymi - ekonomicznymi, prawnymi, ekologicznymi, psychologicznymi, zawodowymi, moralnymi oraz innymi humanistycznymi.","Rozwijanie kompetencji społecznych","PEU_U01","Analizuje i interpretuje problemy natury psychologicznej i społecznej w funkcjonowaniu grup i zespołów."
"K1_IZ_U10","Skills","Potrafi przy formułowaniu i rozwiązywaniu zadań o charakterze inżynierskim dotyczących procesów biznesowych, procesów innowacyjnych, projektów, zastosowania IT w biznesie — dostrzegać ich aspekty systemowe oraz posługiwać się właściwymi normami i standardami, także pozatechnicznymi - ekonomicznymi, prawnymi, ekologicznymi, psychologicznymi, zawodowymi, moralnymi oraz innymi humanistycznymi.","Storytelling","PEU_U02","Potrafi używać narzędzi narracyjnych i fabularnych w zakresie konstruowania wartości marki osobistej i biznesowej."
"K1_IZ_U10","Skills","Potrafi przy formułowaniu i rozwiązywaniu zadań o charakterze inżynierskim dotyczących procesów biznesowych, procesów innowacyjnych, projektów, zastosowania IT w biznesie — dostrzegać ich aspekty systemowe oraz posługiwać się właściwymi normami i standardami, także pozatechnicznymi - ekonomicznymi, prawnymi, ekologicznymi, psychologicznymi, zawodowymi, moralnymi oraz innymi humanistycznymi.","Techniki prezentacji","PEU_U01","Opracowuje i wdraża różnego rodzaju wystąpienia publiczne i prezentacje własnych rozwiązań i osiągnięć."
"K1_IZ_U10","Skills","Potrafi przy formułowaniu i rozwiązywaniu zadań o charakterze inżynierskim dotyczących procesów biznesowych, procesów innowacyjnych, projektów, zastosowania IT w biznesie — dostrzegać ich aspekty systemowe oraz posługiwać się właściwymi normami i standardami, także pozatechnicznymi - ekonomicznymi, prawnymi, ekologicznymi, psychologicznymi, zawodowymi, moralnymi oraz innymi humanistycznymi.","Techniki prezentacji","PEU_U02","Krytycznie analizuje wystąpienia i prezentacje innych osób, organizacji i instytucji."
"K1_IZ_U10","Skills","Potrafi przy formułowaniu i rozwiązywaniu zadań o charakterze inżynierskim dotyczących procesów biznesowych, procesów innowacyjnych, projektów, zastosowania IT w biznesie — dostrzegać ich aspekty systemowe oraz posługiwać się właściwymi normami i standardami, także pozatechnicznymi - ekonomicznymi, prawnymi, ekologicznymi, psychologicznymi, zawodowymi, moralnymi oraz innymi humanistycznymi.","Wymagania Systemów Informacyjnych Zarządzania","PEU_U01","Ma umiejętności analizowania, syntetyzowania i oceniania zadań o charakterze inżynierskim dotyczących procesów biznesowych, procesów innowacyjnych, projektów, zastosowania IT w biznesie."
"K1_IZ_U10","Skills","Potrafi przy formułowaniu i rozwiązywaniu zadań o charakterze inżynierskim dotyczących procesów biznesowych, procesów innowacyjnych, projektów, zastosowania IT w biznesie — dostrzegać ich aspekty systemowe oraz posługiwać się właściwymi normami i standardami, także pozatechnicznymi - ekonomicznymi, prawnymi, ekologicznymi, psychologicznymi, zawodowymi, moralnymi oraz innymi humanistycznymi.","Wymagania Systemów Informacyjnych Zarządzania","PEU_U02","Klasyfikuje i wybiera odpowiednie techniki analizy i definiowania wymagań SIZ."
"K1_IZ_U10","Skills","Potrafi przy formułowaniu i rozwiązywaniu zadań o charakterze inżynierskim dotyczących procesów biznesowych, procesów innowacyjnych, projektów, zastosowania IT w biznesie — dostrzegać ich aspekty systemowe oraz posługiwać się właściwymi normami i standardami, także pozatechnicznymi - ekonomicznymi, prawnymi, ekologicznymi, psychologicznymi, zawodowymi, moralnymi oraz innymi humanistycznymi.","Własność intelektualna z elementami etyki","PEU_U01","Identyfikuje regulacje prawne w dziedzinie własności intelektualnej i przemysłowej łącząc je z poszanowaniem norm etycznych oraz autonomii twórczej."
"K1_IZ_U10","Skills","Potrafi przy formułowaniu i rozwiązywaniu zadań o charakterze inżynierskim dotyczących procesów biznesowych, procesów innowacyjnych, projektów, zastosowania IT w biznesie — dostrzegać ich aspekty systemowe oraz posługiwać się właściwymi normami i standardami, także pozatechnicznymi - ekonomicznymi, prawnymi, ekologicznymi, psychologicznymi, zawodowymi, moralnymi oraz innymi humanistycznymi.","Zarządzanie różnorodnością i inkluzją","PEU_U01","Analizuje i stosuje normy oraz standardy pozatechniczne, takie jak ekonomiczne, prawne, ekologiczne oraz społeczne, przy projektowaniu strategii zarządzania różnorodnością i inkluzjąw organizacji, uwzględniając aspekty systemowe."
"K1_IZ_U11","Skills","Ma przygotowanie i wykorzystuje zdobytą wiedzę do pracy w środowisku przemysłowym oraz zna zasady bezpieczeństwa i ergonomii pracy.","Fizyka środowiska pracy","PEU_U01","Określa obciążenie wybranymi fizycznymi czynnikami środowiskowymi na stanowisku pracy dobiera optymalny zakres danego czynnika środowiska pracy w zależności od wykonywanej pracy."
"K1_IZ_U11","Skills","Ma przygotowanie i wykorzystuje zdobytą wiedzę do pracy w środowisku przemysłowym oraz zna zasady bezpieczeństwa i ergonomii pracy.","Praktyka zawodowa","PEU_U01","Potrafi pełnić różne role w organizacji/zespołach projektowych itp. zgodnie z oczekiwaniami/preferencjami pracodawcy."
"K1_IZ_U11","Skills","Ma przygotowanie i wykorzystuje zdobytą wiedzę do pracy w środowisku przemysłowym oraz zna zasady bezpieczeństwa i ergonomii pracy.","Projektowanie stanowisk pracy","PEU_U01","Ocenia za pomocą metod obiektywnych i subiektywnych istniejące projekty stanowisk pracy i dokonuje ich modyfikacjiz wykorzystaniem metod optymalizacyjnych, a także wykorzystuje odpowiednie metody i komputerowe narzędzia do poprawnego projektowania stanowisk pracy, dodatkowo wykorzystujew praktyce środowisko do wirtualnego projektowania stanowisk pracy i korzysta z cyfrowych, statystycznych modeli człowieka."
"K1_IZ_U11","Skills","Ma przygotowanie i wykorzystuje zdobytą wiedzę do pracy w środowisku przemysłowym oraz zna zasady bezpieczeństwa i ergonomii pracy.","Projektowanie systemów interakcyjnych","PEU_U01","Potrafi ocenić za pomocą metod obiektywnych i subiektywnych istniejące projekty systemów interakcyjnych i dokonać ich modyfikacji z wykorzystaniem metod optymalizacyjnych, a także potrafi wykorzystać odpowiednie metody i komputerowe narzędzia do poprawnego projektowania systemów interakcyjnych."
"K1_IZ_U12","Skills","Potrafi dokonać analizy ekonomicznej, uwarunkowań mikro- i makroekonomicznych oraz efektywności społeczno-ekonomicznej podejmowanych działań inżynierskich.","Analiza ekonomiczna decyzji biznesowych","PEU_U01","Ma umiejętności analizowania sprawozdań finansowych organizacji, wyprowadza wnioski analityczne."
"K1_IZ_U12","Skills","Potrafi dokonać analizy ekonomicznej, uwarunkowań mikro- i makroekonomicznych oraz efektywności społeczno-ekonomicznej podejmowanych działań inżynierskich.","Analiza ekonomiczna decyzji biznesowych","PEU_U02","Ma umiejętności analizowania przyczyn i dynamiki zjawiskw organizacji i jej otoczeniu w warunkach gospodarki rynkowej i obowiązujących regulacji ekonomiczno-prawnych. Analizujetypowe problemy zarządcze i merytoryczne w organizacji oraz w jej obszarach funkcjonalnych."
"K1_IZ_U12","Skills","Potrafi dokonać analizy ekonomicznej, uwarunkowań mikro- i makroekonomicznych oraz efektywności społeczno-ekonomicznej podejmowanych działań inżynierskich.","Ekonomia","PEU_U01","Analizuje i interpretuje ekonomiczne aspekty i skutki działalności inżynierskiej"
"K1_IZ_U12","Skills","Potrafi dokonać analizy ekonomicznej, uwarunkowań mikro- i makroekonomicznych oraz efektywności społeczno-ekonomicznej podejmowanych działań inżynierskich.","Rachunkowość i finanse dla inżynierów","PEU_U01","Analizuje i ocenia sprawozdania finansowe."
"K1_IZ_U12","Skills","Potrafi dokonać analizy ekonomicznej, uwarunkowań mikro- i makroekonomicznych oraz efektywności społeczno-ekonomicznej podejmowanych działań inżynierskich.","Rachunkowość i finanse dla inżynierów","PEU_U02","Opracowuje rachunek efektywnościowy przedsiębiorstwa."
"K1_IZ_U12","Skills","Potrafi dokonać analizy ekonomicznej, uwarunkowań mikro- i makroekonomicznych oraz efektywności społeczno-ekonomicznej podejmowanych działań inżynierskich.","Regulacje działalności gospodarczej","PEU_U01","Sporządza dobrze udokumentowany biznes plan dla wybranej działalności gospodarczej, zawierający analizę mikro- i makro-otoczenia, analizę finansową i analizę ryzyka zaproponowanej działalności gospodarczej."
"K1_IZ_U12","Skills","Potrafi dokonać analizy ekonomicznej, uwarunkowań mikro- i makroekonomicznych oraz efektywności społeczno-ekonomicznej podejmowanych działań inżynierskich.","Regulacje działalności gospodarczej","PEU_U02","Interpretuje skutki podejmowanych decyzji merytorycznych i zarządczych dotyczących wybranej działalności."
"K1_IZ_U12","Skills","Potrafi dokonać analizy ekonomicznej, uwarunkowań mikro- i makroekonomicznych oraz efektywności społeczno-ekonomicznej podejmowanych działań inżynierskich.","Studium wykonalności projektów infrastrukturalnych","PEU_U01","Przygotowuje elementy studium wykonalności, prezentuje wyniki swoich prac w sposób komunikatywny dla specjalistów z zakresu nauk społecznych i technicznych i przy użyciu odpowiednich narzędzi analitycznych."
"K1_IZ_U12","Skills","Potrafi dokonać analizy ekonomicznej, uwarunkowań mikro- i makroekonomicznych oraz efektywności społeczno-ekonomicznej podejmowanych działań inżynierskich.","Studium wykonalności projektów infrastrukturalnych","PEU_U02","Identyfikuje i definiuje zakres projektu inżynierskiego (inwestycja infrastrukturalna), określa jego etapy, normy i standardy wykonania, jak również uwarunkowania: kulturowe, społeczne, ekonomiczne, techniczne i środowiskowe. Używa w tym celu odpowiednich metod analitycznych (np. macierz oceny ryzyka, matryca logiczna) i narzędzi informatycznych. Formułuje założenia do analiz i na ich podstawie przeprowadza analizę."
"K1_IZ_U12","Skills","Potrafi dokonać analizy ekonomicznej, uwarunkowań mikro- i makroekonomicznych oraz efektywności społeczno-ekonomicznej podejmowanych działań inżynierskich.","Studium wykonalności projektów infrastrukturalnych","PEU_U03","Dokonuje analizy efektywności społeczno-ekonomiczno-ekologicznej w warunkach zmiennego, niepewnego otoczenia."
"K1_IZ_U13","Skills","Potrafi dokonać krytycznej analizy sposobu funkcjonowania obiektów, systemów oraz procesów i ocenić istniejące w nich rozwiązania przy pomocy narzędzi inżynierii zarządzania.","Analiza systemowa i inżynieria systemów","PEU_U01","Analizuje i dostosowuje strukturę systemu, zarówno dla istniejących systemów oraz podczas projektowania nowych systemów."
"K1_IZ_U13","Skills","Potrafi dokonać krytycznej analizy sposobu funkcjonowania obiektów, systemów oraz procesów i ocenić istniejące w nich rozwiązania przy pomocy narzędzi inżynierii zarządzania.","Analiza systemowa i inżynieria systemów","PEU_U02","Krytycznie analizuje i ocenia sposoby funkcjonowania systemu (ze szczególnym uwzględnieniem organizacji jako systemu)."
"K1_IZ_U13","Skills","Potrafi dokonać krytycznej analizy sposobu funkcjonowania obiektów, systemów oraz procesów i ocenić istniejące w nich rozwiązania przy pomocy narzędzi inżynierii zarządzania.","Analiza systemowa i inżynieria systemów","PEU_U03","Stosuje wybrane metody analizy systemowej oraz inżynierii systemów (także w odniesieniu do analizy i doskonalenia organizacji jako systemu)."
"K1_IZ_U13","Skills","Potrafi dokonać krytycznej analizy sposobu funkcjonowania obiektów, systemów oraz procesów i ocenić istniejące w nich rozwiązania przy pomocy narzędzi inżynierii zarządzania.","E-gospodarka","PEU_U01","Krytycznie ocenia sposób działania organizacji oraz proponuje technologie, jakie można zastosować w celu polepszenia sytuacji w poszczególnych jej obszarach."
"K1_IZ_U13","Skills","Potrafi dokonać krytycznej analizy sposobu funkcjonowania obiektów, systemów oraz procesów i ocenić istniejące w nich rozwiązania przy pomocy narzędzi inżynierii zarządzania.","Praca inżynierska","PEU_U02","Posługuje się wybranymi metodami i technikami inżynierskimi do diagnozy, krytycznej analizy, modelowania i projektowania procesów biznesowych, w ścisłym powiązaniu z celem pracy dyplomowej. Formułuje propozycje rozwiązań problemu menedżerskiego i weryfikuje je zgodnie z założeniami."
"K1_IZ_U13","Skills","Potrafi dokonać krytycznej analizy sposobu funkcjonowania obiektów, systemów oraz procesów i ocenić istniejące w nich rozwiązania przy pomocy narzędzi inżynierii zarządzania.","Systemy analityczne","PEU_U01","Formułuje predykcyjne cele analityczne, przygotowuje do analizy dane biznesowe dla ustalonego problemu decyzyjnegoz wykorzystaniem wybranych technik analityki i uczenia maszynowego, dobiera podejścia do analizy danych niedoskonałych, buduje modele predykcyjne oparte na uczeniu nadzorowanym i nienadzorowanym, dobiera predyktoryi przeprowadza walidację modeli, stosuje wybrane techniki analityki tekstu i analizy wydźwięku"
"K1_IZ_U13","Skills","Potrafi dokonać krytycznej analizy sposobu funkcjonowania obiektów, systemów oraz procesów i ocenić istniejące w nich rozwiązania przy pomocy narzędzi inżynierii zarządzania.","Systemy analityczne","PEU_U02","Stosuje wybrane technologie informacyjne analityki biznesowej oparte na uczeniu maszynowym z dostępnych pakietów analityki predykcyjnej do oceny, diagnozy i prognozy sytuacji biznesowej oraz do interpretacji wyników dla decydenta biznesowego"
"K1_IZ_U13","Skills","Potrafi dokonać krytycznej analizy sposobu funkcjonowania obiektów, systemów oraz procesów i ocenić istniejące w nich rozwiązania przy pomocy narzędzi inżynierii zarządzania.","Systemy informatyczne zarządzania","PEU_U01","Identyfikuje i analizuje potrzeby wybranego obszaru organizacjii ocenia przydatność poszczególnych SIZ pod kątem tych potrzeb."
"K1_IZ_U14","Skills","Potrafi dokonać identyfikacji i sformułować specyfikację prostych zadań inżynierskich o charakterze praktycznym dotyczących różnych kategorii przedsięwzięć (projektów), procesów biznesowych, systemów i podsystemów zarządzania charakterystycznych dla inżynierii zarządzania.","Diagnostyka ergonomiczna i projektowanie stanowisk pracy","PEU_U01","Potrafi stosować metody badań ergonomicznych"
"K1_IZ_U14","Skills","Potrafi dokonać identyfikacji i sformułować specyfikację prostych zadań inżynierskich o charakterze praktycznym dotyczących różnych kategorii przedsięwzięć (projektów), procesów biznesowych, systemów i podsystemów zarządzania charakterystycznych dla inżynierii zarządzania.","Diagnostyka ergonomiczna i projektowanie stanowisk pracy","PEU_U02","Potrafi określić normatywne uwarunkowania oceny jakości ergonomicznej"
"K1_IZ_U14","Skills","Potrafi dokonać identyfikacji i sformułować specyfikację prostych zadań inżynierskich o charakterze praktycznym dotyczących różnych kategorii przedsięwzięć (projektów), procesów biznesowych, systemów i podsystemów zarządzania charakterystycznych dla inżynierii zarządzania.","Diagnostyka ergonomiczna i projektowanie stanowisk pracy","PEU_U03","Posługuje się narzędziami do oceny jakości użytkowej w paradygmacie normy ISO 9241"
"K1_IZ_U14","Skills","Potrafi dokonać identyfikacji i sformułować specyfikację prostych zadań inżynierskich o charakterze praktycznym dotyczących różnych kategorii przedsięwzięć (projektów), procesów biznesowych, systemów i podsystemów zarządzania charakterystycznych dla inżynierii zarządzania.","Diagnostyka ergonomiczna i projektowanie stanowisk pracy","PEU_U04","Potrafi zdiagnozować i skorygować czynniki determinujące poziom jakości ergonomicznej stanowiska pracy."
"K1_IZ_U14","Skills","Potrafi dokonać identyfikacji i sformułować specyfikację prostych zadań inżynierskich o charakterze praktycznym dotyczących różnych kategorii przedsięwzięć (projektów), procesów biznesowych, systemów i podsystemów zarządzania charakterystycznych dla inżynierii zarządzania.","Diagnostyka ergonomiczna i projektowanie stanowisk pracy","PEU_U05","Potrafi zastosować wybrane metody aby zaprojektować ergonomiczne stanowisko pracy do realizacji opisanych zadań i procesów."
"K1_IZ_U14","Skills","Potrafi dokonać identyfikacji i sformułować specyfikację prostych zadań inżynierskich o charakterze praktycznym dotyczących różnych kategorii przedsięwzięć (projektów), procesów biznesowych, systemów i podsystemów zarządzania charakterystycznych dla inżynierii zarządzania.","Doskonalenie systemów informacyjnych organizacji","PEU_U01","Potrafi zastosować w praktyce rozwiązania teoretycznei metodologiczne w zakresie diagnostyki systemów informacyjnych zarządzania"
"K1_IZ_U14","Skills","Potrafi dokonać identyfikacji i sformułować specyfikację prostych zadań inżynierskich o charakterze praktycznym dotyczących różnych kategorii przedsięwzięć (projektów), procesów biznesowych, systemów i podsystemów zarządzania charakterystycznych dla inżynierii zarządzania.","Doskonalenie systemów informacyjnych organizacji","PEU_U02","Potrafi zastosować w praktyce rozwiązania teoretycznei metodologiczne w zakresie projektowania komputeryzacji systemów informacyjnych zarządzania"
"K1_IZ_U14","Skills","Potrafi dokonać identyfikacji i sformułować specyfikację prostych zadań inżynierskich o charakterze praktycznym dotyczących różnych kategorii przedsięwzięć (projektów), procesów biznesowych, systemów i podsystemów zarządzania charakterystycznych dla inżynierii zarządzania.","Implementacja procesów biznesowych","PEU_U01","Przygotowuje aplikację na podstawie wybranego procesu biznesowego."
"K1_IZ_U14","Skills","Potrafi dokonać identyfikacji i sformułować specyfikację prostych zadań inżynierskich o charakterze praktycznym dotyczących różnych kategorii przedsięwzięć (projektów), procesów biznesowych, systemów i podsystemów zarządzania charakterystycznych dla inżynierii zarządzania.","Metody matematyczne – optymalizacja decyzji","PEU_U01","Konstruuje model matematyczny dla praktycznych problemów optymalizacyjnych."
"K1_IZ_U14","Skills","Potrafi dokonać identyfikacji i sformułować specyfikację prostych zadań inżynierskich o charakterze praktycznym dotyczących różnych kategorii przedsięwzięć (projektów), procesów biznesowych, systemów i podsystemów zarządzania charakterystycznych dla inżynierii zarządzania.","Metody matematyczne – optymalizacja decyzji","PEU_U03","Stosuje odpowiednie narzędzia IT do rozwiązywania problemów optymalizacyjnych"
"K1_IZ_U14","Skills","Potrafi dokonać identyfikacji i sformułować specyfikację prostych zadań inżynierskich o charakterze praktycznym dotyczących różnych kategorii przedsięwzięć (projektów), procesów biznesowych, systemów i podsystemów zarządzania charakterystycznych dla inżynierii zarządzania.","Notacje procesów biznesowych","PEU_U01","Modeluje wybrane procesy biznesowe korzystając z różnych notacji."
"K1_IZ_U14","Skills","Potrafi dokonać identyfikacji i sformułować specyfikację prostych zadań inżynierskich o charakterze praktycznym dotyczących różnych kategorii przedsięwzięć (projektów), procesów biznesowych, systemów i podsystemów zarządzania charakterystycznych dla inżynierii zarządzania.","Podstawy zarządzania projektem","PEU_U02","Analizuje i opracowuje specyfikację zadań inżynierskichw kontekście praktycznych wyzwań w projektach, procesach biznesowych oraz systemach zarządzania."
"K1_IZ_U14","Skills","Potrafi dokonać identyfikacji i sformułować specyfikację prostych zadań inżynierskich o charakterze praktycznym dotyczących różnych kategorii przedsięwzięć (projektów), procesów biznesowych, systemów i podsystemów zarządzania charakterystycznych dla inżynierii zarządzania.","Proces generowania i wdrażania innowacji","PEU_U01","Przygotowuje prezentację ustną, dotyczącą szczegółowych zagadnień inżynierskich, a w szczególności zagadnień dotyczących zastosowań IT w biznesie."
"K1_IZ_U14","Skills","Potrafi dokonać identyfikacji i sformułować specyfikację prostych zadań inżynierskich o charakterze praktycznym dotyczących różnych kategorii przedsięwzięć (projektów), procesów biznesowych, systemów i podsystemów zarządzania charakterystycznych dla inżynierii zarządzania.","Proces generowania i wdrażania innowacji","PEU_U02","Potrafi przy formułowaniu i rozwiązywaniu zadań o charakterze inżynierskim dotyczących procesów biznesowych, procesów innowacyjnych, projektów, zastosowania IT w biznesie — dostrzegać ich aspekty systemowe oraz posługiwać się właściwymi normami i standardami, także pozatechnicznymi - ekonomicznymi, prawnymi, ekologicznymi, psychologicznymi, zawodowymii moralnymi."
"K1_IZ_U14","Skills","Potrafi dokonać identyfikacji i sformułować specyfikację prostych zadań inżynierskich o charakterze praktycznym dotyczących różnych kategorii przedsięwzięć (projektów), procesów biznesowych, systemów i podsystemów zarządzania charakterystycznych dla inżynierii zarządzania.","Projektowanie wizualnego przekazu marketingowego","PEU_U01","Posługuje się wybranymi narzędziami do graficznego projektowania wizualnego przekazu marketingowego."
"K1_IZ_U14","Skills","Potrafi dokonać identyfikacji i sformułować specyfikację prostych zadań inżynierskich o charakterze praktycznym dotyczących różnych kategorii przedsięwzięć (projektów), procesów biznesowych, systemów i podsystemów zarządzania charakterystycznych dla inżynierii zarządzania.","Projektowanie wizualnego przekazu marketingowego","PEU_U02","Potrafi zastosować wybrane metody grafiki komputerowej do zaprojektowania wizualnego przekazu marketingowego."
"K1_IZ_U14","Skills","Potrafi dokonać identyfikacji i sformułować specyfikację prostych zadań inżynierskich o charakterze praktycznym dotyczących różnych kategorii przedsięwzięć (projektów), procesów biznesowych, systemów i podsystemów zarządzania charakterystycznych dla inżynierii zarządzania.","Teoria i praktyka twórczości inżynierskiej","PEU_U01","Analizuje, ocenia a następnie projektuje rozwiązanie problemu organizatorskiego, prezentowane w formie projektu."
"K1_IZ_U14","Skills","Potrafi dokonać identyfikacji i sformułować specyfikację prostych zadań inżynierskich o charakterze praktycznym dotyczących różnych kategorii przedsięwzięć (projektów), procesów biznesowych, systemów i podsystemów zarządzania charakterystycznych dla inżynierii zarządzania.","Teoria i praktyka twórczości inżynierskiej","PEU_U02","Posługuje się odpowiednimi metodami organizatorskimi, wykorzystywanymi w poszczególnych obszarach funkcjonalnych przedsiębiorstwa."
"K1_IZ_U15","Skills","Potrafi zastosować metody, techniki oraz narzędzia matematyczne, analityczne i informatyczne, aby rozwiązywać problemy inżynierskie w zarządzaniu, a w szczególności problemy dotyczące zastosowań IT w biznesie.","Analityka menedżerska","PEU_U02","Stosuje metody eksploracyjnej analizy danych i interpretuje jej wyniki w kontekście ustalonego problemu biznesowego"
"K1_IZ_U15","Skills","Potrafi zastosować metody, techniki oraz narzędzia matematyczne, analityczne i informatyczne, aby rozwiązywać problemy inżynierskie w zarządzaniu, a w szczególności problemy dotyczące zastosowań IT w biznesie.","Analityka menedżerska","PEU_U03","Stosuje technologie informacyjne analityki deskryptywnej i prostej analityki predykcyjnej z dostępnych pakietów analitycznychdo budowy wizualizacji, pulpitów menedżerskich i prezentacji biznesowych"
"K1_IZ_U15","Skills","Potrafi zastosować metody, techniki oraz narzędzia matematyczne, analityczne i informatyczne, aby rozwiązywać problemy inżynierskie w zarządzaniu, a w szczególności problemy dotyczące zastosowań IT w biznesie.","Analiza i prezentacja danych biznesowych","PEU_U02","Stosuje metody eksploracyjnej analizy danych i interpretuje jej wyniki w kontekście ustalonego problemu biznesowego"
"K1_IZ_U15","Skills","Potrafi zastosować metody, techniki oraz narzędzia matematyczne, analityczne i informatyczne, aby rozwiązywać problemy inżynierskie w zarządzaniu, a w szczególności problemy dotyczące zastosowań IT w biznesie.","Analiza i prezentacja danych biznesowych","PEU_U03","Stosuje technologie informacyjne analityki deskryptywnej i prostej analityki predykcyjnej z dostępnych pakietów analitycznychdo budowy pulpitów menedżerskich i prezentacji danych biznesowych"
"K1_IZ_U15","Skills","Potrafi zastosować metody, techniki oraz narzędzia matematyczne, analityczne i informatyczne, aby rozwiązywać problemy inżynierskie w zarządzaniu, a w szczególności problemy dotyczące zastosowań IT w biznesie.","Badania operacyjne","PEU_U01","Stosuje metody badań operacyjnych jako narzędziedo wspomagania procesów decyzyjnych w organizacjach."
"K1_IZ_U15","Skills","Potrafi zastosować metody, techniki oraz narzędzia matematyczne, analityczne i informatyczne, aby rozwiązywać problemy inżynierskie w zarządzaniu, a w szczególności problemy dotyczące zastosowań IT w biznesie.","Badania operacyjne","PEU_U02","Stosuje oprogramowanie komputerowe, w tym języki modelowania matematycznego, do rozwiązywania praktycznych problemów decyzyjnych."
"K1_IZ_U15","Skills","Potrafi zastosować metody, techniki oraz narzędzia matematyczne, analityczne i informatyczne, aby rozwiązywać problemy inżynierskie w zarządzaniu, a w szczególności problemy dotyczące zastosowań IT w biznesie.","Logika pragmatyczna dla inżynierów","PEU_U01","Posługuje się metodami dowodzenia poprawności rozumowań."
"K1_IZ_U15","Skills","Potrafi zastosować metody, techniki oraz narzędzia matematyczne, analityczne i informatyczne, aby rozwiązywać problemy inżynierskie w zarządzaniu, a w szczególności problemy dotyczące zastosowań IT w biznesie.","Logika pragmatyczna dla inżynierów","PEU_U02","Rozpoznaje poprawne i niepoprawne rozumowania oraz wyciąga poprawne wnioski z przyjętych założeń."
"K1_IZ_U15","Skills","Potrafi zastosować metody, techniki oraz narzędzia matematyczne, analityczne i informatyczne, aby rozwiązywać problemy inżynierskie w zarządzaniu, a w szczególności problemy dotyczące zastosowań IT w biznesie.","Metody optymalizacji","PEU_U01","Stosuje metody optymalizacji jako narzędzie do wspomagania procesów decyzyjnych w organizacjach."
"K1_IZ_U15","Skills","Potrafi zastosować metody, techniki oraz narzędzia matematyczne, analityczne i informatyczne, aby rozwiązywać problemy inżynierskie w zarządzaniu, a w szczególności problemy dotyczące zastosowań IT w biznesie.","Metody optymalizacji","PEU_U02","Stosuje oprogramowanie komputerowe, w tym języki modelowania matematycznego, do rozwiązywania praktycznych problemów optymalizacyjnych."
"K1_IZ_U15","Skills","Potrafi zastosować metody, techniki oraz narzędzia matematyczne, analityczne i informatyczne, aby rozwiązywać problemy inżynierskie w zarządzaniu, a w szczególności problemy dotyczące zastosowań IT w biznesie.","Narzędzia informatyczne w podejmowaniu decyzji menedżerskich","PEU_U01","Za pomocą wybranych metod analizy wielokryterialnej i narzędzi, w środowisku wybranych systemów informatycznych zarządzania, baz i hurtowni danych i OLAP potrafi: (1) identyfikować i analizować potrzeby decydentów w pozyskiwaniu i analizie danychdo podejmowania decyzji oraz (2) tworzyć i rozwiązywać proste modele wielokryteriowych problemów decyzyjnych"
"K1_IZ_U15","Skills","Potrafi zastosować metody, techniki oraz narzędzia matematyczne, analityczne i informatyczne, aby rozwiązywać problemy inżynierskie w zarządzaniu, a w szczególności problemy dotyczące zastosowań IT w biznesie.","Narzędzia informatyczne w podejmowaniu decyzji w usługach","PEU_U01","Za pomocą wybranych metod analizy wielokryterialnej i narzędzi, w środowisku wybranych systemów informatycznych zarządzania, baz i hurtowni danych i OLAP potrafi (z położeniem naciskuna usługi): (1) identyfikować i analizować potrzeby decydentóww pozyskiwaniu i analizie danych do podejmowania decyzji oraz (2) tworzyć i rozwiązywać proste modele wielokryteriowych problemów decyzyjnych"
"K1_IZ_U15","Skills","Potrafi zastosować metody, techniki oraz narzędzia matematyczne, analityczne i informatyczne, aby rozwiązywać problemy inżynierskie w zarządzaniu, a w szczególności problemy dotyczące zastosowań IT w biznesie.","Praca inżynierska","PEU_U02","Posługuje się wybranymi metodami i technikami inżynierskimi do diagnozy, krytycznej analizy, modelowania i projektowania procesów biznesowych, w ścisłym powiązaniu z celem pracy dyplomowej. Formułuje propozycje rozwiązań problemu menedżerskiego i weryfikuje je zgodnie z założeniami."
"K1_IZ_U15","Skills","Potrafi zastosować metody, techniki oraz narzędzia matematyczne, analityczne i informatyczne, aby rozwiązywać problemy inżynierskie w zarządzaniu, a w szczególności problemy dotyczące zastosowań IT w biznesie.","Projektowanie stanowisk pracy","PEU_U01","Ocenia za pomocą metod obiektywnych i subiektywnych istniejące projekty stanowisk pracy i dokonuje ich modyfikacjiz wykorzystaniem metod optymalizacyjnych, a także wykorzystuje odpowiednie metody i komputerowe narzędzia do poprawnego projektowania stanowisk pracy, dodatkowo wykorzystujew praktyce środowisko do wirtualnego projektowania stanowisk pracy i korzysta z cyfrowych, statystycznych modeli człowieka."
"K1_IZ_U15","Skills","Potrafi zastosować metody, techniki oraz narzędzia matematyczne, analityczne i informatyczne, aby rozwiązywać problemy inżynierskie w zarządzaniu, a w szczególności problemy dotyczące zastosowań IT w biznesie.","Projektowanie systemów interakcyjnych","PEU_U01","Potrafi ocenić za pomocą metod obiektywnych i subiektywnych istniejące projekty systemów interakcyjnych i dokonać ich modyfikacji z wykorzystaniem metod optymalizacyjnych, a także potrafi wykorzystać odpowiednie metody i komputerowe narzędzia do poprawnego projektowania systemów interakcyjnych."
"K1_IZ_U15","Skills","Potrafi zastosować metody, techniki oraz narzędzia matematyczne, analityczne i informatyczne, aby rozwiązywać problemy inżynierskie w zarządzaniu, a w szczególności problemy dotyczące zastosowań IT w biznesie.","Techniki eksploracji danych","PEU_U02","Wykorzystuje techniki i modele technik eksploracji danych do rozwiązania problemów (np. grupowania, klasyfikowania, prognozowania, znajdowania asocjacji)."
"K1_IZ_U15","Skills","Potrafi zastosować metody, techniki oraz narzędzia matematyczne, analityczne i informatyczne, aby rozwiązywać problemy inżynierskie w zarządzaniu, a w szczególności problemy dotyczące zastosowań IT w biznesie.","Technologie informacyjne","PEU_U01","Dobiera i wykorzystuje właściwe technologie, metody, technikii narzędzia informatyczne do przetwarzania tekstów na potrzeby wspomagania działania organizacji i rozwiązywania problemów zarządczych."
"K1_IZ_U15","Skills","Potrafi zastosować metody, techniki oraz narzędzia matematyczne, analityczne i informatyczne, aby rozwiązywać problemy inżynierskie w zarządzaniu, a w szczególności problemy dotyczące zastosowań IT w biznesie.","Technologie informacyjne","PEU_U02","Dobiera i wykorzystuje właściwe technologie, metody, techniki i narzędzia informatyczne do pozyskiwania, gromadzenia,analizowania i prezentowania danych na potrzeby wspomagania działania organizacji i rozwiązywania problemów zarządczych."
"K1_IZ_U15","Skills","Potrafi zastosować metody, techniki oraz narzędzia matematyczne, analityczne i informatyczne, aby rozwiązywać problemy inżynierskie w zarządzaniu, a w szczególności problemy dotyczące zastosowań IT w biznesie.","Uczenie maszynowe","PEU_U02","Wykorzystuje techniki i modelu technik eksploracji danych do rozwiązania problemów (np. grupowania, klasyfikowania, prognozowania, znajdowania asocjacji)."
"K1_IZ_U15","Skills","Potrafi zastosować metody, techniki oraz narzędzia matematyczne, analityczne i informatyczne, aby rozwiązywać problemy inżynierskie w zarządzaniu, a w szczególności problemy dotyczące zastosowań IT w biznesie.","Wprowadzenie do optymalizacji","PEU_U01","Posługuje się aparatem matematycznym wykorzystywanym w optymalizacji do rozwiązywania problemów inżynierskich."
"K1_IZ_U16","Skills","Potrafi — zgodnie z zadaną specyfikacją — samodzielnie lub w zespole zaprojektować oraz zrealizować obiekt informatyczny, na przykład program komputerowy, bazę danych, bazę wiedzy, hurtownię danych, procedurę podjęcia decyzji, system informatyczny lub implementację procesu biznesowego i inne typowe dla kierunku inżynieria zarządzania, używając właściwych metod, technik i narzędzi.","Bazy danych","PEU_U01","Projektuje i implementuje system relacyjnej bazy danych."
"K1_IZ_U16","Skills","Potrafi — zgodnie z zadaną specyfikacją — samodzielnie lub w zespole zaprojektować oraz zrealizować obiekt informatyczny, na przykład program komputerowy, bazę danych, bazę wiedzy, hurtownię danych, procedurę podjęcia decyzji, system informatyczny lub implementację procesu biznesowego i inne typowe dla kierunku inżynieria zarządzania, używając właściwych metod, technik i narzędzi.","Hurtownie danych","PEU_U01","W środowisku wybranego systemu zarządzania bazą danych potrafi: (1) identyfikować i analizować potrzeby biznesowe decydentów w zakresie projektowania i tworzenia hurtowni danych(2) projektować, tworzyć i wykorzystywać hurtownie danych do rozwiązywania wybranych problemów decyzyjnych"
"K1_IZ_U16","Skills","Potrafi — zgodnie z zadaną specyfikacją — samodzielnie lub w zespole zaprojektować oraz zrealizować obiekt informatyczny, na przykład program komputerowy, bazę danych, bazę wiedzy, hurtownię danych, procedurę podjęcia decyzji, system informatyczny lub implementację procesu biznesowego i inne typowe dla kierunku inżynieria zarządzania, używając właściwych metod, technik i narzędzi.","Implementacja procesów biznesowych","PEU_U01","Przygotowuje aplikację na podstawie wybranego procesu biznesowego."
"K1_IZ_U16","Skills","Potrafi — zgodnie z zadaną specyfikacją — samodzielnie lub w zespole zaprojektować oraz zrealizować obiekt informatyczny, na przykład program komputerowy, bazę danych, bazę wiedzy, hurtownię danych, procedurę podjęcia decyzji, system informatyczny lub implementację procesu biznesowego i inne typowe dla kierunku inżynieria zarządzania, używając właściwych metod, technik i narzędzi.","Podstawy programowania","PEU_U01","Stosuje programowanie w języku VBA do rozszerzenia funkcjonalności komputerowych pakietów użytkowych np. MS Excel spełniające podane funkcjonalności i wykorzystujące wskazane konstrukcje programistyczne. Stosuje programowanie w języku Python do automatyzacji zadań przetwarzania danych definiujących problem biznesowy, wykorzystując wskazane konstrukcje programistyczne i spełniając podane funkcjonalności."
"K1_IZ_U16","Skills","Potrafi — zgodnie z zadaną specyfikacją — samodzielnie lub w zespole zaprojektować oraz zrealizować obiekt informatyczny, na przykład program komputerowy, bazę danych, bazę wiedzy, hurtownię danych, procedurę podjęcia decyzji, system informatyczny lub implementację procesu biznesowego i inne typowe dla kierunku inżynieria zarządzania, używając właściwych metod, technik i narzędzi.","Projektowanie analizatorów biznesowych","PEU_U01","Projektuje automatyzowanie wybranych czynności w zakresie analiz ekonomicznych. Przygotowuje procedury pozyskiwania i przetwarzanie danych i informacji na podstawie źródeło zróżnicowanym charakterze w celu ich strukturalizowania."
"K1_IZ_U16","Skills","Potrafi — zgodnie z zadaną specyfikacją — samodzielnie lub w zespole zaprojektować oraz zrealizować obiekt informatyczny, na przykład program komputerowy, bazę danych, bazę wiedzy, hurtownię danych, procedurę podjęcia decyzji, system informatyczny lub implementację procesu biznesowego i inne typowe dla kierunku inżynieria zarządzania, używając właściwych metod, technik i narzędzi.","Technologie internetowe","PEU_U01","Stosuje właściwe narzędzia diagnostyki sieci komputerowych."
"K1_IZ_U16","Skills","Potrafi — zgodnie z zadaną specyfikacją — samodzielnie lub w zespole zaprojektować oraz zrealizować obiekt informatyczny, na przykład program komputerowy, bazę danych, bazę wiedzy, hurtownię danych, procedurę podjęcia decyzji, system informatyczny lub implementację procesu biznesowego i inne typowe dla kierunku inżynieria zarządzania, używając właściwych metod, technik i narzędzi.","Technologie internetowe","PEU_U02","Dobiera odpowiednie usługi dostawców rozwiązań serwerowych i aplikacyjnych oraz projektuje i wdraża systemy zarządzania treścią (CMS)."
"K1_IZ_U16","Skills","Potrafi — zgodnie z zadaną specyfikacją — samodzielnie lub w zespole zaprojektować oraz zrealizować obiekt informatyczny, na przykład program komputerowy, bazę danych, bazę wiedzy, hurtownię danych, procedurę podjęcia decyzji, system informatyczny lub implementację procesu biznesowego i inne typowe dla kierunku inżynieria zarządzania, używając właściwych metod, technik i narzędzi.","Technologie internetowe","PEU_U03","Stosuje właściwe mechanizmy zapewnienia bezpieczeństwa danych i komunikacji w Internecie."
"K1_IZ_U17","Skills","Potrafi formułować i rozwiązywać proste zadania inżynierskie w zakresie zastosowania IT w biznesie.","Badania operacyjne","PEU_U01","Stosuje metody badań operacyjnych jako narzędziedo wspomagania procesów decyzyjnych w organizacjach."
"K1_IZ_U17","Skills","Potrafi formułować i rozwiązywać proste zadania inżynierskie w zakresie zastosowania IT w biznesie.","Badania operacyjne","PEU_U02","Stosuje oprogramowanie komputerowe, w tym języki modelowania matematycznego, do rozwiązywania praktycznych problemów decyzyjnych."
"K1_IZ_U17","Skills","Potrafi formułować i rozwiązywać proste zadania inżynierskie w zakresie zastosowania IT w biznesie.","Bazy danych","PEU_U02","Posługuje się strukturalnym językiem zapytań i wykorzystuje go do pozyskiwania informacji z relacyjnej bazy danych"
"K1_IZ_U17","Skills","Potrafi formułować i rozwiązywać proste zadania inżynierskie w zakresie zastosowania IT w biznesie.","Hurtownie danych","PEU_U01","W środowisku wybranego systemu zarządzania bazą danych potrafi: (1) identyfikować i analizować potrzeby biznesowe decydentów w zakresie projektowania i tworzenia hurtowni danych(2) projektować, tworzyć i wykorzystywać hurtownie danych do rozwiązywania wybranych problemów decyzyjnych"
"K1_IZ_U17","Skills","Potrafi formułować i rozwiązywać proste zadania inżynierskie w zakresie zastosowania IT w biznesie.","Metody optymalizacji","PEU_U02","Stosuje oprogramowanie komputerowe, w tym języki modelowania matematycznego, do rozwiązywania praktycznych problemów optymalizacyjnych."
"K1_IZ_U17","Skills","Potrafi formułować i rozwiązywać proste zadania inżynierskie w zakresie zastosowania IT w biznesie.","Narzędzia informatyczne w podejmowaniu decyzji menedżerskich","PEU_U01","Za pomocą wybranych metod analizy wielokryterialnej i narzędzi, w środowisku wybranych systemów informatycznych zarządzania, baz i hurtowni danych i OLAP potrafi: (1) identyfikować i analizować potrzeby decydentów w pozyskiwaniu i analizie danychdo podejmowania decyzji oraz (2) tworzyć i rozwiązywać proste modele wielokryteriowych problemów decyzyjnych"
"K1_IZ_U17","Skills","Potrafi formułować i rozwiązywać proste zadania inżynierskie w zakresie zastosowania IT w biznesie.","Narzędzia informatyczne w podejmowaniu decyzji w usługach","PEU_U01","Za pomocą wybranych metod analizy wielokryterialnej i narzędzi, w środowisku wybranych systemów informatycznych zarządzania, baz i hurtowni danych i OLAP potrafi (z położeniem naciskuna usługi): (1) identyfikować i analizować potrzeby decydentóww pozyskiwaniu i analizie danych do podejmowania decyzji oraz (2) tworzyć i rozwiązywać proste modele wielokryteriowych problemów decyzyjnych"
"K1_IZ_U17","Skills","Potrafi formułować i rozwiązywać proste zadania inżynierskie w zakresie zastosowania IT w biznesie.","Systemy analityczne","PEU_U01","Formułuje predykcyjne cele analityczne, przygotowuje do analizy dane biznesowe dla ustalonego problemu decyzyjnegoz wykorzystaniem wybranych technik analityki i uczenia maszynowego, dobiera podejścia do analizy danych niedoskonałych, buduje modele predykcyjne oparte na uczeniu nadzorowanym i nienadzorowanym, dobiera predyktoryi przeprowadza walidację modeli, stosuje wybrane techniki analityki tekstu i analizy wydźwięku"
"K1_IZ_U17","Skills","Potrafi formułować i rozwiązywać proste zadania inżynierskie w zakresie zastosowania IT w biznesie.","Systemy analityczne","PEU_U02","Stosuje wybrane technologie informacyjne analityki biznesowej oparte na uczeniu maszynowym z dostępnych pakietów analityki predykcyjnej do oceny, diagnozy i prognozy sytuacji biznesowej oraz do interpretacji wyników dla decydenta biznesowego"
"K1_IZ_U18","Skills","Potrafi, używając właściwych metod i narzędzi, zaprojektować systemy, procesy i stanowiska pracy w poszczególnych obszarach funkcjonalnych przedsiębiorstwa i przedsięwzięciach realizowanych w formie projektów.","Controlling projektu","PEU_U01","Demonstruje umiejętność stosowania instrumentów controllingu projektów."
"K1_IZ_U18","Skills","Potrafi, używając właściwych metod i narzędzi, zaprojektować systemy, procesy i stanowiska pracy w poszczególnych obszarach funkcjonalnych przedsiębiorstwa i przedsięwzięciach realizowanych w formie projektów.","Diagnostyka ergonomiczna i projektowanie stanowisk pracy","PEU_U01","Potrafi stosować metody badań ergonomicznych"
"K1_IZ_U18","Skills","Potrafi, używając właściwych metod i narzędzi, zaprojektować systemy, procesy i stanowiska pracy w poszczególnych obszarach funkcjonalnych przedsiębiorstwa i przedsięwzięciach realizowanych w formie projektów.","Diagnostyka ergonomiczna i projektowanie stanowisk pracy","PEU_U02","Potrafi określić normatywne uwarunkowania oceny jakości ergonomicznej"
"K1_IZ_U18","Skills","Potrafi, używając właściwych metod i narzędzi, zaprojektować systemy, procesy i stanowiska pracy w poszczególnych obszarach funkcjonalnych przedsiębiorstwa i przedsięwzięciach realizowanych w formie projektów.","Diagnostyka ergonomiczna i projektowanie stanowisk pracy","PEU_U03","Posługuje się narzędziami do oceny jakości użytkowej w paradygmacie normy ISO 9241"
"K1_IZ_U18","Skills","Potrafi, używając właściwych metod i narzędzi, zaprojektować systemy, procesy i stanowiska pracy w poszczególnych obszarach funkcjonalnych przedsiębiorstwa i przedsięwzięciach realizowanych w formie projektów.","Diagnostyka ergonomiczna i projektowanie stanowisk pracy","PEU_U04","Potrafi zdiagnozować i skorygować czynniki determinujące poziom jakości ergonomicznej stanowiska pracy."
"K1_IZ_U18","Skills","Potrafi, używając właściwych metod i narzędzi, zaprojektować systemy, procesy i stanowiska pracy w poszczególnych obszarach funkcjonalnych przedsiębiorstwa i przedsięwzięciach realizowanych w formie projektów.","Diagnostyka ergonomiczna i projektowanie stanowisk pracy","PEU_U05","Potrafi zastosować wybrane metody aby zaprojektować ergonomiczne stanowisko pracy do realizacji opisanych zadań i procesów."
"K1_IZ_U18","Skills","Potrafi, używając właściwych metod i narzędzi, zaprojektować systemy, procesy i stanowiska pracy w poszczególnych obszarach funkcjonalnych przedsiębiorstwa i przedsięwzięciach realizowanych w formie projektów.","Doskonalenie systemów informacyjnych organizacji","PEU_U01","Potrafi zastosować w praktyce rozwiązania teoretycznei metodologiczne w zakresie diagnostyki systemów informacyjnych zarządzania"
"K1_IZ_U18","Skills","Potrafi, używając właściwych metod i narzędzi, zaprojektować systemy, procesy i stanowiska pracy w poszczególnych obszarach funkcjonalnych przedsiębiorstwa i przedsięwzięciach realizowanych w formie projektów.","Doskonalenie systemów informacyjnych organizacji","PEU_U02","Potrafi zastosować w praktyce rozwiązania teoretycznei metodologiczne w zakresie projektowania komputeryzacji systemów informacyjnych zarządzania"
"K1_IZ_U18","Skills","Potrafi, używając właściwych metod i narzędzi, zaprojektować systemy, procesy i stanowiska pracy w poszczególnych obszarach funkcjonalnych przedsiębiorstwa i przedsięwzięciach realizowanych w formie projektów.","Metody matematyczne – optymalizacja decyzji","PEU_U01","Konstruuje model matematyczny dla praktycznych problemów optymalizacyjnych."
"K1_IZ_U18","Skills","Potrafi, używając właściwych metod i narzędzi, zaprojektować systemy, procesy i stanowiska pracy w poszczególnych obszarach funkcjonalnych przedsiębiorstwa i przedsięwzięciach realizowanych w formie projektów.","Metody matematyczne – optymalizacja decyzji","PEU_U02","Przeprowadza eksperymenty obliczeniowe oraz interpretuje uzyskane rozwiązanie"
"K1_IZ_U18","Skills","Potrafi, używając właściwych metod i narzędzi, zaprojektować systemy, procesy i stanowiska pracy w poszczególnych obszarach funkcjonalnych przedsiębiorstwa i przedsięwzięciach realizowanych w formie projektów.","Metody matematyczne – optymalizacja decyzji","PEU_U03","Stosuje odpowiednie narzędzia IT do rozwiązywania problemów optymalizacyjnych"
"K1_IZ_U18","Skills","Potrafi, używając właściwych metod i narzędzi, zaprojektować systemy, procesy i stanowiska pracy w poszczególnych obszarach funkcjonalnych przedsiębiorstwa i przedsięwzięciach realizowanych w formie projektów.","Metodyki zarządzania projektem","PEU_U01","Stosuje wybrane metody, techniki, narzędzia informatyczne i matematyczne wspierające zarządzanie projektamido projektowania systemów, procesów oraz stanowisk pracy w przedsięwzięciach realizowanych w formie projektów,uwzględniając potrzeby poszczególnych obszarów funkcjonalnych przedsiębiorstwa"
"K1_IZ_U18","Skills","Potrafi, używając właściwych metod i narzędzi, zaprojektować systemy, procesy i stanowiska pracy w poszczególnych obszarach funkcjonalnych przedsiębiorstwa i przedsięwzięciach realizowanych w formie projektów.","Praca inżynierska","PEU_U03","Projektuje systemy i/lub procesy stosując właściwe metody, techniki i narzędzia o charakterze inżynierskim dla wybranych obszarów funkcjonalnych przedsiębiorstwa (organizacji)."
"K1_IZ_U18","Skills","Potrafi, używając właściwych metod i narzędzi, zaprojektować systemy, procesy i stanowiska pracy w poszczególnych obszarach funkcjonalnych przedsiębiorstwa i przedsięwzięciach realizowanych w formie projektów.","Proces generowania i wdrażania innowacji","PEU_U02","Potrafi przy formułowaniu i rozwiązywaniu zadań o charakterze inżynierskim dotyczących procesów biznesowych, procesów innowacyjnych, projektów, zastosowania IT w biznesie — dostrzegać ich aspekty systemowe oraz posługiwać się właściwymi normami i standardami, także pozatechnicznymi - ekonomicznymi, prawnymi, ekologicznymi, psychologicznymi, zawodowymii moralnymi."
"K1_IZ_U18","Skills","Potrafi, używając właściwych metod i narzędzi, zaprojektować systemy, procesy i stanowiska pracy w poszczególnych obszarach funkcjonalnych przedsiębiorstwa i przedsięwzięciach realizowanych w formie projektów.","Projektowanie stanowisk pracy","PEU_U01","Ocenia za pomocą metod obiektywnych i subiektywnych istniejące projekty stanowisk pracy i dokonuje ich modyfikacjiz wykorzystaniem metod optymalizacyjnych, a także wykorzystuje odpowiednie metody i komputerowe narzędzia do poprawnego projektowania stanowisk pracy, dodatkowo wykorzystujew praktyce środowisko do wirtualnego projektowania stanowisk pracy i korzysta z cyfrowych, statystycznych modeli człowieka."
"K1_IZ_U18","Skills","Potrafi, używając właściwych metod i narzędzi, zaprojektować systemy, procesy i stanowiska pracy w poszczególnych obszarach funkcjonalnych przedsiębiorstwa i przedsięwzięciach realizowanych w formie projektów.","Projektowanie systemów interakcyjnych","PEU_U01","Potrafi ocenić za pomocą metod obiektywnych i subiektywnych istniejące projekty systemów interakcyjnych i dokonać ich modyfikacji z wykorzystaniem metod optymalizacyjnych, a także potrafi wykorzystać odpowiednie metody i komputerowe narzędzia do poprawnego projektowania systemów interakcyjnych."
"K1_IZ_U18","Skills","Potrafi, używając właściwych metod i narzędzi, zaprojektować systemy, procesy i stanowiska pracy w poszczególnych obszarach funkcjonalnych przedsiębiorstwa i przedsięwzięciach realizowanych w formie projektów.","Projektowanie systemów zarządzania w organizacjach zorientowanych procesowo","PEU_U01","Dobiera i stosuje metody i techniki projektowania systemów zarządzania w organizacjach zorientowanych procesowo."
"K1_IZ_U18","Skills","Potrafi, używając właściwych metod i narzędzi, zaprojektować systemy, procesy i stanowiska pracy w poszczególnych obszarach funkcjonalnych przedsiębiorstwa i przedsięwzięciach realizowanych w formie projektów.","Projektowanie systemów zarządzania w organizacjach zorientowanych procesowo","PEU_U02","Opracowuje rozwiązania złożonych problemów zarządczych i merytorycznych w organizacji zorientowanej procesowo."
"K1_IZ_U18","Skills","Potrafi, używając właściwych metod i narzędzi, zaprojektować systemy, procesy i stanowiska pracy w poszczególnych obszarach funkcjonalnych przedsiębiorstwa i przedsięwzięciach realizowanych w formie projektów.","Projektowanie systemów zarządzania w organizacjach zorientowanych projektowo","PEU_U01","Dobiera i stosuje metody i techniki projektowania systemów zarządzania w organizacjach zorientowanych projektowo."
"K1_IZ_U18","Skills","Potrafi, używając właściwych metod i narzędzi, zaprojektować systemy, procesy i stanowiska pracy w poszczególnych obszarach funkcjonalnych przedsiębiorstwa i przedsięwzięciach realizowanych w formie projektów.","Projektowanie systemów zarządzania w organizacjach zorientowanych projektowo","PEU_U02","Opracowuje rozwiązania złożonych problemów zarządczych i merytorycznych w organizacji zorientowanej projektowo."
"K1_IZ_U18","Skills","Potrafi, używając właściwych metod i narzędzi, zaprojektować systemy, procesy i stanowiska pracy w poszczególnych obszarach funkcjonalnych przedsiębiorstwa i przedsięwzięciach realizowanych w formie projektów.","Projektowanie wizualnego przekazu marketingowego","PEU_U01","Posługuje się wybranymi narzędziami do graficznego projektowania wizualnego przekazu marketingowego."
"K1_IZ_U18","Skills","Potrafi, używając właściwych metod i narzędzi, zaprojektować systemy, procesy i stanowiska pracy w poszczególnych obszarach funkcjonalnych przedsiębiorstwa i przedsięwzięciach realizowanych w formie projektów.","Projektowanie wizualnego przekazu marketingowego","PEU_U02","Potrafi zastosować wybrane metody grafiki komputerowej do zaprojektowania wizualnego przekazu marketingowego."
"K1_IZ_U18","Skills","Potrafi, używając właściwych metod i narzędzi, zaprojektować systemy, procesy i stanowiska pracy w poszczególnych obszarach funkcjonalnych przedsiębiorstwa i przedsięwzięciach realizowanych w formie projektów.","Teoria i praktyka twórczości inżynierskiej","PEU_U01","Analizuje, ocenia a następnie projektuje rozwiązanie problemu organizatorskiego, prezentowane w formie projektu."
"K1_IZ_U18","Skills","Potrafi, używając właściwych metod i narzędzi, zaprojektować systemy, procesy i stanowiska pracy w poszczególnych obszarach funkcjonalnych przedsiębiorstwa i przedsięwzięciach realizowanych w formie projektów.","Teoria i praktyka twórczości inżynierskiej","PEU_U02","Posługuje się odpowiednimi metodami organizatorskimi, wykorzystywanymi w poszczególnych obszarach funkcjonalnych przedsiębiorstwa."
"K1_IZ_U18","Skills","Potrafi, używając właściwych metod i narzędzi, zaprojektować systemy, procesy i stanowiska pracy w poszczególnych obszarach funkcjonalnych przedsiębiorstwa i przedsięwzięciach realizowanych w formie projektów.","Zarządzanie procesami informatyzacji","PEU_U01","Dokonuje wyboru modelu cyklu życia oprogramowania."
"K1_IZ_U19","Skills","Potrafi identyfikować i interpretować kulturowe, prawne, ekonomiczne, społeczne, technologiczne, humanistyczne oraz ekologiczne aspekty swojej działalności inżynierskiej, a także menedżerskiej.","Antropologia stosowana","PEU_U01","Potrafi konstruować pracę w grupowych i zespołowych formach organizacji pracy (przyjmując w nich różne role), organizuje pracę małych zespołów i nimi kieruje."
"K1_IZ_U19","Skills","Potrafi identyfikować i interpretować kulturowe, prawne, ekonomiczne, społeczne, technologiczne, humanistyczne oraz ekologiczne aspekty swojej działalności inżynierskiej, a także menedżerskiej.","Efektywna praca w zespole","PEU_U01","Analizuje i interpretuje problemy w efektywnej pracy grupowej w organizacji."
"K1_IZ_U19","Skills","Potrafi identyfikować i interpretować kulturowe, prawne, ekonomiczne, społeczne, technologiczne, humanistyczne oraz ekologiczne aspekty swojej działalności inżynierskiej, a także menedżerskiej.","Etyka stosowana","PEU_U01","Potrafi zidentyfikować odpowiednie regulacje etyczne z zakresu etyki zawodowej, etyki biznesu i etyki badań naukowych oraz zastosować je w praktyce działalności menedżerskiej lub inżynierskiej, szczególnie w sytuacji zaistniałego sporu lub dylematu etycznego."
"K1_IZ_U19","Skills","Potrafi identyfikować i interpretować kulturowe, prawne, ekonomiczne, społeczne, technologiczne, humanistyczne oraz ekologiczne aspekty swojej działalności inżynierskiej, a także menedżerskiej.","Komunikacja interpersonalna","PEU_U01","Analizuje i kategoryzuje problemy związane z komunikacją w zespole."
"K1_IZ_U19","Skills","Potrafi identyfikować i interpretować kulturowe, prawne, ekonomiczne, społeczne, technologiczne, humanistyczne oraz ekologiczne aspekty swojej działalności inżynierskiej, a także menedżerskiej.","Komunikacja interpersonalna","PEU_U03","Potrafi identyfikować i interpretować kulturowe, społecznei psychologiczne swojej działalności zespołowej, organizacyjnej i także menedżerskiej."
"K1_IZ_U19","Skills","Potrafi identyfikować i interpretować kulturowe, prawne, ekonomiczne, społeczne, technologiczne, humanistyczne oraz ekologiczne aspekty swojej działalności inżynierskiej, a także menedżerskiej.","Mediacje i elementy negocjacji","PEU_U03","Dostrzega i uwzględnia znaczenie społeczno-humanistycznego wymiaru swojej działalności zawodowej."
"K1_IZ_U19","Skills","Potrafi identyfikować i interpretować kulturowe, prawne, ekonomiczne, społeczne, technologiczne, humanistyczne oraz ekologiczne aspekty swojej działalności inżynierskiej, a także menedżerskiej.","Metody radzenia sobie ze stresem","PEU_U02","Potrafi niwelować i zapobiegać konsekwencjom stresu w grupie i organizacji."
"K1_IZ_U19","Skills","Potrafi identyfikować i interpretować kulturowe, prawne, ekonomiczne, społeczne, technologiczne, humanistyczne oraz ekologiczne aspekty swojej działalności inżynierskiej, a także menedżerskiej.","Prawo dla inżynierów","PEU_U01","Potrafi interpretować przepisy prawne w dziedzinie działalności biznesowej."
"K1_IZ_U19","Skills","Potrafi identyfikować i interpretować kulturowe, prawne, ekonomiczne, społeczne, technologiczne, humanistyczne oraz ekologiczne aspekty swojej działalności inżynierskiej, a także menedżerskiej.","Rozwijanie kompetencji menedżerskich","PEU_U01","Demonstruje i rozwija u siebie kluczowe kompetencje wspierające realizację funkcji menadżerskich. Dobiera kompetencje menedżerskie w zależności od sytuacji."
"K1_IZ_U19","Skills","Potrafi identyfikować i interpretować kulturowe, prawne, ekonomiczne, społeczne, technologiczne, humanistyczne oraz ekologiczne aspekty swojej działalności inżynierskiej, a także menedżerskiej.","Rozwijanie kompetencji poznawczych i decyzyjnych","PEU_U01","Analizuje i interpretuje procesy umysłowe i decyzyjne podejmowane przez człowieka"
"K1_IZ_U19","Skills","Potrafi identyfikować i interpretować kulturowe, prawne, ekonomiczne, społeczne, technologiczne, humanistyczne oraz ekologiczne aspekty swojej działalności inżynierskiej, a także menedżerskiej.","Rozwijanie kompetencji społecznych","PEU_U03","Interpretuje i weryfikuje psychologiczne i społeczne aspekty swojej działalności inżynierskiej, a także menedżerskiej."
"K1_IZ_U19","Skills","Potrafi identyfikować i interpretować kulturowe, prawne, ekonomiczne, społeczne, technologiczne, humanistyczne oraz ekologiczne aspekty swojej działalności inżynierskiej, a także menedżerskiej.","Storytelling","PEU_U01","Interpretuje narracyjne elementy dyskursów publicznych zgodnie z ich pragmatyką i obszarem zastosowania; potrafi przeprowadzić analizę narracyjną zjawisk społecznych."
"K1_IZ_U19","Skills","Potrafi identyfikować i interpretować kulturowe, prawne, ekonomiczne, społeczne, technologiczne, humanistyczne oraz ekologiczne aspekty swojej działalności inżynierskiej, a także menedżerskiej.","Studium wykonalności projektów infrastrukturalnych","PEU_U01","Przygotowuje elementy studium wykonalności, prezentuje wyniki swoich prac w sposób komunikatywny dla specjalistów z zakresu nauk społecznych i technicznych i przy użyciu odpowiednich narzędzi analitycznych."
"K1_IZ_U19","Skills","Potrafi identyfikować i interpretować kulturowe, prawne, ekonomiczne, społeczne, technologiczne, humanistyczne oraz ekologiczne aspekty swojej działalności inżynierskiej, a także menedżerskiej.","Studium wykonalności projektów infrastrukturalnych","PEU_U02","Identyfikuje i definiuje zakres projektu inżynierskiego (inwestycja infrastrukturalna), określa jego etapy, normy i standardy wykonania, jak również uwarunkowania: kulturowe, społeczne, ekonomiczne, techniczne i środowiskowe. Używa w tym celu odpowiednich metod analitycznych (np. macierz oceny ryzyka, matryca logiczna) i narzędzi informatycznych. Formułuje założenia do analiz i na ich podstawie przeprowadza analizę."
"K1_IZ_U19","Skills","Potrafi identyfikować i interpretować kulturowe, prawne, ekonomiczne, społeczne, technologiczne, humanistyczne oraz ekologiczne aspekty swojej działalności inżynierskiej, a także menedżerskiej.","Techniki prezentacji","PEU_U02","Krytycznie analizuje wystąpienia i prezentacje innych osób, organizacji i instytucji."
"K1_IZ_U19","Skills","Potrafi identyfikować i interpretować kulturowe, prawne, ekonomiczne, społeczne, technologiczne, humanistyczne oraz ekologiczne aspekty swojej działalności inżynierskiej, a także menedżerskiej.","Współczesne dylematy menedżerskie","PEU_U01","Identyfikuje oraz interpretuje problemy menedżerskie."
"K1_IZ_U19","Skills","Potrafi identyfikować i interpretować kulturowe, prawne, ekonomiczne, społeczne, technologiczne, humanistyczne oraz ekologiczne aspekty swojej działalności inżynierskiej, a także menedżerskiej.","Własność intelektualna z elementami etyki","PEU_U01","Identyfikuje regulacje prawne w dziedzinie własności intelektualnej i przemysłowej łącząc je z poszanowaniem norm etycznych oraz autonomii twórczej."
"K1_IZ_U19","Skills","Potrafi identyfikować i interpretować kulturowe, prawne, ekonomiczne, społeczne, technologiczne, humanistyczne oraz ekologiczne aspekty swojej działalności inżynierskiej, a także menedżerskiej.","Zachowania organizacyjne","PEU_U01","Identyfikuje kluczowe czynniki kształtujące zachowania organizacyjne oraz analizuje wpływ otoczenia organizacji na zachowania jej pracowników."
"K1_IZ_U19","Skills","Potrafi identyfikować i interpretować kulturowe, prawne, ekonomiczne, społeczne, technologiczne, humanistyczne oraz ekologiczne aspekty swojej działalności inżynierskiej, a także menedżerskiej.","Zachowania organizacyjne","PEU_U02","Wykorzystuje narzędzia służące kształtowaniu zachowań organizacyjnych w praktyce."
"K1_IZ_U19","Skills","Potrafi identyfikować i interpretować kulturowe, prawne, ekonomiczne, społeczne, technologiczne, humanistyczne oraz ekologiczne aspekty swojej działalności inżynierskiej, a także menedżerskiej.","Zarządzanie różnorodnością i inkluzją","PEU_U02","Interpretuje oraz ocenia kulturowe, prawne, i społeczne aspekty zarządzania różnorodnością w organizacji oraz ocenia ich wpływ na efektywność pracy i integrację zespołów."
"K1_IZ_U20","Skills","Potrafi analizować i oceniać cele, cechy, elementy, procesy, obszary funkcjonalne w przedsiębiorstwie oraz wewnętrzne i międzyorganizacyjne relacje, stosując pojęcia i ujęcia teoretyczne z zakresu ekonomii, polityki gospodarczej, nauk o zarządzaniu, analizy systemowej i metodyki projektowania inżynierskiego.","Analiza systemowa i inżynieria systemów","PEU_U01","Analizuje i dostosowuje strukturę systemu, zarówno dla istniejących systemów oraz podczas projektowania nowych systemów."
"K1_IZ_U20","Skills","Potrafi analizować i oceniać cele, cechy, elementy, procesy, obszary funkcjonalne w przedsiębiorstwie oraz wewnętrzne i międzyorganizacyjne relacje, stosując pojęcia i ujęcia teoretyczne z zakresu ekonomii, polityki gospodarczej, nauk o zarządzaniu, analizy systemowej i metodyki projektowania inżynierskiego.","Analiza systemowa i inżynieria systemów","PEU_U02","Krytycznie analizuje i ocenia sposoby funkcjonowania systemu (ze szczególnym uwzględnieniem organizacji jako systemu)."
"K1_IZ_U20","Skills","Potrafi analizować i oceniać cele, cechy, elementy, procesy, obszary funkcjonalne w przedsiębiorstwie oraz wewnętrzne i międzyorganizacyjne relacje, stosując pojęcia i ujęcia teoretyczne z zakresu ekonomii, polityki gospodarczej, nauk o zarządzaniu, analizy systemowej i metodyki projektowania inżynierskiego.","Analiza systemowa i inżynieria systemów","PEU_U03","Stosuje wybrane metody analizy systemowej oraz inżynierii systemów (także w odniesieniu do analizy i doskonalenia organizacji jako systemu)."
"K1_IZ_U20","Skills","Potrafi analizować i oceniać cele, cechy, elementy, procesy, obszary funkcjonalne w przedsiębiorstwie oraz wewnętrzne i międzyorganizacyjne relacje, stosując pojęcia i ujęcia teoretyczne z zakresu ekonomii, polityki gospodarczej, nauk o zarządzaniu, analizy systemowej i metodyki projektowania inżynierskiego.","E-gospodarka","PEU_U02","Analizuje korzyści i zagrożenia wynikające ze stosowania poszczególnych technologie i rozwiązania IT."
"K1_IZ_U20","Skills","Potrafi analizować i oceniać cele, cechy, elementy, procesy, obszary funkcjonalne w przedsiębiorstwie oraz wewnętrzne i międzyorganizacyjne relacje, stosując pojęcia i ujęcia teoretyczne z zakresu ekonomii, polityki gospodarczej, nauk o zarządzaniu, analizy systemowej i metodyki projektowania inżynierskiego.","Ekonomia","PEU_U02","Prognozuje i rozwiązuje problemy gospodarcze stosując zasady i prawa ekonomiczne oraz stosuje instrumenty regulacji ekonomicznej"
"K1_IZ_U20","Skills","Potrafi analizować i oceniać cele, cechy, elementy, procesy, obszary funkcjonalne w przedsiębiorstwie oraz wewnętrzne i międzyorganizacyjne relacje, stosując pojęcia i ujęcia teoretyczne z zakresu ekonomii, polityki gospodarczej, nauk o zarządzaniu, analizy systemowej i metodyki projektowania inżynierskiego.","Innowacje i przedsiębiorczość inżynierska","PEU_U01","Diagnozuje, analizuje oraz interpretuje i ocenia cele, cechy, elementy innowacji oraz organizacji innowacyjneji przedsiębiorczej. Projektuje strategie, modele, procesy oraz metody, które wspierają budowanie i rozwój organizacji innowacyjnej."
"K1_IZ_U20","Skills","Potrafi analizować i oceniać cele, cechy, elementy, procesy, obszary funkcjonalne w przedsiębiorstwie oraz wewnętrzne i międzyorganizacyjne relacje, stosując pojęcia i ujęcia teoretyczne z zakresu ekonomii, polityki gospodarczej, nauk o zarządzaniu, analizy systemowej i metodyki projektowania inżynierskiego.","Organizacja i zarządzanie","PEU_U01","Analizuje i ocenia elementy organizacji oraz relacje między nimi, a także interakcje organizacji z otoczeniem."
"K1_IZ_U20","Skills","Potrafi analizować i oceniać cele, cechy, elementy, procesy, obszary funkcjonalne w przedsiębiorstwie oraz wewnętrzne i międzyorganizacyjne relacje, stosując pojęcia i ujęcia teoretyczne z zakresu ekonomii, polityki gospodarczej, nauk o zarządzaniu, analizy systemowej i metodyki projektowania inżynierskiego.","Organizacja i zarządzanie","PEU_U02","Identyfikuje i analizuje typowe problemy zarządzania."
"K1_IZ_U21","Skills","Posiada umiejętność analizowania przyczyn i dynamiki zjawisk w organizacji i jej otoczeniu w warunkach gospodarki rynkowej i obowiązujących regulacji ekonomiczno-prawnych. Potrafi identyfikować i analizować typowe problemy zarządcze i merytoryczne w organizacji oraz w jej obszarach funkcjonalnych.","Analiza ekonomiczna decyzji biznesowych","PEU_U01","Ma umiejętności analizowania sprawozdań finansowych organizacji, wyprowadza wnioski analityczne."
"K1_IZ_U21","Skills","Posiada umiejętność analizowania przyczyn i dynamiki zjawisk w organizacji i jej otoczeniu w warunkach gospodarki rynkowej i obowiązujących regulacji ekonomiczno-prawnych. Potrafi identyfikować i analizować typowe problemy zarządcze i merytoryczne w organizacji oraz w jej obszarach funkcjonalnych.","Analiza ekonomiczna decyzji biznesowych","PEU_U02","Ma umiejętności analizowania przyczyn i dynamiki zjawiskw organizacji i jej otoczeniu w warunkach gospodarki rynkowej i obowiązujących regulacji ekonomiczno-prawnych. Analizujetypowe problemy zarządcze i merytoryczne w organizacji oraz w jej obszarach funkcjonalnych."
"K1_IZ_U21","Skills","Posiada umiejętność analizowania przyczyn i dynamiki zjawisk w organizacji i jej otoczeniu w warunkach gospodarki rynkowej i obowiązujących regulacji ekonomiczno-prawnych. Potrafi identyfikować i analizować typowe problemy zarządcze i merytoryczne w organizacji oraz w jej obszarach funkcjonalnych.","Marketing","PEU_U01","Posługuje się inżynierskim sposobem myślenia do identyfikacji wybranych, istotnych problemów marketingowych w zarządzaniu przedsiębiorstwem oraz formułowania propozycji ich rozwiązań."
"K1_IZ_U21","Skills","Posiada umiejętność analizowania przyczyn i dynamiki zjawisk w organizacji i jej otoczeniu w warunkach gospodarki rynkowej i obowiązujących regulacji ekonomiczno-prawnych. Potrafi identyfikować i analizować typowe problemy zarządcze i merytoryczne w organizacji oraz w jej obszarach funkcjonalnych.","Marketing","PEU_U02","Stosuje dobre praktyki marketingowe w zarządzaniu przedsiębiorstwem, ze szczególnym uwzględnieniem analizowania przyczyn i dynamiki zjawisk marketingowych"
"K1_IZ_U21","Skills","Posiada umiejętność analizowania przyczyn i dynamiki zjawisk w organizacji i jej otoczeniu w warunkach gospodarki rynkowej i obowiązujących regulacji ekonomiczno-prawnych. Potrafi identyfikować i analizować typowe problemy zarządcze i merytoryczne w organizacji oraz w jej obszarach funkcjonalnych.","Rachunkowość i finanse dla inżynierów","PEU_U01","Analizuje i ocenia sprawozdania finansowe."
"K1_IZ_U21","Skills","Posiada umiejętność analizowania przyczyn i dynamiki zjawisk w organizacji i jej otoczeniu w warunkach gospodarki rynkowej i obowiązujących regulacji ekonomiczno-prawnych. Potrafi identyfikować i analizować typowe problemy zarządcze i merytoryczne w organizacji oraz w jej obszarach funkcjonalnych.","Rachunkowość i finanse dla inżynierów","PEU_U02","Opracowuje rachunek efektywnościowy przedsiębiorstwa."
"K1_IZ_U21","Skills","Posiada umiejętność analizowania przyczyn i dynamiki zjawisk w organizacji i jej otoczeniu w warunkach gospodarki rynkowej i obowiązujących regulacji ekonomiczno-prawnych. Potrafi identyfikować i analizować typowe problemy zarządcze i merytoryczne w organizacji oraz w jej obszarach funkcjonalnych.","Trening kierowniczy","PEU_U01","Tworzy system do analizy what-if wspomagający decyzje ilościowe dotyczące różnych obszarów funkcjonalnych organizacji gospodarczej, wykorzystując informacje o procesach zachodzących w organizacji oraz wiedzę o wskaźnikach sytuacji ekonomiczno-finansowej przedsiębiorstwa."
"K1_IZ_U21","Skills","Posiada umiejętność analizowania przyczyn i dynamiki zjawisk w organizacji i jej otoczeniu w warunkach gospodarki rynkowej i obowiązujących regulacji ekonomiczno-prawnych. Potrafi identyfikować i analizować typowe problemy zarządcze i merytoryczne w organizacji oraz w jej obszarach funkcjonalnych.","Trening kierowniczy","PEU_U02","Prognozuje wyniki finansowe i przepływy środków pieniężnych oraz wykorzystuje opracowane prognozy w podejmowaniu decyzji."
"K1_IZ_U21","Skills","Posiada umiejętność analizowania przyczyn i dynamiki zjawisk w organizacji i jej otoczeniu w warunkach gospodarki rynkowej i obowiązujących regulacji ekonomiczno-prawnych. Potrafi identyfikować i analizować typowe problemy zarządcze i merytoryczne w organizacji oraz w jej obszarach funkcjonalnych.","Trening kierowniczy","PEU_U03","Dokonuje krytycznej porównawczej analizy strategii i wyników konkurujących podmiotów gospodarczych identyfikując błędy, dylematy i zależności przyczynowo- skutkowe oraz prezentuje wyniki tej analizy."
"K1_IZ_U21","Skills","Posiada umiejętność analizowania przyczyn i dynamiki zjawisk w organizacji i jej otoczeniu w warunkach gospodarki rynkowej i obowiązujących regulacji ekonomiczno-prawnych. Potrafi identyfikować i analizować typowe problemy zarządcze i merytoryczne w organizacji oraz w jej obszarach funkcjonalnych.","Zarządzanie jakością","PEU_U01","Identyfikuje i analizuje problemy zarządzania jakością w organizacjach używając właściwych metod i narzędzi."
"K1_IZ_U21","Skills","Posiada umiejętność analizowania przyczyn i dynamiki zjawisk w organizacji i jej otoczeniu w warunkach gospodarki rynkowej i obowiązujących regulacji ekonomiczno-prawnych. Potrafi identyfikować i analizować typowe problemy zarządcze i merytoryczne w organizacji oraz w jej obszarach funkcjonalnych.","Zarządzanie produkcją i logistyką","PEU_U01","Identyfikuje i diagnozuje problemy decyzyjne przedsiębiorstw w obszarze logistycznej działalności operacyjnej."
"K1_IZ_U21","Skills","Posiada umiejętność analizowania przyczyn i dynamiki zjawisk w organizacji i jej otoczeniu w warunkach gospodarki rynkowej i obowiązujących regulacji ekonomiczno-prawnych. Potrafi identyfikować i analizować typowe problemy zarządcze i merytoryczne w organizacji oraz w jej obszarach funkcjonalnych.","Zarządzanie zasobami ludzkimi","PEU_U01","Analizuje i ocenia elementy i problemy zarządcze i merytoryczne struktury zadaniowej funkcji personalnej w konkretnej organizacji, interpretując na podstawie literatury pojęcia i zagadnienia dotyczące funkcji personalnej oraz dokonując oceny stanu istniejącego wraz ze wskazaniem sposobów rozwiązania występujących problemów lub doskonalenia realizacji funkcji personalnej."
"K1_IZ_U21","Skills","Posiada umiejętność analizowania przyczyn i dynamiki zjawisk w organizacji i jej otoczeniu w warunkach gospodarki rynkowej i obowiązujących regulacji ekonomiczno-prawnych. Potrafi identyfikować i analizować typowe problemy zarządcze i merytoryczne w organizacji oraz w jej obszarach funkcjonalnych.","Zarządzanie zasobami ludzkimi","PEU_U02","Wyszukuje źródła informacji i stosuje techniki ich pozyskiwania (wywiad, ankieta, dokumentacja); integruje i interpretuje uzyskane informacje."
"K1_IZ_U21","Skills","Posiada umiejętność analizowania przyczyn i dynamiki zjawisk w organizacji i jej otoczeniu w warunkach gospodarki rynkowej i obowiązujących regulacji ekonomiczno-prawnych. Potrafi identyfikować i analizować typowe problemy zarządcze i merytoryczne w organizacji oraz w jej obszarach funkcjonalnych.","Zarządzanie zasobami ludzkimi","PEU_U03","Przygotowuje ekspertyzy w formie raportu pisemnego oraz prezentuje wyniki badań diagnostycznych i broni przedstawionych wniosków."
"K1_IZ_W01","Knowledge","Ma zaawansowaną wiedzę w zakresie matematyki, obejmującą aparat rachunku różniczkowego i całkowego, rachunku macierzowego w zakresie rozwiązywania układów równań liniowych oraz elementów logiki pragmatycznej oraz rachunku prawdopodobieństwa, potrzebną do zrozumienia i konstrukcji opisów formalnych systemów i procesów technicznych i nietechnicznych, a także do rozwiązywania problemów analizy i syntezy dla systemów i procesów.","Analiza matematyczna 1","PEU_W01","Ma podstawową wiedzę z zakresu rozwiązywania równańi nierówności z wartością bezwzględną, wielomianami, funkcjami wymiernymi, wykładniczymi i logarytmicznymi."
"K1_IZ_W01","Knowledge","Ma zaawansowaną wiedzę w zakresie matematyki, obejmującą aparat rachunku różniczkowego i całkowego, rachunku macierzowego w zakresie rozwiązywania układów równań liniowych oraz elementów logiki pragmatycznej oraz rachunku prawdopodobieństwa, potrzebną do zrozumienia i konstrukcji opisów formalnych systemów i procesów technicznych i nietechnicznych, a także do rozwiązywania problemów analizy i syntezy dla systemów i procesów.","Analiza matematyczna 1","PEU_W02","Zna własności funkcji elementarnych i podstawy rachunku różniczkowego i całkowego funkcji jednej zmiennej."
"K1_IZ_W01","Knowledge","Ma zaawansowaną wiedzę w zakresie matematyki, obejmującą aparat rachunku różniczkowego i całkowego, rachunku macierzowego w zakresie rozwiązywania układów równań liniowych oraz elementów logiki pragmatycznej oraz rachunku prawdopodobieństwa, potrzebną do zrozumienia i konstrukcji opisów formalnych systemów i procesów technicznych i nietechnicznych, a także do rozwiązywania problemów analizy i syntezy dla systemów i procesów.","Analiza matematyczna 1","PEU_W03","Ma podstawową wiedzę z zakresu rachunku różniczkowego funkcji wielu zmiennych."
"K1_IZ_W01","Knowledge","Ma zaawansowaną wiedzę w zakresie matematyki, obejmującą aparat rachunku różniczkowego i całkowego, rachunku macierzowego w zakresie rozwiązywania układów równań liniowych oraz elementów logiki pragmatycznej oraz rachunku prawdopodobieństwa, potrzebną do zrozumienia i konstrukcji opisów formalnych systemów i procesów technicznych i nietechnicznych, a także do rozwiązywania problemów analizy i syntezy dla systemów i procesów.","Badania operacyjne","PEU_W01","Wybiera właściwy model matematyczny dla problemów decyzyjnych w organizacjach."
"K1_IZ_W01","Knowledge","Ma zaawansowaną wiedzę w zakresie matematyki, obejmującą aparat rachunku różniczkowego i całkowego, rachunku macierzowego w zakresie rozwiązywania układów równań liniowych oraz elementów logiki pragmatycznej oraz rachunku prawdopodobieństwa, potrzebną do zrozumienia i konstrukcji opisów formalnych systemów i procesów technicznych i nietechnicznych, a także do rozwiązywania problemów analizy i syntezy dla systemów i procesów.","Badania operacyjne","PEU_W02","Opisuje algorytmy stosowane w badaniach operacyjnych."
"K1_IZ_W01","Knowledge","Ma zaawansowaną wiedzę w zakresie matematyki, obejmującą aparat rachunku różniczkowego i całkowego, rachunku macierzowego w zakresie rozwiązywania układów równań liniowych oraz elementów logiki pragmatycznej oraz rachunku prawdopodobieństwa, potrzebną do zrozumienia i konstrukcji opisów formalnych systemów i procesów technicznych i nietechnicznych, a także do rozwiązywania problemów analizy i syntezy dla systemów i procesów.","Logika pragmatyczna dla inżynierów","PEU_W01","Wymienia i charakteryzuje pojęcia z zakresu logiki, teorii zbiorów i relacji."
"K1_IZ_W01","Knowledge","Ma zaawansowaną wiedzę w zakresie matematyki, obejmującą aparat rachunku różniczkowego i całkowego, rachunku macierzowego w zakresie rozwiązywania układów równań liniowych oraz elementów logiki pragmatycznej oraz rachunku prawdopodobieństwa, potrzebną do zrozumienia i konstrukcji opisów formalnych systemów i procesów technicznych i nietechnicznych, a także do rozwiązywania problemów analizy i syntezy dla systemów i procesów.","Metody optymalizacji","PEU_W01","Wybiera właściwy model matematyczny dla problemów optymalizacyjnych w organizacjach."
"K1_IZ_W01","Knowledge","Ma zaawansowaną wiedzę w zakresie matematyki, obejmującą aparat rachunku różniczkowego i całkowego, rachunku macierzowego w zakresie rozwiązywania układów równań liniowych oraz elementów logiki pragmatycznej oraz rachunku prawdopodobieństwa, potrzebną do zrozumienia i konstrukcji opisów formalnych systemów i procesów technicznych i nietechnicznych, a także do rozwiązywania problemów analizy i syntezy dla systemów i procesów.","Metody optymalizacji","PEU_W02","Opisuje kluczowe algorytmy stosowane w optymalizacji."
"K1_IZ_W01","Knowledge","Ma zaawansowaną wiedzę w zakresie matematyki, obejmującą aparat rachunku różniczkowego i całkowego, rachunku macierzowego w zakresie rozwiązywania układów równań liniowych oraz elementów logiki pragmatycznej oraz rachunku prawdopodobieństwa, potrzebną do zrozumienia i konstrukcji opisów formalnych systemów i procesów technicznych i nietechnicznych, a także do rozwiązywania problemów analizy i syntezy dla systemów i procesów.","Modelowanie statystyczne","PEU_W01","Charakteryzuje i opisuje modele statystyczne ze szczególnym uwzględnieniem modeli regresji. Wyjaśnia w jaki sposób te modele mogą być wykorzystane w celu rozwiązania problemów z obszarów organizacji."
"K1_IZ_W01","Knowledge","Ma zaawansowaną wiedzę w zakresie matematyki, obejmującą aparat rachunku różniczkowego i całkowego, rachunku macierzowego w zakresie rozwiązywania układów równań liniowych oraz elementów logiki pragmatycznej oraz rachunku prawdopodobieństwa, potrzebną do zrozumienia i konstrukcji opisów formalnych systemów i procesów technicznych i nietechnicznych, a także do rozwiązywania problemów analizy i syntezy dla systemów i procesów.","Rachunek prawdopodobieństwa","PEU_W01","Charakteryzuje pojęcia probabilistyki oraz dobiera odpowiednie narzędzia wykorzystywane w analizie danych niepewnych."
"K1_IZ_W01","Knowledge","Ma zaawansowaną wiedzę w zakresie matematyki, obejmującą aparat rachunku różniczkowego i całkowego, rachunku macierzowego w zakresie rozwiązywania układów równań liniowych oraz elementów logiki pragmatycznej oraz rachunku prawdopodobieństwa, potrzebną do zrozumienia i konstrukcji opisów formalnych systemów i procesów technicznych i nietechnicznych, a także do rozwiązywania problemów analizy i syntezy dla systemów i procesów.","Statystyka dla inżynierów","PEU_W01","Charakteryzuje i opisuje modele statystyczne oraz techniki eksploracyjnej analizy danych. Wyjaśnia w jaki sposób te modele i techniki mogą być wykorzystane w celu rozwiązania problemów z obszarów organizacji."
"K1_IZ_W01","Knowledge","Ma zaawansowaną wiedzę w zakresie matematyki, obejmującą aparat rachunku różniczkowego i całkowego, rachunku macierzowego w zakresie rozwiązywania układów równań liniowych oraz elementów logiki pragmatycznej oraz rachunku prawdopodobieństwa, potrzebną do zrozumienia i konstrukcji opisów formalnych systemów i procesów technicznych i nietechnicznych, a także do rozwiązywania problemów analizy i syntezy dla systemów i procesów.","Techniki eksploracji danych","PEU_W02","Identyfikuje techniki i modele eksploracji danych do odpowiednich problemów i danych."
"K1_IZ_W01","Knowledge","Ma zaawansowaną wiedzę w zakresie matematyki, obejmującą aparat rachunku różniczkowego i całkowego, rachunku macierzowego w zakresie rozwiązywania układów równań liniowych oraz elementów logiki pragmatycznej oraz rachunku prawdopodobieństwa, potrzebną do zrozumienia i konstrukcji opisów formalnych systemów i procesów technicznych i nietechnicznych, a także do rozwiązywania problemów analizy i syntezy dla systemów i procesów.","Techniki eksploracji danych","PEU_W03","Objaśnia działanie modeli technik eksploracji danych."
"K1_IZ_W01","Knowledge","Ma zaawansowaną wiedzę w zakresie matematyki, obejmującą aparat rachunku różniczkowego i całkowego, rachunku macierzowego w zakresie rozwiązywania układów równań liniowych oraz elementów logiki pragmatycznej oraz rachunku prawdopodobieństwa, potrzebną do zrozumienia i konstrukcji opisów formalnych systemów i procesów technicznych i nietechnicznych, a także do rozwiązywania problemów analizy i syntezy dla systemów i procesów.","Uczenie maszynowe","PEU_W02","Identyfikuje techniki i modele eksploracji danych do odpowiednich problemów i danych."
"K1_IZ_W01","Knowledge","Ma zaawansowaną wiedzę w zakresie matematyki, obejmującą aparat rachunku różniczkowego i całkowego, rachunku macierzowego w zakresie rozwiązywania układów równań liniowych oraz elementów logiki pragmatycznej oraz rachunku prawdopodobieństwa, potrzebną do zrozumienia i konstrukcji opisów formalnych systemów i procesów technicznych i nietechnicznych, a także do rozwiązywania problemów analizy i syntezy dla systemów i procesów.","Uczenie maszynowe","PEU_W03","Objaśnia działanie modeli technik eksploracji danych."
"K1_IZ_W01","Knowledge","Ma zaawansowaną wiedzę w zakresie matematyki, obejmującą aparat rachunku różniczkowego i całkowego, rachunku macierzowego w zakresie rozwiązywania układów równań liniowych oraz elementów logiki pragmatycznej oraz rachunku prawdopodobieństwa, potrzebną do zrozumienia i konstrukcji opisów formalnych systemów i procesów technicznych i nietechnicznych, a także do rozwiązywania problemów analizy i syntezy dla systemów i procesów.","Wprowadzenie do optymalizacji","PEU_W01","Charakteryzuje metody matematyczne stosowane w optymalizacji, takie jak rachunek macierzowy, układy równań liniowych oraz wyznaczanie ekstremów funkcji"
"K1_IZ_W01","Knowledge","Ma zaawansowaną wiedzę w zakresie matematyki, obejmującą aparat rachunku różniczkowego i całkowego, rachunku macierzowego w zakresie rozwiązywania układów równań liniowych oraz elementów logiki pragmatycznej oraz rachunku prawdopodobieństwa, potrzebną do zrozumienia i konstrukcji opisów formalnych systemów i procesów technicznych i nietechnicznych, a także do rozwiązywania problemów analizy i syntezy dla systemów i procesów.","Wprowadzenie do optymalizacji","PEU_W02","Charakteryzuje rodzaje i własności modeli optymalizacyjnych, w szczególności wypukłych modeli optymalizacyjnych"
"K1_IZ_W02","Knowledge","Ma zaawansowaną wiedzę w zakresie fizyki potrzebną do zrozumienia i wyjaśnienia wpływu materialnego środowiska pracy na obciążenie pracownika, a także do rozwiązywania problemów ergonomicznych dla układu człowiek – maszyna.","Fizyka środowiska pracy","PEU_W01","Rozpoznaje wybrane czynniki środowiska pracy i wyjaśnia ich wpływ na pracowników."
"K1_IZ_W02","Knowledge","Ma zaawansowaną wiedzę w zakresie fizyki potrzebną do zrozumienia i wyjaśnienia wpływu materialnego środowiska pracy na obciążenie pracownika, a także do rozwiązywania problemów ergonomicznych dla układu człowiek – maszyna.","Projektowanie stanowisk pracy","PEU_W01","Wymienia i charakteryzuje obiektywne i subiektywne metod oceny, analizy i zasad projektowania różnych aspektów stanowisk pracy."
"K1_IZ_W02","Knowledge","Ma zaawansowaną wiedzę w zakresie fizyki potrzebną do zrozumienia i wyjaśnienia wpływu materialnego środowiska pracy na obciążenie pracownika, a także do rozwiązywania problemów ergonomicznych dla układu człowiek – maszyna.","Projektowanie systemów interakcyjnych","PEU_W01","Wymienia i charakteryzuje obiektywne i subiektywne metody oceny, analizy i zasad projektowania różnych aspektów systemów interakcyjnych."
"K1_IZ_W03","Knowledge","Ma zaawansowaną wiedzę z zakresu ekonomii oraz rozumie relacje między ekonomią a naukami społecznymi i technicznymi, w tym nauką o zarządzaniu i jakości w kontekście działalności inżynierskiej.","Analiza ekonomiczna decyzji biznesowych","PEU_W01","Identyfikuje relacje między ekonomią a naukami społecznymii technicznymi, w tym nauką o zarządzaniu i jakości w kontekście działalności inżynierskiej."
"K1_IZ_W03","Knowledge","Ma zaawansowaną wiedzę z zakresu ekonomii oraz rozumie relacje między ekonomią a naukami społecznymi i technicznymi, w tym nauką o zarządzaniu i jakości w kontekście działalności inżynierskiej.","Analiza ekonomiczna decyzji biznesowych","PEU_W02","Wymienia i charakteryzuje metody i techniki diagnozowania oraz usprawniania działalności w poszczególnych obszarach funkcjonalnych organizacji. Charakteryzuje normy i standardyw poszczególnych obszarach funkcjonalnych."
"K1_IZ_W03","Knowledge","Ma zaawansowaną wiedzę z zakresu ekonomii oraz rozumie relacje między ekonomią a naukami społecznymi i technicznymi, w tym nauką o zarządzaniu i jakości w kontekście działalności inżynierskiej.","Ekonomia","PEU_W02","Identyfikuje i rozróżnia cele i instytucje gospodarki rynkowej oraz instrumenty polityki gospodarczej"
"K1_IZ_W03","Knowledge","Ma zaawansowaną wiedzę z zakresu ekonomii oraz rozumie relacje między ekonomią a naukami społecznymi i technicznymi, w tym nauką o zarządzaniu i jakości w kontekście działalności inżynierskiej.","Studium wykonalności projektów infrastrukturalnych","PEU_W01","Określa uwarunkowania społeczne, techniczne, ekonomiczne i ekologiczne projektów infrastrukturalnych."
"K1_IZ_W03","Knowledge","Ma zaawansowaną wiedzę z zakresu ekonomii oraz rozumie relacje między ekonomią a naukami społecznymi i technicznymi, w tym nauką o zarządzaniu i jakości w kontekście działalności inżynierskiej.","Studium wykonalności projektów infrastrukturalnych","PEU_W02","Identyfikuje etapy zarządzania projektem oraz planowania jego realizacji. Wyjaśnia elementy poszczególnych analiz, metodi narzędzi umożliwiających przeprowadzenie pełnej analizy celem opracowania studium wykonalności (np. metody efektywności społeczno-ekonomiczno-ekologicznej)."
"K1_IZ_W04","Knowledge","Ma zaawansowaną wiedzę w zakresie nauk humanistycznych i społecznych dotyczącą uwarunkowań prawnych, ekonomicznych, etycznych funkcjonowania systemów technicznych i gospodarczych – potrzebną do zrozumienia i rozwiązywania problemów natury społecznej występujących w systemach i procesach różnej natury.","Antropologia stosowana","PEU_W01","Określa prawidłowości zachowań organizacyjnych i ich uwarunkowania. Zna zasady budowania i funkcjonowania zespołów oraz czynniki wpływające na ich sprawność. Opisuje pojęcie kultury organizacyjnej i jej znaczenie w zarządzaniu. Zna kluczowe środkii systemy komunikacji w organizacjach oraz cechy sprawnego procesu komunikacji."
"K1_IZ_W04","Knowledge","Ma zaawansowaną wiedzę w zakresie nauk humanistycznych i społecznych dotyczącą uwarunkowań prawnych, ekonomicznych, etycznych funkcjonowania systemów technicznych i gospodarczych – potrzebną do zrozumienia i rozwiązywania problemów natury społecznej występujących w systemach i procesach różnej natury.","Etyka stosowana","PEU_W01","Prawidłowo identyfikuje etyczne aspekty wykonywania działalności menedżerskiej i technicznej. Potrafi powiązać je z uniwersalnymi normami etycznymi. Rozróżnia normy etyczne od prawnych."
"K1_IZ_W04","Knowledge","Ma zaawansowaną wiedzę w zakresie nauk humanistycznych i społecznych dotyczącą uwarunkowań prawnych, ekonomicznych, etycznych funkcjonowania systemów technicznych i gospodarczych – potrzebną do zrozumienia i rozwiązywania problemów natury społecznej występujących w systemach i procesach różnej natury.","Prawo dla inżynierów","PEU_W01","Identyfikuje miejsce i rolę przedsiębiorcy, w różnego rodzaju stosunkach prawnych, w szczególności w warunkach gospodarki rynkowej i swobody gospodarczej."
"K1_IZ_W04","Knowledge","Ma zaawansowaną wiedzę w zakresie nauk humanistycznych i społecznych dotyczącą uwarunkowań prawnych, ekonomicznych, etycznych funkcjonowania systemów technicznych i gospodarczych – potrzebną do zrozumienia i rozwiązywania problemów natury społecznej występujących w systemach i procesach różnej natury.","Storytelling","PEU_W01","Objaśnia rzeczywistość społeczną przez pryzmat teorii narracyjnych i struktur fabularnych, rozpoznając tą drogą przemiany w obszarze komunikacyjnej organizacji rzeczywistości społecznej i biznesowej."
"K1_IZ_W04","Knowledge","Ma zaawansowaną wiedzę w zakresie nauk humanistycznych i społecznych dotyczącą uwarunkowań prawnych, ekonomicznych, etycznych funkcjonowania systemów technicznych i gospodarczych – potrzebną do zrozumienia i rozwiązywania problemów natury społecznej występujących w systemach i procesach różnej natury.","Współczesne dylematy menedżerskie","PEU_W01","Objaśnia w sposób etyczny dylematy menadżerskie, a także znajduje odpowiednie sposoby dla rozwiązywania problemów natury społecznej występujących w organizacji."
"K1_IZ_W04","Knowledge","Ma zaawansowaną wiedzę w zakresie nauk humanistycznych i społecznych dotyczącą uwarunkowań prawnych, ekonomicznych, etycznych funkcjonowania systemów technicznych i gospodarczych – potrzebną do zrozumienia i rozwiązywania problemów natury społecznej występujących w systemach i procesach różnej natury.","Własność intelektualna z elementami etyki","PEU_W01","Posiada wiedzę w zakresie pojęć i zasad prawa własności intelektualnej - w tym uregulowań prawnych poszczególnych przedmiotów tej własności obowiązujących w prawie krajowym europejskim i międzynarodowym. Identyfikuje i wyjaśnia problemy etyczne w zakresie twórczości intelektualnej."
"K1_IZ_W04","Knowledge","Ma zaawansowaną wiedzę w zakresie nauk humanistycznych i społecznych dotyczącą uwarunkowań prawnych, ekonomicznych, etycznych funkcjonowania systemów technicznych i gospodarczych – potrzebną do zrozumienia i rozwiązywania problemów natury społecznej występujących w systemach i procesach różnej natury.","Zarządzanie różnorodnością i inkluzją","PEU_W01","Charakteryzuje i identyfikuje prawidłowości zachowań organizacyjnych i ich uwarunkowań w kontekście różnorodności społecznej, prawnej oraz kulturowej."
"K1_IZ_W04","Knowledge","Ma zaawansowaną wiedzę w zakresie nauk humanistycznych i społecznych dotyczącą uwarunkowań prawnych, ekonomicznych, etycznych funkcjonowania systemów technicznych i gospodarczych – potrzebną do zrozumienia i rozwiązywania problemów natury społecznej występujących w systemach i procesach różnej natury.","Zarządzanie różnorodnością i inkluzją","PEU_W02","Identyfikuje potencjalne wymiary różnorodności w miejscu pracy (w organizacji), narzędzia zarządzania różnorodnością oraz zasady budowania i funkcjonowania zespołów w kontekście różnorodności, w tym bazujące na inkluzywnym przywództwie."
"K1_IZ_W04","Knowledge","Ma zaawansowaną wiedzę w zakresie nauk humanistycznych i społecznych dotyczącą uwarunkowań prawnych, ekonomicznych, etycznych funkcjonowania systemów technicznych i gospodarczych – potrzebną do zrozumienia i rozwiązywania problemów natury społecznej występujących w systemach i procesach różnej natury.","Zarządzanie różnorodnością i inkluzją","PEU_W03","Opisuje i wyjaśnia pojęcie kultury organizacyjnej i jej funkcje w inkluzywnym miejscu pracy."
"K1_IZ_W04","Knowledge","Ma zaawansowaną wiedzę w zakresie nauk humanistycznych i społecznych dotyczącą uwarunkowań prawnych, ekonomicznych, etycznych funkcjonowania systemów technicznych i gospodarczych – potrzebną do zrozumienia i rozwiązywania problemów natury społecznej występujących w systemach i procesach różnej natury.","Zarządzanie różnorodnością i inkluzją","PEU_W04","Wskazuje kluczowe środki i systemy komunikacji w organizacjach oraz cechy sprawnego procesu komunikacji w organizacji uwzględniając poznane wymiary różnorodności."
"K1_IZ_W05","Knowledge","Ma zaawansowaną wiedzę w zakresie projektowania inżynierskiego i inżynierii systemów obejmującą elementy teorii systemów, projektowanie w oparciu o wielokryterialną analizę potrzeb, projektowanie jako proces podejmowania decyzji.","Analiza systemowa i inżynieria systemów","PEU_W01","Wymienia, nazywa i charakteryzuje elementy ogólnej teorii systemów."
"K1_IZ_W05","Knowledge","Ma zaawansowaną wiedzę w zakresie projektowania inżynierskiego i inżynierii systemów obejmującą elementy teorii systemów, projektowanie w oparciu o wielokryterialną analizę potrzeb, projektowanie jako proces podejmowania decyzji.","Analiza systemowa i inżynieria systemów","PEU_W02","Przedstawia i rozróżnia schematy postępowania w analizie systemowej (w tym w analizie wymagań systemu) oraz zasady i etapy procesu inżynierii systemów, ze szczególnym uwzględnieniem organizacji jako systemu."
"K1_IZ_W05","Knowledge","Ma zaawansowaną wiedzę w zakresie projektowania inżynierskiego i inżynierii systemów obejmującą elementy teorii systemów, projektowanie w oparciu o wielokryterialną analizę potrzeb, projektowanie jako proces podejmowania decyzji.","Diagnostyka ergonomiczna i projektowanie stanowisk pracy","PEU_W01","Potrafi zidentyfikować problemy ergonomicznego projektowania"
"K1_IZ_W05","Knowledge","Ma zaawansowaną wiedzę w zakresie projektowania inżynierskiego i inżynierii systemów obejmującą elementy teorii systemów, projektowanie w oparciu o wielokryterialną analizę potrzeb, projektowanie jako proces podejmowania decyzji.","Doskonalenie systemów informacyjnych organizacji","PEU_W01","Identyfikuje cele, mechanizmy funkcjonowania i charakterystyki zintegrowanych systemów informatycznych zarządzania"
"K1_IZ_W05","Knowledge","Ma zaawansowaną wiedzę w zakresie projektowania inżynierskiego i inżynierii systemów obejmującą elementy teorii systemów, projektowanie w oparciu o wielokryterialną analizę potrzeb, projektowanie jako proces podejmowania decyzji.","Metody matematyczne – optymalizacja decyzji","PEU_W01","Identyfikuje praktyczne problemy optymalizacyjne w organizacjach i sposoby ich modelowania"
"K1_IZ_W05","Knowledge","Ma zaawansowaną wiedzę w zakresie projektowania inżynierskiego i inżynierii systemów obejmującą elementy teorii systemów, projektowanie w oparciu o wielokryterialną analizę potrzeb, projektowanie jako proces podejmowania decyzji.","Narzędzia informatyczne w podejmowaniu decyzji menedżerskich","PEU_W01","Identyfikuje i definiuje zasady budowy i stosowania narzędzi informatycznych, w tym analiz wielokryterialnych, w podejmowaniu decyzji w organizacji, w środowisku wybranych systemów informatycznych zarządzania, baz, hurtowni danych, OLAPi systemów BI (BIG DATA)."
"K1_IZ_W05","Knowledge","Ma zaawansowaną wiedzę w zakresie projektowania inżynierskiego i inżynierii systemów obejmującą elementy teorii systemów, projektowanie w oparciu o wielokryterialną analizę potrzeb, projektowanie jako proces podejmowania decyzji.","Narzędzia informatyczne w podejmowaniu decyzji w usługach","PEU_W01","Identyfikuje i definiuje zasady budowy i stosowania narzędzi informatycznych, w tym analiz wielokryterialnych, w podejmowaniu decyzji w organizacji (z położeniem nacisku na usługi),w środowisku wybranych systemów informatycznych zarządzania, baz, hurtowni danych, OLAP i systemów BI (BIG DATA)."
"K1_IZ_W05","Knowledge","Ma zaawansowaną wiedzę w zakresie projektowania inżynierskiego i inżynierii systemów obejmującą elementy teorii systemów, projektowanie w oparciu o wielokryterialną analizę potrzeb, projektowanie jako proces podejmowania decyzji.","Proces generowania i wdrażania innowacji","PEU_W01","Przedstawia ogólną dotyczącą zarządzania i funkcjonowania przedsiębiorstw, innowacji i przedsiębiorczości inżynierskiej."
"K1_IZ_W05","Knowledge","Ma zaawansowaną wiedzę w zakresie projektowania inżynierskiego i inżynierii systemów obejmującą elementy teorii systemów, projektowanie w oparciu o wielokryterialną analizę potrzeb, projektowanie jako proces podejmowania decyzji.","Projektowanie wizualnego przekazu marketingowego","PEU_W01","Potrafi zidentyfikować kluczowe problemy związanez projektowaniem wizualnego przekazu marketingowego"
"K1_IZ_W05","Knowledge","Ma zaawansowaną wiedzę w zakresie projektowania inżynierskiego i inżynierii systemów obejmującą elementy teorii systemów, projektowanie w oparciu o wielokryterialną analizę potrzeb, projektowanie jako proces podejmowania decyzji.","Systemy analityczne","PEU_W01","Wyjaśnia istotę analityki predykcyjnej opartej na uczeniu maszynowym, wskazuje różnice między statystycznymi modelami predykcyjnymi i predykcją opartą na uczeniu maszynowym.Objaśnia podejścia do walidacji oraz problematykę interpretowalności wyników analizy predykcyjnej. Charakteryzuje podejścia do analizy danych niedoskonałych. Objaśnia założenia i wybrane techniki analityki tekstu i analizy wydźwięku, w tym podejścia oparte na generatywnej sztucznej inteligencji"
"K1_IZ_W05","Knowledge","Ma zaawansowaną wiedzę w zakresie projektowania inżynierskiego i inżynierii systemów obejmującą elementy teorii systemów, projektowanie w oparciu o wielokryterialną analizę potrzeb, projektowanie jako proces podejmowania decyzji.","Teoria i praktyka twórczości inżynierskiej","PEU_W01","Nazywa, objaśnia i porównuje wybrane metody organizatorskie."
"K1_IZ_W06","Knowledge","Ma zaawansowaną wiedzę w zakresie informatyki, obejmującą technologie informacyjne, programowanie komputerów, projektowanie i implementację baz danych, baz wiedzy, hurtowni danych i analiz OLAP, technologie internetowe.","Bazy danych","PEU_W01","Nazywa i rozpoznaje obiekty relacyjnej bazy danych. Dobiera metody projektowania baz danych."
"K1_IZ_W06","Knowledge","Ma zaawansowaną wiedzę w zakresie informatyki, obejmującą technologie informacyjne, programowanie komputerów, projektowanie i implementację baz danych, baz wiedzy, hurtowni danych i analiz OLAP, technologie internetowe.","Bazy danych","PEU_W02","Opisuje i wymienia zasady implementacji strukturalnego języka zapytań w zakresie gromadzenia, przechowywania i wyświetlania danych"
"K1_IZ_W06","Knowledge","Ma zaawansowaną wiedzę w zakresie informatyki, obejmującą technologie informacyjne, programowanie komputerów, projektowanie i implementację baz danych, baz wiedzy, hurtowni danych i analiz OLAP, technologie internetowe.","E-gospodarka","PEU_W01","Wskazuje oraz opisuje technologie i rozwiązania IT, które mogą zostać wykorzystane w celu podniesienia efektywności działań organizacji w poszczególnych jej obszarach. Objaśnia także sposób funkcjonowania e-administracji oraz zalety jej stosowania.Przedstawia korzyści i zagrożenia wynikające ze stosowania poszczególnych rozwiązań gospodarki elektronicznej."
"K1_IZ_W06","Knowledge","Ma zaawansowaną wiedzę w zakresie informatyki, obejmującą technologie informacyjne, programowanie komputerów, projektowanie i implementację baz danych, baz wiedzy, hurtowni danych i analiz OLAP, technologie internetowe.","Hurtownie danych","PEU_W01","Identyfikuje i porządkuje wiedzę w zakresie projektowania, budowy i stosowania hurtowni danych w podejmowaniu wybranych decyzji biznesowych, w wybranym systemie zarządzania bazą danych."
"K1_IZ_W06","Knowledge","Ma zaawansowaną wiedzę w zakresie informatyki, obejmującą technologie informacyjne, programowanie komputerów, projektowanie i implementację baz danych, baz wiedzy, hurtowni danych i analiz OLAP, technologie internetowe.","Narzędzia informatyczne w podejmowaniu decyzji menedżerskich","PEU_W01","Identyfikuje i definiuje zasady budowy i stosowania narzędzi informatycznych, w tym analiz wielokryterialnych, w podejmowaniu decyzji w organizacji, w środowisku wybranych systemów informatycznych zarządzania, baz, hurtowni danych, OLAPi systemów BI (BIG DATA)."
"K1_IZ_W06","Knowledge","Ma zaawansowaną wiedzę w zakresie informatyki, obejmującą technologie informacyjne, programowanie komputerów, projektowanie i implementację baz danych, baz wiedzy, hurtowni danych i analiz OLAP, technologie internetowe.","Narzędzia informatyczne w podejmowaniu decyzji w usługach","PEU_W01","Identyfikuje i definiuje zasady budowy i stosowania narzędzi informatycznych, w tym analiz wielokryterialnych, w podejmowaniu decyzji w organizacji (z położeniem nacisku na usługi),w środowisku wybranych systemów informatycznych zarządzania, baz, hurtowni danych, OLAP i systemów BI (BIG DATA)."
"K1_IZ_W06","Knowledge","Ma zaawansowaną wiedzę w zakresie informatyki, obejmującą technologie informacyjne, programowanie komputerów, projektowanie i implementację baz danych, baz wiedzy, hurtowni danych i analiz OLAP, technologie internetowe.","Podstawy programowania","PEU_W01","Charakteryzuje zastosowania poszczególnych konstrukcji programowania strukturalnego i obiektowego na przykładzie środowisk programowania w językach takich jak VBA w Excelu i Python."
"K1_IZ_W06","Knowledge","Ma zaawansowaną wiedzę w zakresie informatyki, obejmującą technologie informacyjne, programowanie komputerów, projektowanie i implementację baz danych, baz wiedzy, hurtowni danych i analiz OLAP, technologie internetowe.","Technologie informacyjne","PEU_W01","Identyfikuje właściwe technologie, metody, techniki i narzędzia informatyczne do przetwarzania tekstów na potrzeby opisywania procesów ekonomicznych i wspomagania działania organizacji."
"K1_IZ_W06","Knowledge","Ma zaawansowaną wiedzę w zakresie informatyki, obejmującą technologie informacyjne, programowanie komputerów, projektowanie i implementację baz danych, baz wiedzy, hurtowni danych i analiz OLAP, technologie internetowe.","Technologie informacyjne","PEU_W02","Identyfikuje właściwe technologie, metody, techniki i narzędzia informatyczne do pozyskiwania, gromadzenia, analizowaniai prezentowania danych opisujących procesy ekonomiczne i dla rozwiązywania problemów zarządczych."
"K1_IZ_W06","Knowledge","Ma zaawansowaną wiedzę w zakresie informatyki, obejmującą technologie informacyjne, programowanie komputerów, projektowanie i implementację baz danych, baz wiedzy, hurtowni danych i analiz OLAP, technologie internetowe.","Technologie internetowe","PEU_W01","Wyjaśnia mechanizmy działania i zna narzędzia diagnostyki sieci komputerowych."
"K1_IZ_W06","Knowledge","Ma zaawansowaną wiedzę w zakresie informatyki, obejmującą technologie informacyjne, programowanie komputerów, projektowanie i implementację baz danych, baz wiedzy, hurtowni danych i analiz OLAP, technologie internetowe.","Technologie internetowe","PEU_W02","Rozpoznaje usługi dostawców rozwiązań serwerowychi aplikacyjnych oraz zna funkcje i zastosowania aplikacji do zarządzania treścią (CMS)."
"K1_IZ_W06","Knowledge","Ma zaawansowaną wiedzę w zakresie informatyki, obejmującą technologie informacyjne, programowanie komputerów, projektowanie i implementację baz danych, baz wiedzy, hurtowni danych i analiz OLAP, technologie internetowe.","Technologie internetowe","PEU_W03","Charakteryzuje znaczenie bezpieczeństwa w Internecie i zna mechanizmy jego zapewnienia."
"K1_IZ_W07","Knowledge","Ma zaawansowaną wiedzę w zakresie organizacji i funkcjonowania przedsiębiorstwa z zakresu logistyki, produkcji, marketingu, finansów i rachunkowości, personelu oraz jakości.","Marketing","PEU_W01","Charakteryzuje marketing jako koncepcję zarządzania, w szczególności w kontekście inżynierii zarządzania."
"K1_IZ_W07","Knowledge","Ma zaawansowaną wiedzę w zakresie organizacji i funkcjonowania przedsiębiorstwa z zakresu logistyki, produkcji, marketingu, finansów i rachunkowości, personelu oraz jakości.","Rachunkowość i finanse dla inżynierów","PEU_W01","Charakteryzuje zasady i reguły funkcjonowania rachunkowości w przedsiębiorstwie."
"K1_IZ_W07","Knowledge","Ma zaawansowaną wiedzę w zakresie organizacji i funkcjonowania przedsiębiorstwa z zakresu logistyki, produkcji, marketingu, finansów i rachunkowości, personelu oraz jakości.","Rachunkowość i finanse dla inżynierów","PEU_W02","Objaśnia kluczowe mechanizmy i narzędzia finansowe występujące w przedsiębiorstwie."
"K1_IZ_W07","Knowledge","Ma zaawansowaną wiedzę w zakresie organizacji i funkcjonowania przedsiębiorstwa z zakresu logistyki, produkcji, marketingu, finansów i rachunkowości, personelu oraz jakości.","Trening kierowniczy","PEU_W01","Rozpoznaje wzajemne zależności pomiędzy różnymi obszarami funkcjonalnymi organizacji gospodarczej oraz ich dynamikę."
"K1_IZ_W07","Knowledge","Ma zaawansowaną wiedzę w zakresie organizacji i funkcjonowania przedsiębiorstwa z zakresu logistyki, produkcji, marketingu, finansów i rachunkowości, personelu oraz jakości.","Trening kierowniczy","PEU_W02","Identyfikuje przyczyny rozbieżności pomiędzy prognozowanym a faktycznym stanem w procesie podejmowania decyzji menedżerskich w dynamicznym środowisku."
"K1_IZ_W07","Knowledge","Ma zaawansowaną wiedzę w zakresie organizacji i funkcjonowania przedsiębiorstwa z zakresu logistyki, produkcji, marketingu, finansów i rachunkowości, personelu oraz jakości.","Trening kierowniczy","PEU_W03","Rozróżnia wewnętrzne i zewnętrzne przyczyny niepowodzeń w procesie zarządzania symulowaną organizacją gospodarczą."
"K1_IZ_W07","Knowledge","Ma zaawansowaną wiedzę w zakresie organizacji i funkcjonowania przedsiębiorstwa z zakresu logistyki, produkcji, marketingu, finansów i rachunkowości, personelu oraz jakości.","Zarządzanie jakością","PEU_W01","Objaśnia istotę, modele i zasady systemów zarządzania jakością."
"K1_IZ_W07","Knowledge","Ma zaawansowaną wiedzę w zakresie organizacji i funkcjonowania przedsiębiorstwa z zakresu logistyki, produkcji, marketingu, finansów i rachunkowości, personelu oraz jakości.","Zarządzanie produkcją i logistyką","PEU_W01","Definiuje najważniejsze pojęcia, formułuje cele i określa strategie logistycznego zarządzania działalnością operacyjną oraz wskazuje jej powiązania z innymi obszarami funkcjonalnymi przedsiębiorstwa."
"K1_IZ_W07","Knowledge","Ma zaawansowaną wiedzę w zakresie organizacji i funkcjonowania przedsiębiorstwa z zakresu logistyki, produkcji, marketingu, finansów i rachunkowości, personelu oraz jakości.","Zarządzanie zasobami ludzkimi","PEU_W01","Charakteryzuje istotę zarządzania zasobami ludzkimi w organizacji. Charakteryzuje cele i uwarunkowania procesu zarządzania zasobami ludzkimi. Charakteryzuje zasady i instrumenty stosowane w doborze personelu, rozwoju, ocenie i wynagradzaniu pracowników oraz wyjaśnia uwarunkowania ich skutecznego stosowania."
"K1_IZ_W07","Knowledge","Ma zaawansowaną wiedzę w zakresie organizacji i funkcjonowania przedsiębiorstwa z zakresu logistyki, produkcji, marketingu, finansów i rachunkowości, personelu oraz jakości.","Zarządzanie zasobami ludzkimi","PEU_W02","Wyjaśnia istotę, znaczenie i formy działań zespołowych,a w szczególności prowadzonych w formie projektu. Charakteryzuje i interpretuje zasady budowania zespołów oraz objaśnia warunkii zasady ich funkcjonowania. Charakteryzuje role lidera i członków zespołu."
"K1_IZ_W07","Knowledge","Ma zaawansowaną wiedzę w zakresie organizacji i funkcjonowania przedsiębiorstwa z zakresu logistyki, produkcji, marketingu, finansów i rachunkowości, personelu oraz jakości.","Zarządzanie zasobami ludzkimi","PEU_W03","Wyjaśnia metody diagnozowania i usprawniania procesu zarządzania zasobami ludzkimi. Charakteryzuje standardy postępowania oraz innowacyjne metody doskonalenia funkcji personalnej w poszczególnych obszarach zarządzania zasobami ludzkimi."
"K1_IZ_W08","Knowledge","Ma zaawansowaną wiedzę w zakresie narzędzi i technologii implementacji SIZ, modelowania procesów biznesowych, inżynierii zarządzania projektami, a także obejmującą kluczowe zagadnienia w zakresie zastosowania IT w biznesie.","Systemy informatyczne zarządzania","PEU_W01","Klasyfikuje SIZ opisując charakterystyczne funkcjonalności i cechy każdego z nich, przedstawia historię i kierunki rozwoju SIZ."
"K1_IZ_W08","Knowledge","Ma zaawansowaną wiedzę w zakresie narzędzi i technologii implementacji SIZ, modelowania procesów biznesowych, inżynierii zarządzania projektami, a także obejmującą kluczowe zagadnienia w zakresie zastosowania IT w biznesie.","Wymagania Systemów Informacyjnych Zarządzania","PEU_W01","Identyfikuje narzędzia i technologie implementacji SIZ, definiuje kluczowe zagadnienia w zakresie zastosowania IT w biznesie."
"K1_IZ_W08","Knowledge","Ma zaawansowaną wiedzę w zakresie narzędzi i technologii implementacji SIZ, modelowania procesów biznesowych, inżynierii zarządzania projektami, a także obejmującą kluczowe zagadnienia w zakresie zastosowania IT w biznesie.","Wymagania Systemów Informacyjnych Zarządzania","PEU_W02","Charakteryzuje cykl życia i eksploatacji systemów technicznych - informatycznych, systemów społecznych - przedsiębiorstw, realizowanych przedsięwzięć, w tym w zakresie analizy wymagań i zarządzania procesami informatyzacji."
"K1_IZ_W08","Knowledge","Ma zaawansowaną wiedzę w zakresie narzędzi i technologii implementacji SIZ, modelowania procesów biznesowych, inżynierii zarządzania projektami, a także obejmującą kluczowe zagadnienia w zakresie zastosowania IT w biznesie.","Zarządzanie procesami informatyzacji","PEU_W02","Objaśnia metody szacowania wielkości aplikacji i szacowania nakładów."
"K1_IZ_W09","Knowledge","Ma zaawansowaną wiedzę w zakresie zarządzania i funkcjonowania przedsiębiorstw, innowacji i przedsiębiorczości inżynierskiej.","Innowacje i przedsiębiorczość inżynierska","PEU_W01","Porządkuje i objaśnia wiedzę dotyczącą działania przedsiębiorstwa w obszarze formułowania i implementacji innowacji (technicznej, technologicznej, społecznej, itd.) oraz przedsiębiorczości.Identyfikuje i wyjaśnia wiedzę dotyczącą czynników wspierających rozwój innowacji i budowania zdolności przedsiębiorczych inżyniera."
"K1_IZ_W09","Knowledge","Ma zaawansowaną wiedzę w zakresie zarządzania i funkcjonowania przedsiębiorstw, innowacji i przedsiębiorczości inżynierskiej.","Podstawy inwentyki inżynierskiej","PEU_W01","Tłumaczy pojęcia związane z inwentyką, innowacjami i wynalazczością."
"K1_IZ_W09","Knowledge","Ma zaawansowaną wiedzę w zakresie zarządzania i funkcjonowania przedsiębiorstw, innowacji i przedsiębiorczości inżynierskiej.","Praca inżynierska","PEU_W01","Objaśnia funkcjonowanie wybranego działu (procesu) organizacji (przedsiębiorstwa) w zakresie jednego lub kilku obszarów będącego/będących obiektem badań w pracy dyplomoweji identyfikuje problemy zarządzania właściwe dla tych obszarów."
"K1_IZ_W10","Knowledge","Ma zaawansowaną wiedzę w zakresie procesów biznesowych, obejmującą notacje i metodologię modelowania procesów biznesowych, analizę i projektowanie procesów biznesowych.","Implementacja procesów biznesowych","PEU_W01","Identyfikuje cykl życia procesu biznesowego, analizuje procesy, modeluje je i wdraża."
"K1_IZ_W10","Knowledge","Ma zaawansowaną wiedzę w zakresie procesów biznesowych, obejmującą notacje i metodologię modelowania procesów biznesowych, analizę i projektowanie procesów biznesowych.","Notacje procesów biznesowych","PEU_W01","Charakteryzuje dwie najpopularniejsze notacje wykorzystywane do modelowania procesów biznesowych (ARIS, BPMN) oraz zasady modelowania procesów biznesowych."
"K1_IZ_W10","Knowledge","Ma zaawansowaną wiedzę w zakresie procesów biznesowych, obejmującą notacje i metodologię modelowania procesów biznesowych, analizę i projektowanie procesów biznesowych.","Symulacja systemów","PEU_W01","Charakteryzuje i objaśnia przebieg badania symulacyjnego zastosowany do modelowania i analizy procesów biznesowych."
"K1_IZ_W11","Knowledge","Ma zaawansowaną wiedzę w zakresie zarządzania projektami we wszystkich etapach ich realizacji, zna metodyki zarządzania projektami, standardowe i dedykowane narzędzia informatyczne wspierające zarządzanie projektami, w tym narzędzia open source dla MSP.","Controlling projektu","PEU_W01","Objaśnia istotę i odmiany controllingu projektów. Wskazuje uwarunkowania wdrażania controllingu projektów w organizacji. Charakteryzuje rozwiązania organizacyjne i instrumentalne controllingu projektów."
"K1_IZ_W11","Knowledge","Ma zaawansowaną wiedzę w zakresie zarządzania projektami we wszystkich etapach ich realizacji, zna metodyki zarządzania projektami, standardowe i dedykowane narzędzia informatyczne wspierające zarządzanie projektami, w tym narzędzia open source dla MSP.","Metodyki zarządzania projektem","PEU_W01","Charakteryzuje wybrane metodyki zarządzania projektami (tradycyjne, adaptacyjne i hybrydowe) oraz odpowiednie narzędzia informatyczne wspierające zarządzanie projektami na różnych etapach ich realizacji w ramach poszczególnych metodyk"
"K1_IZ_W11","Knowledge","Ma zaawansowaną wiedzę w zakresie zarządzania projektami we wszystkich etapach ich realizacji, zna metodyki zarządzania projektami, standardowe i dedykowane narzędzia informatyczne wspierające zarządzanie projektami, w tym narzędzia open source dla MSP.","Podstawy zarządzania projektem","PEU_W01","Definiuje projekt i jego cechy, wyjaśnia kluczowe procesy w ramach zarządzania projektem (w tym inicjowanie, planowanie, monitorowanie, zamykanie projektu), a także wylicza metodykii narzędzia wspierające te procesy."
"K1_IZ_W11","Knowledge","Ma zaawansowaną wiedzę w zakresie zarządzania projektami we wszystkich etapach ich realizacji, zna metodyki zarządzania projektami, standardowe i dedykowane narzędzia informatyczne wspierające zarządzanie projektami, w tym narzędzia open source dla MSP.","Studium wykonalności projektów infrastrukturalnych","PEU_W02","Identyfikuje etapy zarządzania projektem oraz planowania jego realizacji. Wyjaśnia elementy poszczególnych analiz, metodi narzędzi umożliwiających przeprowadzenie pełnej analizy celem opracowania studium wykonalności (np. metody efektywności społeczno-ekonomiczno-ekologicznej)."
"K1_IZ_W12","Knowledge","Ma zaawansowaną wiedzę w zakresie trendów rozwojowych dotyczących zastosowania IT w biznesie.","Technologie internetowe","PEU_W04","Identyfikuje zastosowania technologii internetowych w organizacji, obecne i przyszłościowe (trendy rozwojowe)."
"K1_IZ_W12","Knowledge","Ma zaawansowaną wiedzę w zakresie trendów rozwojowych dotyczących zastosowania IT w biznesie.","Zarządzanie procesami informatyzacji","PEU_W03","Opisuje metody formułowania uzasadnienia biznesowego projektu informatycznego."
"K1_IZ_W12","Knowledge","Ma zaawansowaną wiedzę w zakresie trendów rozwojowych dotyczących zastosowania IT w biznesie.","Zarządzanie procesami informatyzacji","PEU_W04","Charakteryzuje modele i standardy dopasowania informatyzacji do strategii organizacji."
"K1_IZ_W13","Knowledge","Ma zaawansowaną wiedzę w zakresie trendów rozwojowych z zakresu nauk o zarządzaniu.","Organizacja i zarządzanie","PEU_W02","Opisuje trendy rozwojowe z zakresu nauk o zarządzaniu."
"K1_IZ_W13","Knowledge","Ma zaawansowaną wiedzę w zakresie trendów rozwojowych z zakresu nauk o zarządzaniu.","Organizacja i zarządzanie","PEU_W03","Identyfikuje typowe problemy zarządzania."
"K1_IZ_W14","Knowledge","Ma zaawansowaną wiedzę w zakresie cyklu życia i eksploatacji systemów technicznych - informatycznych, systemów społecznych - przedsiębiorstw, realizowanych przedsięwzięć, w tym w zakresie analizy wymagań i zarządzania procesami informatyzacji.","Analiza systemowa i inżynieria systemów","PEU_W02","Przedstawia i rozróżnia schematy postępowania w analizie systemowej (w tym w analizie wymagań systemu) oraz zasady i etapy procesu inżynierii systemów, ze szczególnym uwzględnieniem organizacji jako systemu."
"K1_IZ_W14","Knowledge","Ma zaawansowaną wiedzę w zakresie cyklu życia i eksploatacji systemów technicznych - informatycznych, systemów społecznych - przedsiębiorstw, realizowanych przedsięwzięć, w tym w zakresie analizy wymagań i zarządzania procesami informatyzacji.","Analiza systemowa i inżynieria systemów","PEU_W03","Rozpoznaje, charakteryzuje i dobiera metody analizy systemowej i inżynierii systemów, w tym w odniesieniu do cyklu życia systemów."
"K1_IZ_W14","Knowledge","Ma zaawansowaną wiedzę w zakresie cyklu życia i eksploatacji systemów technicznych - informatycznych, systemów społecznych - przedsiębiorstw, realizowanych przedsięwzięć, w tym w zakresie analizy wymagań i zarządzania procesami informatyzacji.","Wymagania Systemów Informacyjnych Zarządzania","PEU_W01","Identyfikuje narzędzia i technologie implementacji SIZ, definiuje kluczowe zagadnienia w zakresie zastosowania IT w biznesie."
"K1_IZ_W14","Knowledge","Ma zaawansowaną wiedzę w zakresie cyklu życia i eksploatacji systemów technicznych - informatycznych, systemów społecznych - przedsiębiorstw, realizowanych przedsięwzięć, w tym w zakresie analizy wymagań i zarządzania procesami informatyzacji.","Zarządzanie procesami informatyzacji","PEU_W01","Identyfikuje modele cyklu życia oprogramowania."
"K1_IZ_W14","Knowledge","Ma zaawansowaną wiedzę w zakresie cyklu życia i eksploatacji systemów technicznych - informatycznych, systemów społecznych - przedsiębiorstw, realizowanych przedsięwzięć, w tym w zakresie analizy wymagań i zarządzania procesami informatyzacji.","Zarządzanie procesami informatyzacji","PEU_W04","Charakteryzuje modele i standardy dopasowania informatyzacji do strategii organizacji."
"K1_IZ_W15","Knowledge","Ma zaawansowaną wiedzę w zakresie metod, technik, narzędzi matematycznych stosowanych przy rozwiązywaniu zadań inżynierskich w zakresie zastosowania IT w biznesie.","Analityka menedżerska","PEU_W01","Wyjaśnia istotę analityki deskryptywnej, predykcyjneji preskryptywnej. Charakteryzuje etapy metodyki CRISP rozwiązywania problemów biznesowych w oparciu o dane. Objaśnia założenia metodyczne tworzenia wizualizacji, pulpitów menedżerskich i prezentacji wyników analizy danych biznesowych."
"K1_IZ_W15","Knowledge","Ma zaawansowaną wiedzę w zakresie metod, technik, narzędzi matematycznych stosowanych przy rozwiązywaniu zadań inżynierskich w zakresie zastosowania IT w biznesie.","Analiza i prezentacja danych biznesowych","PEU_W01","Wyjaśnia istotę analityki deskryptywnej, predykcyjneji preskryptywnej. Charakteryzuje etapy metodyki projektowania pulpitów menedżerskich. Opisuje założenia metodyczne tworzenia wizualizacji i prezentacji danych biznesowych."
"K1_IZ_W15","Knowledge","Ma zaawansowaną wiedzę w zakresie metod, technik, narzędzi matematycznych stosowanych przy rozwiązywaniu zadań inżynierskich w zakresie zastosowania IT w biznesie.","Badania operacyjne","PEU_W01","Wybiera właściwy model matematyczny dla problemów decyzyjnych w organizacjach."
"K1_IZ_W15","Knowledge","Ma zaawansowaną wiedzę w zakresie metod, technik, narzędzi matematycznych stosowanych przy rozwiązywaniu zadań inżynierskich w zakresie zastosowania IT w biznesie.","Badania operacyjne","PEU_W02","Opisuje algorytmy stosowane w badaniach operacyjnych."
"K1_IZ_W15","Knowledge","Ma zaawansowaną wiedzę w zakresie metod, technik, narzędzi matematycznych stosowanych przy rozwiązywaniu zadań inżynierskich w zakresie zastosowania IT w biznesie.","Diagnostyka ergonomiczna i projektowanie stanowisk pracy","PEU_W01","Potrafi zidentyfikować problemy ergonomicznego projektowania"
"K1_IZ_W15","Knowledge","Ma zaawansowaną wiedzę w zakresie metod, technik, narzędzi matematycznych stosowanych przy rozwiązywaniu zadań inżynierskich w zakresie zastosowania IT w biznesie.","Doskonalenie systemów informacyjnych organizacji","PEU_W01","Identyfikuje cele, mechanizmy funkcjonowania i charakterystyki zintegrowanych systemów informatycznych zarządzania"
"K1_IZ_W15","Knowledge","Ma zaawansowaną wiedzę w zakresie metod, technik, narzędzi matematycznych stosowanych przy rozwiązywaniu zadań inżynierskich w zakresie zastosowania IT w biznesie.","Logika pragmatyczna dla inżynierów","PEU_W01","Wymienia i charakteryzuje pojęcia z zakresu logiki, teorii zbiorów i relacji."
"K1_IZ_W15","Knowledge","Ma zaawansowaną wiedzę w zakresie metod, technik, narzędzi matematycznych stosowanych przy rozwiązywaniu zadań inżynierskich w zakresie zastosowania IT w biznesie.","Metody matematyczne – optymalizacja decyzji","PEU_W01","Identyfikuje praktyczne problemy optymalizacyjne w organizacjach i sposoby ich modelowania"
"K1_IZ_W15","Knowledge","Ma zaawansowaną wiedzę w zakresie metod, technik, narzędzi matematycznych stosowanych przy rozwiązywaniu zadań inżynierskich w zakresie zastosowania IT w biznesie.","Metody optymalizacji","PEU_W01","Wybiera właściwy model matematyczny dla problemów optymalizacyjnych w organizacjach."
"K1_IZ_W15","Knowledge","Ma zaawansowaną wiedzę w zakresie metod, technik, narzędzi matematycznych stosowanych przy rozwiązywaniu zadań inżynierskich w zakresie zastosowania IT w biznesie.","Metody optymalizacji","PEU_W02","Opisuje kluczowe algorytmy stosowane w optymalizacji."
"K1_IZ_W15","Knowledge","Ma zaawansowaną wiedzę w zakresie metod, technik, narzędzi matematycznych stosowanych przy rozwiązywaniu zadań inżynierskich w zakresie zastosowania IT w biznesie.","Modelowanie statystyczne","PEU_W02","Identyfikuje i dobiera procedury języka R do obliczeń statystycznych."
"K1_IZ_W15","Knowledge","Ma zaawansowaną wiedzę w zakresie metod, technik, narzędzi matematycznych stosowanych przy rozwiązywaniu zadań inżynierskich w zakresie zastosowania IT w biznesie.","Proces generowania i wdrażania innowacji","PEU_W01","Przedstawia ogólną dotyczącą zarządzania i funkcjonowania przedsiębiorstw, innowacji i przedsiębiorczości inżynierskiej."
"K1_IZ_W15","Knowledge","Ma zaawansowaną wiedzę w zakresie metod, technik, narzędzi matematycznych stosowanych przy rozwiązywaniu zadań inżynierskich w zakresie zastosowania IT w biznesie.","Projektowanie wizualnego przekazu marketingowego","PEU_W01","Potrafi zidentyfikować kluczowe problemy związanez projektowaniem wizualnego przekazu marketingowego"
"K1_IZ_W15","Knowledge","Ma zaawansowaną wiedzę w zakresie metod, technik, narzędzi matematycznych stosowanych przy rozwiązywaniu zadań inżynierskich w zakresie zastosowania IT w biznesie.","Statystyka dla inżynierów","PEU_W02","Identyfikuje i dobiera procedury języka R do obliczeń statystycznych."
"K1_IZ_W15","Knowledge","Ma zaawansowaną wiedzę w zakresie metod, technik, narzędzi matematycznych stosowanych przy rozwiązywaniu zadań inżynierskich w zakresie zastosowania IT w biznesie.","Teoria i praktyka twórczości inżynierskiej","PEU_W02","Klasyfikuje i porządkuje techniki pomocne w rozwiązywaniu problemów w przedsiębiorstwie."
"K1_IZ_W15","Knowledge","Ma zaawansowaną wiedzę w zakresie metod, technik, narzędzi matematycznych stosowanych przy rozwiązywaniu zadań inżynierskich w zakresie zastosowania IT w biznesie.","Wprowadzenie do optymalizacji","PEU_W01","Charakteryzuje metody matematyczne stosowane w optymalizacji, takie jak rachunek macierzowy, układy równań liniowych oraz wyznaczanie ekstremów funkcji"
"K1_IZ_W15","Knowledge","Ma zaawansowaną wiedzę w zakresie metod, technik, narzędzi matematycznych stosowanych przy rozwiązywaniu zadań inżynierskich w zakresie zastosowania IT w biznesie.","Wprowadzenie do optymalizacji","PEU_W02","Charakteryzuje rodzaje i własności modeli optymalizacyjnych, w szczególności wypukłych modeli optymalizacyjnych"
"K1_IZ_W16","Knowledge","Ma zaawansowaną wiedzę w zakresie metod, technik, narzędzi informatycznych i matematycznych stosowanych przy rozwiązywaniu problemów o charakterze inżynierskim w zarządzaniu.","Analityka menedżerska","PEU_W01","Wyjaśnia istotę analityki deskryptywnej, predykcyjneji preskryptywnej. Charakteryzuje etapy metodyki CRISP rozwiązywania problemów biznesowych w oparciu o dane. Objaśnia założenia metodyczne tworzenia wizualizacji, pulpitów menedżerskich i prezentacji wyników analizy danych biznesowych."
"K1_IZ_W16","Knowledge","Ma zaawansowaną wiedzę w zakresie metod, technik, narzędzi informatycznych i matematycznych stosowanych przy rozwiązywaniu problemów o charakterze inżynierskim w zarządzaniu.","Analiza i prezentacja danych biznesowych","PEU_W01","Wyjaśnia istotę analityki deskryptywnej, predykcyjneji preskryptywnej. Charakteryzuje etapy metodyki projektowania pulpitów menedżerskich. Opisuje założenia metodyczne tworzenia wizualizacji i prezentacji danych biznesowych."
"K1_IZ_W16","Knowledge","Ma zaawansowaną wiedzę w zakresie metod, technik, narzędzi informatycznych i matematycznych stosowanych przy rozwiązywaniu problemów o charakterze inżynierskim w zarządzaniu.","Bazy danych","PEU_W02","Opisuje i wymienia zasady implementacji strukturalnego języka zapytań w zakresie gromadzenia, przechowywania i wyświetlania danych"
"K1_IZ_W16","Knowledge","Ma zaawansowaną wiedzę w zakresie metod, technik, narzędzi informatycznych i matematycznych stosowanych przy rozwiązywaniu problemów o charakterze inżynierskim w zarządzaniu.","Hurtownie danych","PEU_W01","Identyfikuje i porządkuje wiedzę w zakresie projektowania, budowy i stosowania hurtowni danych w podejmowaniu wybranych decyzji biznesowych, w wybranym systemie zarządzania bazą danych."
"K1_IZ_W16","Knowledge","Ma zaawansowaną wiedzę w zakresie metod, technik, narzędzi informatycznych i matematycznych stosowanych przy rozwiązywaniu problemów o charakterze inżynierskim w zarządzaniu.","Podstawy programowania","PEU_W02","Dobiera konstrukcje dostępne w poszczególnych językach do potrzeb automatyzacji zadań przetwarzania informacjiw programach użytkowych np. MS Excel w tym wymagające konstrukcji interfejsu użytkownika."
"K1_IZ_W16","Knowledge","Ma zaawansowaną wiedzę w zakresie metod, technik, narzędzi informatycznych i matematycznych stosowanych przy rozwiązywaniu problemów o charakterze inżynierskim w zarządzaniu.","Praca inżynierska","PEU_W02","Identyfikuje metody i techniki inżynierskie właściwe dla rozwiązania problemu menedżerskiego podjętego w pracy dyplomowej oraz dobiera i stosuje właściwe narzędzia informatyczne i/lub matematyczne o charakterze inżynierskim"
"K1_IZ_W16","Knowledge","Ma zaawansowaną wiedzę w zakresie metod, technik, narzędzi informatycznych i matematycznych stosowanych przy rozwiązywaniu problemów o charakterze inżynierskim w zarządzaniu.","Systemy analityczne","PEU_W01","Wyjaśnia istotę analityki predykcyjnej opartej na uczeniu maszynowym, wskazuje różnice między statystycznymi modelami predykcyjnymi i predykcją opartą na uczeniu maszynowym.Objaśnia podejścia do walidacji oraz problematykę interpretowalności wyników analizy predykcyjnej. Charakteryzuje podejścia do analizy danych niedoskonałych. Objaśnia założenia i wybrane techniki analityki tekstu i analizy wydźwięku, w tym podejścia oparte na generatywnej sztucznej inteligencji"
"K1_IZ_W16","Knowledge","Ma zaawansowaną wiedzę w zakresie metod, technik, narzędzi informatycznych i matematycznych stosowanych przy rozwiązywaniu problemów o charakterze inżynierskim w zarządzaniu.","Techniki eksploracji danych","PEU_W01","Rozróżnia rodzaje danych."
"K1_IZ_W16","Knowledge","Ma zaawansowaną wiedzę w zakresie metod, technik, narzędzi informatycznych i matematycznych stosowanych przy rozwiązywaniu problemów o charakterze inżynierskim w zarządzaniu.","Techniki eksploracji danych","PEU_W02","Identyfikuje techniki i modele eksploracji danych do odpowiednich problemów i danych."
"K1_IZ_W16","Knowledge","Ma zaawansowaną wiedzę w zakresie metod, technik, narzędzi informatycznych i matematycznych stosowanych przy rozwiązywaniu problemów o charakterze inżynierskim w zarządzaniu.","Techniki eksploracji danych","PEU_W03","Objaśnia działanie modeli technik eksploracji danych."
"K1_IZ_W16","Knowledge","Ma zaawansowaną wiedzę w zakresie metod, technik, narzędzi informatycznych i matematycznych stosowanych przy rozwiązywaniu problemów o charakterze inżynierskim w zarządzaniu.","Technologie informacyjne","PEU_W01","Identyfikuje właściwe technologie, metody, techniki i narzędzia informatyczne do przetwarzania tekstów na potrzeby opisywania procesów ekonomicznych i wspomagania działania organizacji."
"K1_IZ_W16","Knowledge","Ma zaawansowaną wiedzę w zakresie metod, technik, narzędzi informatycznych i matematycznych stosowanych przy rozwiązywaniu problemów o charakterze inżynierskim w zarządzaniu.","Technologie informacyjne","PEU_W02","Identyfikuje właściwe technologie, metody, techniki i narzędzia informatyczne do pozyskiwania, gromadzenia, analizowaniai prezentowania danych opisujących procesy ekonomiczne i dla rozwiązywania problemów zarządczych."
"K1_IZ_W16","Knowledge","Ma zaawansowaną wiedzę w zakresie metod, technik, narzędzi informatycznych i matematycznych stosowanych przy rozwiązywaniu problemów o charakterze inżynierskim w zarządzaniu.","Uczenie maszynowe","PEU_W01","Rozróżnia rodzaje danych."
"K1_IZ_W16","Knowledge","Ma zaawansowaną wiedzę w zakresie metod, technik, narzędzi informatycznych i matematycznych stosowanych przy rozwiązywaniu problemów o charakterze inżynierskim w zarządzaniu.","Uczenie maszynowe","PEU_W02","Identyfikuje techniki i modele eksploracji danych do odpowiednich problemów i danych."
"K1_IZ_W16","Knowledge","Ma zaawansowaną wiedzę w zakresie metod, technik, narzędzi informatycznych i matematycznych stosowanych przy rozwiązywaniu problemów o charakterze inżynierskim w zarządzaniu.","Uczenie maszynowe","PEU_W03","Objaśnia działanie modeli technik eksploracji danych."
"K1_IZ_W17","Knowledge","Ma zaawansowaną wiedzę w zakresie metod, technik, narzędzi informatycznych o charakterze inżynierskim służących do modelowania procesów biznesowych, a w szczególności notacje i modelowanie procesów biznesowych.","Implementacja procesów biznesowych","PEU_W02","Charakteryzuje zasady modelowania i implementacji procesów biznesowych w wybranych narzędziach, odpowiednio dobiera narzędzia do celu i zakresu modelowania."
"K1_IZ_W17","Knowledge","Ma zaawansowaną wiedzę w zakresie metod, technik, narzędzi informatycznych o charakterze inżynierskim służących do modelowania procesów biznesowych, a w szczególności notacje i modelowanie procesów biznesowych.","Notacje procesów biznesowych","PEU_W01","Charakteryzuje dwie najpopularniejsze notacje wykorzystywane do modelowania procesów biznesowych (ARIS, BPMN) oraz zasady modelowania procesów biznesowych."
"K1_IZ_W17","Knowledge","Ma zaawansowaną wiedzę w zakresie metod, technik, narzędzi informatycznych o charakterze inżynierskim służących do modelowania procesów biznesowych, a w szczególności notacje i modelowanie procesów biznesowych.","Symulacja systemów","PEU_W02","Rozróżnia i opisuje wybrane metody, techniki i narzędzia informatyczne stosowane w modelowaniu symulacyjnym procesów biznesowych."
"K1_IZ_W18","Knowledge","Ma zaawansowaną wiedzę w zakresie metod, technik, narzędzi informatycznych i matematycznych stosowanych przy rozwiązywaniu problemów o charakterze inżynierskim w zarządzaniu projektami.","Metodyki zarządzania projektem","PEU_W02","Charakteryzuje zaawansowane metody, techniki oraz narzędzia informatyczne i matematyczne stosowane w rozwiązywaniu problemów inżynierskich w zarządzaniu projektami, wskazuje ich zastosowanie na różnych etapach projektu oraz ich rolęw usprawnianiu procesów zarządzania projektami"
"K1_IZ_W18","Knowledge","Ma zaawansowaną wiedzę w zakresie metod, technik, narzędzi informatycznych i matematycznych stosowanych przy rozwiązywaniu problemów o charakterze inżynierskim w zarządzaniu projektami.","Podstawy zarządzania projektem","PEU_W02","Charakteryzuje metody, techniki oraz narzędzia informatycznei matematyczne stosowane w identyfikacji, analizie i optymalizacji problemów inżynierskich w zarządzaniu projektami; rozpoznaje ich zastosowanie w kontekście inicjowania, planowania, monitorowania i zamykania projektów."
"K1_IZ_W19","Knowledge","Ma zaawansowaną wiedzę niezbędną do rozumienia społecznych, ekonomicznych, prawnych, psychologicznych i humanistycznych uwarunkowań działalności inżynierskiej. Zna i rozumie fundamentalne dylematy współczesnej cywilizacji.","Antropologia stosowana","PEU_W01","Określa prawidłowości zachowań organizacyjnych i ich uwarunkowania. Zna zasady budowania i funkcjonowania zespołów oraz czynniki wpływające na ich sprawność. Opisuje pojęcie kultury organizacyjnej i jej znaczenie w zarządzaniu. Zna kluczowe środkii systemy komunikacji w organizacjach oraz cechy sprawnego procesu komunikacji."
"K1_IZ_W19","Knowledge","Ma zaawansowaną wiedzę niezbędną do rozumienia społecznych, ekonomicznych, prawnych, psychologicznych i humanistycznych uwarunkowań działalności inżynierskiej. Zna i rozumie fundamentalne dylematy współczesnej cywilizacji.","Efektywna praca w zespole","PEU_W01","Identyfikuje i objaśnia psychologiczne mechanizmy i procesy pracy zespołowej w organizacji."
"K1_IZ_W19","Knowledge","Ma zaawansowaną wiedzę niezbędną do rozumienia społecznych, ekonomicznych, prawnych, psychologicznych i humanistycznych uwarunkowań działalności inżynierskiej. Zna i rozumie fundamentalne dylematy współczesnej cywilizacji.","Etyka stosowana","PEU_W02","Poprawnie definiuje i objaśnia dylemat etyczny. Trafnie identyfikuje i kategoryzuje etyczne dylematy współczesnej cywilizacji."
"K1_IZ_W19","Knowledge","Ma zaawansowaną wiedzę niezbędną do rozumienia społecznych, ekonomicznych, prawnych, psychologicznych i humanistycznych uwarunkowań działalności inżynierskiej. Zna i rozumie fundamentalne dylematy współczesnej cywilizacji.","Komunikacja interpersonalna","PEU_W01","Identyfikuje społeczne i psychologiczne uwarunkowania działalności zawodowej w obszarze komunikacji z ludźmi. Opisuje modele komunikacji interpersonalnej."
"K1_IZ_W19","Knowledge","Ma zaawansowaną wiedzę niezbędną do rozumienia społecznych, ekonomicznych, prawnych, psychologicznych i humanistycznych uwarunkowań działalności inżynierskiej. Zna i rozumie fundamentalne dylematy współczesnej cywilizacji.","Mediacje i elementy negocjacji","PEU_W01","Identyfikuje zjawiska związane z dysponowaniem pogłębioną wiedzą z zakresu społeczno-humanistycznych badań nad podstawami działań zawodowych inżyniera oraz nad kluczowymi obszarami problematycznymi ludzkiego życia w XXI wieku."
"K1_IZ_W19","Knowledge","Ma zaawansowaną wiedzę niezbędną do rozumienia społecznych, ekonomicznych, prawnych, psychologicznych i humanistycznych uwarunkowań działalności inżynierskiej. Zna i rozumie fundamentalne dylematy współczesnej cywilizacji.","Metody radzenia sobie ze stresem","PEU_W01","Rozpoznaje źródła i psychologiczne mechanizmy działania stresu w pracy."
"K1_IZ_W19","Knowledge","Ma zaawansowaną wiedzę niezbędną do rozumienia społecznych, ekonomicznych, prawnych, psychologicznych i humanistycznych uwarunkowań działalności inżynierskiej. Zna i rozumie fundamentalne dylematy współczesnej cywilizacji.","Prawo dla inżynierów","PEU_W01","Identyfikuje miejsce i rolę przedsiębiorcy, w różnego rodzaju stosunkach prawnych, w szczególności w warunkach gospodarki rynkowej i swobody gospodarczej."
"K1_IZ_W19","Knowledge","Ma zaawansowaną wiedzę niezbędną do rozumienia społecznych, ekonomicznych, prawnych, psychologicznych i humanistycznych uwarunkowań działalności inżynierskiej. Zna i rozumie fundamentalne dylematy współczesnej cywilizacji.","Rozwijanie kompetencji menedżerskich","PEU_W01","Objaśnia prawidłowości zachowań organizacyjnych i ich uwarunkowania. Rozróżnia rolę różnych kompetencji menedżerskich dla efektywnego kierowania ludźmi i organizacjami.Identyfikuje zasady wykorzystania kompetencji menedżerskich w celu podnoszenia sprawności zespołów. Wyjaśnia znaczenie efektywnej komunikacji w różnych formach kierowania np. indywidualnej, grupowej, wirtualnej."
"K1_IZ_W19","Knowledge","Ma zaawansowaną wiedzę niezbędną do rozumienia społecznych, ekonomicznych, prawnych, psychologicznych i humanistycznych uwarunkowań działalności inżynierskiej. Zna i rozumie fundamentalne dylematy współczesnej cywilizacji.","Rozwijanie kompetencji poznawczych i decyzyjnych","PEU_W01","Rozpoznaje i określa prawidłowości procesów decyzyjnych człowieka."
"K1_IZ_W19","Knowledge","Ma zaawansowaną wiedzę niezbędną do rozumienia społecznych, ekonomicznych, prawnych, psychologicznych i humanistycznych uwarunkowań działalności inżynierskiej. Zna i rozumie fundamentalne dylematy współczesnej cywilizacji.","Rozwijanie kompetencji społecznych","PEU_W01","Identyfikuje i wyjaśnia psychologiczne determinanty działań zespołowych i aktywności inżynierskiej."
"K1_IZ_W19","Knowledge","Ma zaawansowaną wiedzę niezbędną do rozumienia społecznych, ekonomicznych, prawnych, psychologicznych i humanistycznych uwarunkowań działalności inżynierskiej. Zna i rozumie fundamentalne dylematy współczesnej cywilizacji.","Storytelling","PEU_W02","Rozpoznaje narracyjne elementy komunikacji społecznej będące podstawą konstruowania wartości i rozpoznawalności marki."
"K1_IZ_W19","Knowledge","Ma zaawansowaną wiedzę niezbędną do rozumienia społecznych, ekonomicznych, prawnych, psychologicznych i humanistycznych uwarunkowań działalności inżynierskiej. Zna i rozumie fundamentalne dylematy współczesnej cywilizacji.","Techniki prezentacji","PEU_W01","Objaśnia pojęcia i mechanizmy psychologiczne związane z komunikacją interpersonalną i autoprezentacją."
"K1_IZ_W19","Knowledge","Ma zaawansowaną wiedzę niezbędną do rozumienia społecznych, ekonomicznych, prawnych, psychologicznych i humanistycznych uwarunkowań działalności inżynierskiej. Zna i rozumie fundamentalne dylematy współczesnej cywilizacji.","Techniki prezentacji","PEU_W02","Identyfikuje techniki i narzędzia służące do prezentowania własnych i zespołowych rozwiązań i osiągnięć naukowych, technicznych i biznesowych."
"K1_IZ_W19","Knowledge","Ma zaawansowaną wiedzę niezbędną do rozumienia społecznych, ekonomicznych, prawnych, psychologicznych i humanistycznych uwarunkowań działalności inżynierskiej. Zna i rozumie fundamentalne dylematy współczesnej cywilizacji.","Współczesne dylematy menedżerskie","PEU_W02","Przedstawia i wyjaśnia najważniejsze dylematy współczesnej cywilizacji."
"K1_IZ_W19","Knowledge","Ma zaawansowaną wiedzę niezbędną do rozumienia społecznych, ekonomicznych, prawnych, psychologicznych i humanistycznych uwarunkowań działalności inżynierskiej. Zna i rozumie fundamentalne dylematy współczesnej cywilizacji.","Zarządzanie różnorodnością i inkluzją","PEU_W01","Charakteryzuje i identyfikuje prawidłowości zachowań organizacyjnych i ich uwarunkowań w kontekście różnorodności społecznej, prawnej oraz kulturowej."
"K1_IZ_W19","Knowledge","Ma zaawansowaną wiedzę niezbędną do rozumienia społecznych, ekonomicznych, prawnych, psychologicznych i humanistycznych uwarunkowań działalności inżynierskiej. Zna i rozumie fundamentalne dylematy współczesnej cywilizacji.","Zarządzanie różnorodnością i inkluzją","PEU_W02","Identyfikuje potencjalne wymiary różnorodności w miejscu pracy (w organizacji), narzędzia zarządzania różnorodnością oraz zasady budowania i funkcjonowania zespołów w kontekście różnorodności, w tym bazujące na inkluzywnym przywództwie."
"K1_IZ_W19","Knowledge","Ma zaawansowaną wiedzę niezbędną do rozumienia społecznych, ekonomicznych, prawnych, psychologicznych i humanistycznych uwarunkowań działalności inżynierskiej. Zna i rozumie fundamentalne dylematy współczesnej cywilizacji.","Zarządzanie różnorodnością i inkluzją","PEU_W03","Opisuje i wyjaśnia pojęcie kultury organizacyjnej i jej funkcje w inkluzywnym miejscu pracy."
"K1_IZ_W19","Knowledge","Ma zaawansowaną wiedzę niezbędną do rozumienia społecznych, ekonomicznych, prawnych, psychologicznych i humanistycznych uwarunkowań działalności inżynierskiej. Zna i rozumie fundamentalne dylematy współczesnej cywilizacji.","Zarządzanie różnorodnością i inkluzją","PEU_W04","Wskazuje kluczowe środki i systemy komunikacji w organizacjach oraz cechy sprawnego procesu komunikacji w organizacji uwzględniając poznane wymiary różnorodności."
"K1_IZ_W20","Knowledge","Ma zaawansowaną wiedzę w zakresie ochrony własności intelektualnej i przemysłowej. Zna, rozumie i uzasadnia rolę ochrony własności intelektualnej w rozwoju nauki i gospodarki.","Własność intelektualna z elementami etyki","PEU_W01","Posiada wiedzę w zakresie pojęć i zasad prawa własności intelektualnej - w tym uregulowań prawnych poszczególnych przedmiotów tej własności obowiązujących w prawie krajowym europejskim i międzynarodowym. Identyfikuje i wyjaśnia problemy etyczne w zakresie twórczości intelektualnej."
"K1_IZ_W21","Knowledge","Ma zaawansowaną wiedzę w zakresie zasad, metodyk i technologii inżynierskich przydatnych do analizowania, modelowania i projektowania systemów i procesów będących obiektem zainteresowań inżynierii zarządzania, a w szczególności modelowania procesów biznesowych, inżynierii zarządzania projektem, narzędzi i technologii implementacji SIZ, zastosowania IT w biznesie.","Projektowanie analizatorów biznesowych","PEU_W01","Charakteryzuje główne podejścia w automatyzowaniu postępowania analityczno-decyzyjnego dla potrzeb biznesowych, wymienia narzędzia i dobiera je do postawionego zadania."
"K1_IZ_W21","Knowledge","Ma zaawansowaną wiedzę w zakresie zasad, metodyk i technologii inżynierskich przydatnych do analizowania, modelowania i projektowania systemów i procesów będących obiektem zainteresowań inżynierii zarządzania, a w szczególności modelowania procesów biznesowych, inżynierii zarządzania projektem, narzędzi i technologii implementacji SIZ, zastosowania IT w biznesie.","Projektowanie systemów zarządzania w organizacjach zorientowanych procesowo","PEU_W01","Identyfikuje wieloaspektowe zagadnienia projektowania systemów zarządzania obejmujące elementy teorii systemów oraz projektowanie w oparciu o wielokryterialną analizę potrzeb."
"K1_IZ_W21","Knowledge","Ma zaawansowaną wiedzę w zakresie zasad, metodyk i technologii inżynierskich przydatnych do analizowania, modelowania i projektowania systemów i procesów będących obiektem zainteresowań inżynierii zarządzania, a w szczególności modelowania procesów biznesowych, inżynierii zarządzania projektem, narzędzi i technologii implementacji SIZ, zastosowania IT w biznesie.","Projektowanie systemów zarządzania w organizacjach zorientowanych procesowo","PEU_W03","Wyjaśnia zasady modelowania procesów biznesowych przy użyciu BPMN oraz wymienia narzędzia i technologie implementacji SIZ oraz zastosowania IT wspierające funkcjonowanie organizacji zarządzanych procesowo."
"K1_IZ_W21","Knowledge","Ma zaawansowaną wiedzę w zakresie zasad, metodyk i technologii inżynierskich przydatnych do analizowania, modelowania i projektowania systemów i procesów będących obiektem zainteresowań inżynierii zarządzania, a w szczególności modelowania procesów biznesowych, inżynierii zarządzania projektem, narzędzi i technologii implementacji SIZ, zastosowania IT w biznesie.","Projektowanie systemów zarządzania w organizacjach zorientowanych projektowo","PEU_W01","Identyfikuje zagadnienia projektowania systemów zarządzania obejmujące elementy teorii systemów oraz projektowaniew oparciu o wielokryterialną analizę potrzeb."
"K1_IZ_W21","Knowledge","Ma zaawansowaną wiedzę w zakresie zasad, metodyk i technologii inżynierskich przydatnych do analizowania, modelowania i projektowania systemów i procesów będących obiektem zainteresowań inżynierii zarządzania, a w szczególności modelowania procesów biznesowych, inżynierii zarządzania projektem, narzędzi i technologii implementacji SIZ, zastosowania IT w biznesie.","Projektowanie systemów zarządzania w organizacjach zorientowanych projektowo","PEU_W03","Wyjaśnia zasady modelowania procesów biznesowych, inżynierii zarządzania projektem oraz wymienia narzędzia i technologie implementacji SIZ oraz zastosowania IT w biznesie."
"K1_IZ_W21","Knowledge","Ma zaawansowaną wiedzę w zakresie zasad, metodyk i technologii inżynierskich przydatnych do analizowania, modelowania i projektowania systemów i procesów będących obiektem zainteresowań inżynierii zarządzania, a w szczególności modelowania procesów biznesowych, inżynierii zarządzania projektem, narzędzi i technologii implementacji SIZ, zastosowania IT w biznesie.","Systemy informatyczne zarządzania","PEU_W02","Wskazuje i objaśnia działania, jakie należy podjąć w celu implementacji SIZ."
"K1_IZ_W22","Knowledge","Ma zaawansowaną wiedzę w zakresie przedsiębiorczości oraz identyfikuje przesłanki jej powstawania i rozwoju. Objaśnia pojęcie innowacji i rozróżnia ich rodzaje. Rozpoznaje cechy i uwarunkowania innowacyjności organizacji. Opisuje proces innowacyjny zachodzący w organizacji.","Innowacje i przedsiębiorczość inżynierska","PEU_W01","Porządkuje i objaśnia wiedzę dotyczącą działania przedsiębiorstwa w obszarze formułowania i implementacji innowacji (technicznej, technologicznej, społecznej, itd.) oraz przedsiębiorczości.Identyfikuje i wyjaśnia wiedzę dotyczącą czynników wspierających rozwój innowacji i budowania zdolności przedsiębiorczych inżyniera."
"K1_IZ_W22","Knowledge","Ma zaawansowaną wiedzę w zakresie przedsiębiorczości oraz identyfikuje przesłanki jej powstawania i rozwoju. Objaśnia pojęcie innowacji i rozróżnia ich rodzaje. Rozpoznaje cechy i uwarunkowania innowacyjności organizacji. Opisuje proces innowacyjny zachodzący w organizacji.","Podstawy inwentyki inżynierskiej","PEU_W02","Rozpoznaje metody generowania pomysłów i rozwiązywania problemów organizacyjnych."
"K1_IZ_W23","Knowledge","Ma zaawansowaną wiedzę w zakresie praw i zależności ekonomicznych w skali mikroekonomicznej i makroekonomicznej. Charakteryzuje główne teorie ekonomii. Zna cele i instytucje gospodarki rynkowej oraz ich funkcje.","Ekonomia","PEU_W01","Definiuje pojęcia, teorie, zjawiska i reguły ekonomiczne, charakteryzuje rynek, czynniki produkcji, określa warunki podejmowania racjonalnych decyzji przez podmioty rynkowe."
"K1_IZ_W23","Knowledge","Ma zaawansowaną wiedzę w zakresie praw i zależności ekonomicznych w skali mikroekonomicznej i makroekonomicznej. Charakteryzuje główne teorie ekonomii. Zna cele i instytucje gospodarki rynkowej oraz ich funkcje.","Ekonomia","PEU_W02","Identyfikuje i rozróżnia cele i instytucje gospodarki rynkowej oraz instrumenty polityki gospodarczej"
"K1_IZ_W23","Knowledge","Ma zaawansowaną wiedzę w zakresie praw i zależności ekonomicznych w skali mikroekonomicznej i makroekonomicznej. Charakteryzuje główne teorie ekonomii. Zna cele i instytucje gospodarki rynkowej oraz ich funkcje.","Regulacje działalności gospodarczej","PEU_W01","Charakteryzuje wybrane teorie regulacji i wyjaśnia jaki wpływ mają regulacje społeczne i ekonomiczne oraz instrumenty interwencjonizmu państwowego na poziomie krajowymna prowadzenie działalności gospodarczej."
"K1_IZ_W24","Knowledge","Ma zaawansowaną wiedzę w zakresie relacji międzyorganizacyjnych oraz interakcji organizacji z otoczeniem w kontekście uwarunkowań krajowych, międzynarodowych i międzykulturowych. Wyjaśnia i ilustruje wpływ oddziaływania otoczenia na działalność organizacji.","Organizacja i zarządzanie","PEU_W01","Opisuje cechy, elementy, typy i rodzaje organizacji, a także interakcje organizacji z otoczeniem."
"K1_IZ_W24","Knowledge","Ma zaawansowaną wiedzę w zakresie relacji międzyorganizacyjnych oraz interakcji organizacji z otoczeniem w kontekście uwarunkowań krajowych, międzynarodowych i międzykulturowych. Wyjaśnia i ilustruje wpływ oddziaływania otoczenia na działalność organizacji.","Organizacja i zarządzanie","PEU_W03","Identyfikuje typowe problemy zarządzania."
"K1_IZ_W24","Knowledge","Ma zaawansowaną wiedzę w zakresie relacji międzyorganizacyjnych oraz interakcji organizacji z otoczeniem w kontekście uwarunkowań krajowych, międzynarodowych i międzykulturowych. Wyjaśnia i ilustruje wpływ oddziaływania otoczenia na działalność organizacji.","Regulacje działalności gospodarczej","PEU_W02","Identyfikuje i objaśnia ekonomiczne uwarunkowania podejmowania i prowadzenia działalności gospodarczej na konkurencyjnym rynku."
"K1_IZ_W25","Knowledge","Ma zaawansowaną wiedzę w zakresie zachowań organizacyjnych i ich uwarunkowań. Zna zasady budowania i funkcjonowania zespołów oraz czynniki wpływające na ich sprawność. Opisuje pojęcie kultury organizacyjnej i jej znaczenie w zarządzaniu. Zna środki i systemy komunikacji w organizacjach oraz cechy sprawnego procesu komunikacji.","Efektywna praca w zespole","PEU_W01","Identyfikuje i objaśnia psychologiczne mechanizmy i procesy pracy zespołowej w organizacji."
"K1_IZ_W25","Knowledge","Ma zaawansowaną wiedzę w zakresie zachowań organizacyjnych i ich uwarunkowań. Zna zasady budowania i funkcjonowania zespołów oraz czynniki wpływające na ich sprawność. Opisuje pojęcie kultury organizacyjnej i jej znaczenie w zarządzaniu. Zna środki i systemy komunikacji w organizacjach oraz cechy sprawnego procesu komunikacji.","Komunikacja interpersonalna","PEU_W02","Rozpoznaje zachowania komunikacyjne i uwarunkowania ich skuteczności. Identyfikuje zależność funkcjonowania zespołów od determinant społecznych, a przede wszystkim związanych z procesem komunikacji interpersonalnej."
"K1_IZ_W25","Knowledge","Ma zaawansowaną wiedzę w zakresie zachowań organizacyjnych i ich uwarunkowań. Zna zasady budowania i funkcjonowania zespołów oraz czynniki wpływające na ich sprawność. Opisuje pojęcie kultury organizacyjnej i jej znaczenie w zarządzaniu. Zna środki i systemy komunikacji w organizacjach oraz cechy sprawnego procesu komunikacji.","Mediacje i elementy negocjacji","PEU_W02","Identyfikuje złożone mechanizmy działania i powstawania organizacji i zespołów zadaniowych. Przedstawia sposoby i style komunikacji oraz opisuje znaczenie komunikacji dla rozwiązywania konfliktów."
"K1_IZ_W25","Knowledge","Ma zaawansowaną wiedzę w zakresie zachowań organizacyjnych i ich uwarunkowań. Zna zasady budowania i funkcjonowania zespołów oraz czynniki wpływające na ich sprawność. Opisuje pojęcie kultury organizacyjnej i jej znaczenie w zarządzaniu. Zna środki i systemy komunikacji w organizacjach oraz cechy sprawnego procesu komunikacji.","Metody radzenia sobie ze stresem","PEU_W02","Przedstawia dostępne metody radzenia sobie w sytuacjach stresowych."
"K1_IZ_W25","Knowledge","Ma zaawansowaną wiedzę w zakresie zachowań organizacyjnych i ich uwarunkowań. Zna zasady budowania i funkcjonowania zespołów oraz czynniki wpływające na ich sprawność. Opisuje pojęcie kultury organizacyjnej i jej znaczenie w zarządzaniu. Zna środki i systemy komunikacji w organizacjach oraz cechy sprawnego procesu komunikacji.","Rozwijanie kompetencji menedżerskich","PEU_W01","Objaśnia prawidłowości zachowań organizacyjnych i ich uwarunkowania. Rozróżnia rolę różnych kompetencji menedżerskich dla efektywnego kierowania ludźmi i organizacjami.Identyfikuje zasady wykorzystania kompetencji menedżerskich w celu podnoszenia sprawności zespołów. Wyjaśnia znaczenie efektywnej komunikacji w różnych formach kierowania np. indywidualnej, grupowej, wirtualnej."
"K1_IZ_W25","Knowledge","Ma zaawansowaną wiedzę w zakresie zachowań organizacyjnych i ich uwarunkowań. Zna zasady budowania i funkcjonowania zespołów oraz czynniki wpływające na ich sprawność. Opisuje pojęcie kultury organizacyjnej i jej znaczenie w zarządzaniu. Zna środki i systemy komunikacji w organizacjach oraz cechy sprawnego procesu komunikacji.","Rozwijanie kompetencji poznawczych i decyzyjnych","PEU_W01","Rozpoznaje i określa prawidłowości procesów decyzyjnych człowieka."
"K1_IZ_W25","Knowledge","Ma zaawansowaną wiedzę w zakresie zachowań organizacyjnych i ich uwarunkowań. Zna zasady budowania i funkcjonowania zespołów oraz czynniki wpływające na ich sprawność. Opisuje pojęcie kultury organizacyjnej i jej znaczenie w zarządzaniu. Zna środki i systemy komunikacji w organizacjach oraz cechy sprawnego procesu komunikacji.","Rozwijanie kompetencji poznawczych i decyzyjnych","PEU_W02","Identyfikuje i objaśnia psychologiczne i społeczne uwarunkowania podejmowania decyzji."
"K1_IZ_W25","Knowledge","Ma zaawansowaną wiedzę w zakresie zachowań organizacyjnych i ich uwarunkowań. Zna zasady budowania i funkcjonowania zespołów oraz czynniki wpływające na ich sprawność. Opisuje pojęcie kultury organizacyjnej i jej znaczenie w zarządzaniu. Zna środki i systemy komunikacji w organizacjach oraz cechy sprawnego procesu komunikacji.","Rozwijanie kompetencji społecznych","PEU_W02","Objaśnia zasady budowania i funkcjonowania zespołów oraz psychologiczne czynniki wpływające na ich sprawność. Definiuje swoje mocne strony w działaniach zespołowych."
"K1_IZ_W25","Knowledge","Ma zaawansowaną wiedzę w zakresie zachowań organizacyjnych i ich uwarunkowań. Zna zasady budowania i funkcjonowania zespołów oraz czynniki wpływające na ich sprawność. Opisuje pojęcie kultury organizacyjnej i jej znaczenie w zarządzaniu. Zna środki i systemy komunikacji w organizacjach oraz cechy sprawnego procesu komunikacji.","Techniki prezentacji","PEU_W01","Objaśnia pojęcia i mechanizmy psychologiczne związane z komunikacją interpersonalną i autoprezentacją."
"K1_IZ_W25","Knowledge","Ma zaawansowaną wiedzę w zakresie zachowań organizacyjnych i ich uwarunkowań. Zna zasady budowania i funkcjonowania zespołów oraz czynniki wpływające na ich sprawność. Opisuje pojęcie kultury organizacyjnej i jej znaczenie w zarządzaniu. Zna środki i systemy komunikacji w organizacjach oraz cechy sprawnego procesu komunikacji.","Techniki prezentacji","PEU_W02","Identyfikuje techniki i narzędzia służące do prezentowania własnych i zespołowych rozwiązań i osiągnięć naukowych, technicznych i biznesowych."
"K1_IZ_W25","Knowledge","Ma zaawansowaną wiedzę w zakresie zachowań organizacyjnych i ich uwarunkowań. Zna zasady budowania i funkcjonowania zespołów oraz czynniki wpływające na ich sprawność. Opisuje pojęcie kultury organizacyjnej i jej znaczenie w zarządzaniu. Zna środki i systemy komunikacji w organizacjach oraz cechy sprawnego procesu komunikacji.","Zachowania organizacyjne","PEU_W01","Nazywa i objaśnia czynniki kształtujące zachowania jednostek, grup i zespołów w organizacji oraz rozpoznaje ich wpływna funkcjonowanie przedsiębiorstw."
"K1_IZ_W25","Knowledge","Ma zaawansowaną wiedzę w zakresie zachowań organizacyjnych i ich uwarunkowań. Zna zasady budowania i funkcjonowania zespołów oraz czynniki wpływające na ich sprawność. Opisuje pojęcie kultury organizacyjnej i jej znaczenie w zarządzaniu. Zna środki i systemy komunikacji w organizacjach oraz cechy sprawnego procesu komunikacji.","Zachowania organizacyjne","PEU_W02","Rozpoznaje i kategoryzuje mechanizmy zachowań organizacyjnych, kluczowe teorie i modele w tej dziedzinie oraz zasady kierowania zachowaniami nowoczesnych organizacjach."
"K1_IZ_W26","Knowledge","Ma zaawansowaną wiedzę w zakresie metod i technik diagnozowania oraz usprawniania działalności w poszczególnych obszarach funkcjonalnych organizacji oraz wybranych metodach badania otoczenia przedsiębiorstwa. Zna normy i standardy w poszczególnych obszarach funkcjonalnych.","Analiza ekonomiczna decyzji biznesowych","PEU_W01","Identyfikuje relacje między ekonomią a naukami społecznymii technicznymi, w tym nauką o zarządzaniu i jakości w kontekście działalności inżynierskiej."
"K1_IZ_W26","Knowledge","Ma zaawansowaną wiedzę w zakresie metod i technik diagnozowania oraz usprawniania działalności w poszczególnych obszarach funkcjonalnych organizacji oraz wybranych metodach badania otoczenia przedsiębiorstwa. Zna normy i standardy w poszczególnych obszarach funkcjonalnych.","Analiza ekonomiczna decyzji biznesowych","PEU_W02","Wymienia i charakteryzuje metody i techniki diagnozowania oraz usprawniania działalności w poszczególnych obszarach funkcjonalnych organizacji. Charakteryzuje normy i standardyw poszczególnych obszarach funkcjonalnych."
"K1_IZ_W26","Knowledge","Ma zaawansowaną wiedzę w zakresie metod i technik diagnozowania oraz usprawniania działalności w poszczególnych obszarach funkcjonalnych organizacji oraz wybranych metodach badania otoczenia przedsiębiorstwa. Zna normy i standardy w poszczególnych obszarach funkcjonalnych.","Marketing","PEU_W02","Identyfikuje metody i techniki zarządzania marketingiem w organizacji."
"K1_IZ_W26","Knowledge","Ma zaawansowaną wiedzę w zakresie metod i technik diagnozowania oraz usprawniania działalności w poszczególnych obszarach funkcjonalnych organizacji oraz wybranych metodach badania otoczenia przedsiębiorstwa. Zna normy i standardy w poszczególnych obszarach funkcjonalnych.","Marketing","PEU_W03","Objaśnia normy etyczne w marketingu."
"K1_IZ_W26","Knowledge","Ma zaawansowaną wiedzę w zakresie metod i technik diagnozowania oraz usprawniania działalności w poszczególnych obszarach funkcjonalnych organizacji oraz wybranych metodach badania otoczenia przedsiębiorstwa. Zna normy i standardy w poszczególnych obszarach funkcjonalnych.","Projektowanie systemów zarządzania w organizacjach zorientowanych procesowo","PEU_W02","Charakteryzuje zagadnienia skutecznego i efektywnego funkcjonowania organizacji zorientowanej procesowo, takie jak identyfikacja i modelowanie procesów, zarządzanie procesami, efektywność i optymalizacja procesów, role procesowe i szkolenia pracowników, orientacja na klienta, ciągłe doskonalenie, technologia i narzędzia wspierające, kultura organizacyjna zorientowana na procesy."
"K1_IZ_W26","Knowledge","Ma zaawansowaną wiedzę w zakresie metod i technik diagnozowania oraz usprawniania działalności w poszczególnych obszarach funkcjonalnych organizacji oraz wybranych metodach badania otoczenia przedsiębiorstwa. Zna normy i standardy w poszczególnych obszarach funkcjonalnych.","Projektowanie systemów zarządzania w organizacjach zorientowanych projektowo","PEU_W02","Charakteryzuje zagadnienia skutecznego i efektywnego funkcjonowania organizacji zorientowanej projektowo."
"K1_IZ_W26","Knowledge","Ma zaawansowaną wiedzę w zakresie metod i technik diagnozowania oraz usprawniania działalności w poszczególnych obszarach funkcjonalnych organizacji oraz wybranych metodach badania otoczenia przedsiębiorstwa. Zna normy i standardy w poszczególnych obszarach funkcjonalnych.","Rachunkowość i finanse dla inżynierów","PEU_W01","Charakteryzuje zasady i reguły funkcjonowania rachunkowości w przedsiębiorstwie."
"K1_IZ_W26","Knowledge","Ma zaawansowaną wiedzę w zakresie metod i technik diagnozowania oraz usprawniania działalności w poszczególnych obszarach funkcjonalnych organizacji oraz wybranych metodach badania otoczenia przedsiębiorstwa. Zna normy i standardy w poszczególnych obszarach funkcjonalnych.","Rachunkowość i finanse dla inżynierów","PEU_W02","Objaśnia kluczowe mechanizmy i narzędzia finansowe występujące w przedsiębiorstwie."
"K1_IZ_W26","Knowledge","Ma zaawansowaną wiedzę w zakresie metod i technik diagnozowania oraz usprawniania działalności w poszczególnych obszarach funkcjonalnych organizacji oraz wybranych metodach badania otoczenia przedsiębiorstwa. Zna normy i standardy w poszczególnych obszarach funkcjonalnych.","Studium wykonalności projektów infrastrukturalnych","PEU_W02","Identyfikuje etapy zarządzania projektem oraz planowania jego realizacji. Wyjaśnia elementy poszczególnych analiz, metodi narzędzi umożliwiających przeprowadzenie pełnej analizy celem opracowania studium wykonalności (np. metody efektywności społeczno-ekonomiczno-ekologicznej)."
"K1_IZ_W26","Knowledge","Ma zaawansowaną wiedzę w zakresie metod i technik diagnozowania oraz usprawniania działalności w poszczególnych obszarach funkcjonalnych organizacji oraz wybranych metodach badania otoczenia przedsiębiorstwa. Zna normy i standardy w poszczególnych obszarach funkcjonalnych.","Trening kierowniczy","PEU_W02","Identyfikuje przyczyny rozbieżności pomiędzy prognozowanym a faktycznym stanem w procesie podejmowania decyzji menedżerskich w dynamicznym środowisku."
"K1_IZ_W26","Knowledge","Ma zaawansowaną wiedzę w zakresie metod i technik diagnozowania oraz usprawniania działalności w poszczególnych obszarach funkcjonalnych organizacji oraz wybranych metodach badania otoczenia przedsiębiorstwa. Zna normy i standardy w poszczególnych obszarach funkcjonalnych.","Trening kierowniczy","PEU_W03","Rozróżnia wewnętrzne i zewnętrzne przyczyny niepowodzeń w procesie zarządzania symulowaną organizacją gospodarczą."
"K1_IZ_W26","Knowledge","Ma zaawansowaną wiedzę w zakresie metod i technik diagnozowania oraz usprawniania działalności w poszczególnych obszarach funkcjonalnych organizacji oraz wybranych metodach badania otoczenia przedsiębiorstwa. Zna normy i standardy w poszczególnych obszarach funkcjonalnych.","Zarządzanie jakością","PEU_W02","Opisuje normy i standardy zarządzania jakością."
"K1_IZ_W26","Knowledge","Ma zaawansowaną wiedzę w zakresie metod i technik diagnozowania oraz usprawniania działalności w poszczególnych obszarach funkcjonalnych organizacji oraz wybranych metodach badania otoczenia przedsiębiorstwa. Zna normy i standardy w poszczególnych obszarach funkcjonalnych.","Zarządzanie jakością","PEU_W03","Rozpoznaje i wyjaśnia wybrane instrumenty doskonalenia jakości."
"K1_IZ_W26","Knowledge","Ma zaawansowaną wiedzę w zakresie metod i technik diagnozowania oraz usprawniania działalności w poszczególnych obszarach funkcjonalnych organizacji oraz wybranych metodach badania otoczenia przedsiębiorstwa. Zna normy i standardy w poszczególnych obszarach funkcjonalnych.","Zarządzanie produkcją i logistyką","PEU_W02","Rozróżnia i przyporządkowuje właściwe metody podnoszenia efektywności zarządzania nakładami zasileniowymi, produkcyjnymi i obiektowymi w wewnętrznym łańcuchu dostaw."
"K1_IZ_W27","Knowledge","Ma zaawansowaną wiedzę w zakresie zarządzania zmianami w organizacji, wskazuje źródła oporu przeciwko zmianom i sposoby ich neutralizacji.","Mediacje i elementy negocjacji","PEU_W03","Definiuje złożone mechanizmy zarządzania zmianą i kryzysem w organizacjach oraz wskazuje sposoby ich rozwiązywania."
"K1_IZ_W27","Knowledge","Ma zaawansowaną wiedzę w zakresie zarządzania zmianami w organizacji, wskazuje źródła oporu przeciwko zmianom i sposoby ich neutralizacji.","Metody radzenia sobie ze stresem","PEU_W02","Przedstawia dostępne metody radzenia sobie w sytuacjach stresowych."
"K1_IZ_W27","Knowledge","Ma zaawansowaną wiedzę w zakresie zarządzania zmianami w organizacji, wskazuje źródła oporu przeciwko zmianom i sposoby ich neutralizacji.","Rozwijanie kompetencji menedżerskich","PEU_W01","Objaśnia prawidłowości zachowań organizacyjnych i ich uwarunkowania. Rozróżnia rolę różnych kompetencji menedżerskich dla efektywnego kierowania ludźmi i organizacjami.Identyfikuje zasady wykorzystania kompetencji menedżerskich w celu podnoszenia sprawności zespołów. Wyjaśnia znaczenie efektywnej komunikacji w różnych formach kierowania np. indywidualnej, grupowej, wirtualnej."
"K1_IZ_W27","Knowledge","Ma zaawansowaną wiedzę w zakresie zarządzania zmianami w organizacji, wskazuje źródła oporu przeciwko zmianom i sposoby ich neutralizacji.","Rozwijanie kompetencji poznawczych i decyzyjnych","PEU_W02","Identyfikuje i objaśnia psychologiczne i społeczne uwarunkowania podejmowania decyzji."
"K1_IZ_W27","Knowledge","Ma zaawansowaną wiedzę w zakresie zarządzania zmianami w organizacji, wskazuje źródła oporu przeciwko zmianom i sposoby ich neutralizacji.","Zachowania organizacyjne","PEU_W03","Rozpoznaje modele działania odnośnie do tworzenia i zmiany zachowań organizacyjnych i międzyorganizacyjnych."
"K1_IZ_W27","Knowledge","Ma zaawansowaną wiedzę w zakresie zarządzania zmianami w organizacji, wskazuje źródła oporu przeciwko zmianom i sposoby ich neutralizacji.","Zarządzanie zasobami ludzkimi","PEU_W03","Wyjaśnia metody diagnozowania i usprawniania procesu zarządzania zasobami ludzkimi. Charakteryzuje standardy postępowania oraz innowacyjne metody doskonalenia funkcji personalnej w poszczególnych obszarach zarządzania zasobami ludzkimi."
"K1_IZ_W28","Knowledge","Ma zaawansowaną wiedzę w zakresie typów, rodzajów i form organizacji, identyfikuje ich cele i inne elementy. Wyjaśnia kluczowe koncepcje teorii organizacji odnośnie ich powstawania, funkcjonowania, przekształcania i rozwoju.","Organizacja i zarządzanie","PEU_W01","Opisuje cechy, elementy, typy i rodzaje organizacji, a także interakcje organizacji z otoczeniem."
"K1_IZ_W28","Knowledge","Ma zaawansowaną wiedzę w zakresie typów, rodzajów i form organizacji, identyfikuje ich cele i inne elementy. Wyjaśnia kluczowe koncepcje teorii organizacji odnośnie ich powstawania, funkcjonowania, przekształcania i rozwoju.","Organizacja i zarządzanie","PEU_W03","Identyfikuje typowe problemy zarządzania."
"K1_IZ_W28","Knowledge","Ma zaawansowaną wiedzę w zakresie typów, rodzajów i form organizacji, identyfikuje ich cele i inne elementy. Wyjaśnia kluczowe koncepcje teorii organizacji odnośnie ich powstawania, funkcjonowania, przekształcania i rozwoju.","Regulacje działalności gospodarczej","PEU_W03","Dobiera formę organizacyjno-prawną do wybranej działalności gospodarczej oraz identyfikuje jej cele."
